-- 민호 추가 create user --
-- 기존 유저가 있으면 삭제하고 재생성하는 로직입니다 --
drop user bom cascade;
create user bom identified by bompw
default tablespace users
temporary tablespace temp;

grant resource, connect to bom;



--------------------------------------------------------
--  파일이 생성됨 - 화요일-4월-13-2021   
--------------------------------------------------------
--------------------------------------------------------
--  DDL for Sequence BRANCH_SEQ
--------------------------------------------------------

   CREATE SEQUENCE  "BOM"."BRANCH_SEQ"  MINVALUE 1 MAXVALUE 9999999999999999999999999999 INCREMENT BY 1 START WITH 81 CACHE 20 NOORDER  NOCYCLE ;
--------------------------------------------------------
--  DDL for Sequence CART_SEQ
--------------------------------------------------------

   CREATE SEQUENCE  "BOM"."CART_SEQ"  MINVALUE 1 MAXVALUE 9999999999999999999999999999 INCREMENT BY 1 START WITH 381 CACHE 20 NOORDER  NOCYCLE ;
--------------------------------------------------------
--  DDL for Sequence CHOICE_SEQ
--------------------------------------------------------

   CREATE SEQUENCE  "BOM"."CHOICE_SEQ"  MINVALUE 1 MAXVALUE 9999999999999999999999999999 INCREMENT BY 1 START WITH 301 CACHE 20 NOORDER  NOCYCLE ;
--------------------------------------------------------
--  DDL for Sequence COUPON_SEQ
--------------------------------------------------------

   CREATE SEQUENCE  "BOM"."COUPON_SEQ"  MINVALUE 1 MAXVALUE 9999999999999999999999999999 INCREMENT BY 1 START WITH 101 CACHE 20 NOORDER  NOCYCLE ;
--------------------------------------------------------
--  DDL for Sequence DELIVERY_INFO_SEQ
--------------------------------------------------------

   CREATE SEQUENCE  "BOM"."DELIVERY_INFO_SEQ"  MINVALUE 1 MAXVALUE 9999999999999999999999999999 INCREMENT BY 1 START WITH 121 CACHE 20 NOORDER  NOCYCLE ;
--------------------------------------------------------
--  DDL for Sequence ECOMMENT_SEQ
--------------------------------------------------------

   CREATE SEQUENCE  "BOM"."ECOMMENT_SEQ"  MINVALUE 1 MAXVALUE 9999999999999999999999999999 INCREMENT BY 1 START WITH 101 CACHE 20 NOORDER  NOCYCLE ;
--------------------------------------------------------
--  DDL for Sequence EVENT_SEQ
--------------------------------------------------------

   CREATE SEQUENCE  "BOM"."EVENT_SEQ"  MINVALUE 1 MAXVALUE 9999999999999999999999999999 INCREMENT BY 1 START WITH 81 CACHE 20 NOORDER  NOCYCLE ;
--------------------------------------------------------
--  DDL for Sequence FAQ_SEQ
--------------------------------------------------------

   CREATE SEQUENCE  "BOM"."FAQ_SEQ"  MINVALUE 1 MAXVALUE 9999999999999999999999999999 INCREMENT BY 1 START WITH 121 CACHE 20 NOORDER  NOCYCLE ;
--------------------------------------------------------
--  DDL for Sequence FCLASS_SEQ
--------------------------------------------------------

   CREATE SEQUENCE  "BOM"."FCLASS_SEQ"  MINVALUE 1 MAXVALUE 9999999999999999999999999999 INCREMENT BY 1 START WITH 161 CACHE 20 NOORDER  NOCYCLE ;
--------------------------------------------------------
--  DDL for Sequence FLOWER_SEQ
--------------------------------------------------------

   CREATE SEQUENCE  "BOM"."FLOWER_SEQ"  MINVALUE 1 MAXVALUE 9999999999999999999999999999 INCREMENT BY 1 START WITH 101 CACHE 20 NOORDER  NOCYCLE ;
--------------------------------------------------------
--  DDL for Sequence MYQ_SEQ
--------------------------------------------------------

   CREATE SEQUENCE  "BOM"."MYQ_SEQ"  MINVALUE 1 MAXVALUE 9999999999999999999999999999 INCREMENT BY 1 START WITH 101 CACHE 20 NOORDER  NOCYCLE ;
--------------------------------------------------------
--  DDL for Sequence OCLASS_SEQ
--------------------------------------------------------

   CREATE SEQUENCE  "BOM"."OCLASS_SEQ"  MINVALUE 1 MAXVALUE 9999999999999999999999999999 INCREMENT BY 1 START WITH 321 CACHE 20 NOORDER  NOCYCLE ;
--------------------------------------------------------
--  DDL for Sequence OITEM_SEQ
--------------------------------------------------------

   CREATE SEQUENCE  "BOM"."OITEM_SEQ"  MINVALUE 1 MAXVALUE 9999999999999999999999999999 INCREMENT BY 1 START WITH 281 CACHE 20 NOORDER  NOCYCLE ;
--------------------------------------------------------
--  DDL for Sequence ORDERS_SEQ
--------------------------------------------------------

   CREATE SEQUENCE  "BOM"."ORDERS_SEQ"  MINVALUE 1 MAXVALUE 9999999999999999999999999999 INCREMENT BY 1 START WITH 261 CACHE 20 NOORDER  NOCYCLE ;
--------------------------------------------------------
--  DDL for Sequence OSUBS_SEQ
--------------------------------------------------------

   CREATE SEQUENCE  "BOM"."OSUBS_SEQ"  MINVALUE 1 MAXVALUE 9999999999999999999999999999 INCREMENT BY 1 START WITH 1 CACHE 20 NOORDER  NOCYCLE ;
--------------------------------------------------------
--  DDL for Sequence PRODUCT_SEQ
--------------------------------------------------------

   CREATE SEQUENCE  "BOM"."PRODUCT_SEQ"  MINVALUE 1 MAXVALUE 9999999999999999999999999999 INCREMENT BY 1 START WITH 81 CACHE 20 NOORDER  NOCYCLE ;
--------------------------------------------------------
--  DDL for Sequence REVIEW_LIKE_SEQ
--------------------------------------------------------

   CREATE SEQUENCE  "BOM"."REVIEW_LIKE_SEQ"  MINVALUE 1 MAXVALUE 9999999999999999999999999999 INCREMENT BY 1 START WITH 266 NOCACHE  NOORDER  NOCYCLE ;
--------------------------------------------------------
--  DDL for Sequence REVIEW_SEQ
--------------------------------------------------------

   CREATE SEQUENCE  "BOM"."REVIEW_SEQ"  MINVALUE 1 MAXVALUE 9999999999999999999999999999 INCREMENT BY 1 START WITH 381 CACHE 20 NOORDER  NOCYCLE ;
--------------------------------------------------------
--  DDL for Sequence SCHEDULE_SEQ
--------------------------------------------------------

   CREATE SEQUENCE  "BOM"."SCHEDULE_SEQ"  MINVALUE 1 MAXVALUE 9999999999999999999999999999 INCREMENT BY 1 START WITH 281 CACHE 20 NOORDER  NOCYCLE ;
--------------------------------------------------------
--  DDL for Sequence SUBS_SEQ
--------------------------------------------------------

   CREATE SEQUENCE  "BOM"."SUBS_SEQ"  MINVALUE 1 MAXVALUE 9999999999999999999999999999 INCREMENT BY 1 START WITH 101 CACHE 20 NOORDER  NOCYCLE ;
--------------------------------------------------------
--  DDL for Table BANNER
--------------------------------------------------------

  CREATE TABLE "BOM"."BANNER" 
   (	"CATEGORY" VARCHAR2(50 BYTE), 
	"IMAGE" VARCHAR2(200 BYTE), 
	"TITLE" VARCHAR2(50 BYTE), 
	"CONTENT" VARCHAR2(100 BYTE)
   ) SEGMENT CREATION IMMEDIATE 
  PCTFREE 10 PCTUSED 40 INITRANS 1 MAXTRANS 255 NOCOMPRESS LOGGING
  STORAGE(INITIAL 65536 NEXT 1048576 MINEXTENTS 1 MAXEXTENTS 2147483645
  PCTINCREASE 0 FREELISTS 1 FREELIST GROUPS 1 BUFFER_POOL DEFAULT FLASH_CACHE DEFAULT CELL_FLASH_CACHE DEFAULT)
  TABLESPACE "USERS" ;

   COMMENT ON COLUMN "BOM"."BANNER"."CATEGORY" IS 'subs, flower, product, fclass';
   COMMENT ON COLUMN "BOM"."BANNER"."IMAGE" IS '이미지 주소';
   COMMENT ON COLUMN "BOM"."BANNER"."TITLE" IS '배너 타이틀';
   COMMENT ON COLUMN "BOM"."BANNER"."CONTENT" IS '배너 설명글';
--------------------------------------------------------
--  DDL for Table BRANCH
--------------------------------------------------------

  CREATE TABLE "BOM"."BRANCH" 
   (	"IDX" NUMBER, 
	"NAME" VARCHAR2(50 BYTE), 
	"COLOR" VARCHAR2(10 BYTE), 
	"ADDR" VARCHAR2(500 BYTE), 
	"MAP_IMAGE" VARCHAR2(500 BYTE)
   ) SEGMENT CREATION IMMEDIATE 
  PCTFREE 10 PCTUSED 40 INITRANS 1 MAXTRANS 255 NOCOMPRESS LOGGING
  STORAGE(INITIAL 65536 NEXT 1048576 MINEXTENTS 1 MAXEXTENTS 2147483645
  PCTINCREASE 0 FREELISTS 1 FREELIST GROUPS 1 BUFFER_POOL DEFAULT FLASH_CACHE DEFAULT CELL_FLASH_CACHE DEFAULT)
  TABLESPACE "USERS" ;

   COMMENT ON COLUMN "BOM"."BRANCH"."IDX" IS '지점 인덱스';
   COMMENT ON COLUMN "BOM"."BRANCH"."NAME" IS '지점명';
   COMMENT ON COLUMN "BOM"."BRANCH"."COLOR" IS '지점 색깔';
   COMMENT ON COLUMN "BOM"."BRANCH"."ADDR" IS '지점 주소';
   COMMENT ON COLUMN "BOM"."BRANCH"."MAP_IMAGE" IS '지도 이미지';
   COMMENT ON TABLE "BOM"."BRANCH"  IS '지점';
--------------------------------------------------------
--  DDL for Table CART
--------------------------------------------------------

  CREATE TABLE "BOM"."CART" 
   (	"IDX" NUMBER, 
	"MEMBER_ID" VARCHAR2(50 BYTE), 
	"CATEGORY" VARCHAR2(50 BYTE), 
	"SUBS_IDX" NUMBER, 
	"FLOWER_IDX" NUMBER, 
	"PRODUCT_IDX" NUMBER, 
	"QUANTITY" NUMBER, 
	"SUBS_MONTH" NUMBER, 
	"SUBS_START_DATE" DATE, 
	"LETTER" NUMBER DEFAULT 0, 
	"REQUEST_DATE" DATE
   ) SEGMENT CREATION IMMEDIATE 
  PCTFREE 10 PCTUSED 40 INITRANS 1 MAXTRANS 255 NOCOMPRESS LOGGING
  STORAGE(INITIAL 65536 NEXT 1048576 MINEXTENTS 1 MAXEXTENTS 2147483645
  PCTINCREASE 0 FREELISTS 1 FREELIST GROUPS 1 BUFFER_POOL DEFAULT FLASH_CACHE DEFAULT CELL_FLASH_CACHE DEFAULT)
  TABLESPACE "USERS" ;

   COMMENT ON COLUMN "BOM"."CART"."IDX" IS '카트 인덱스';
   COMMENT ON COLUMN "BOM"."CART"."MEMBER_ID" IS '주문자 아이디';
   COMMENT ON COLUMN "BOM"."CART"."CATEGORY" IS '꽃다발, 정기구독, 소품샵, 플라워클래스';
   COMMENT ON COLUMN "BOM"."CART"."SUBS_IDX" IS '정기구독 인덱스';
   COMMENT ON COLUMN "BOM"."CART"."FLOWER_IDX" IS '꽃다발 인덱스';
   COMMENT ON COLUMN "BOM"."CART"."PRODUCT_IDX" IS '소품샵 인덱스';
   COMMENT ON COLUMN "BOM"."CART"."QUANTITY" IS '상품 수량';
   COMMENT ON COLUMN "BOM"."CART"."SUBS_MONTH" IS '구독 기간';
   COMMENT ON COLUMN "BOM"."CART"."SUBS_START_DATE" IS '구독 시작 날짜';
   COMMENT ON COLUMN "BOM"."CART"."LETTER" IS '1이면 편지 추가';
   COMMENT ON COLUMN "BOM"."CART"."REQUEST_DATE" IS '수령 요청일';
   COMMENT ON TABLE "BOM"."CART"  IS '장바구니';
--------------------------------------------------------
--  DDL for Table CHOICE
--------------------------------------------------------

  CREATE TABLE "BOM"."CHOICE" 
   (	"IDX" NUMBER, 
	"PRODUCT_IDX" NUMBER, 
	"CART_IDX" NUMBER, 
	"QUANTITY" NUMBER DEFAULT 1
   ) SEGMENT CREATION IMMEDIATE 
  PCTFREE 10 PCTUSED 40 INITRANS 1 MAXTRANS 255 NOCOMPRESS LOGGING
  STORAGE(INITIAL 65536 NEXT 1048576 MINEXTENTS 1 MAXEXTENTS 2147483645
  PCTINCREASE 0 FREELISTS 1 FREELIST GROUPS 1 BUFFER_POOL DEFAULT FLASH_CACHE DEFAULT CELL_FLASH_CACHE DEFAULT)
  TABLESPACE "USERS" ;

   COMMENT ON COLUMN "BOM"."CHOICE"."IDX" IS '추가상품 인덱스';
   COMMENT ON COLUMN "BOM"."CHOICE"."PRODUCT_IDX" IS '소품샵 인덱스';
   COMMENT ON COLUMN "BOM"."CHOICE"."CART_IDX" IS '장바구니 인덱스';
   COMMENT ON COLUMN "BOM"."CHOICE"."QUANTITY" IS '수량';
   COMMENT ON TABLE "BOM"."CHOICE"  IS '추가 상품 테이블';
--------------------------------------------------------
--  DDL for Table COUPON
--------------------------------------------------------

  CREATE TABLE "BOM"."COUPON" 
   (	"IDX" NUMBER, 
	"NAME" VARCHAR2(100 BYTE), 
	"MEMBER_ID" VARCHAR2(50 BYTE), 
	"STATUS" NUMBER DEFAULT 0, 
	"POINT" NUMBER, 
	"CDATE" DATE DEFAULT SYSDATE
   ) SEGMENT CREATION IMMEDIATE 
  PCTFREE 10 PCTUSED 40 INITRANS 1 MAXTRANS 255 NOCOMPRESS LOGGING
  STORAGE(INITIAL 65536 NEXT 1048576 MINEXTENTS 1 MAXEXTENTS 2147483645
  PCTINCREASE 0 FREELISTS 1 FREELIST GROUPS 1 BUFFER_POOL DEFAULT FLASH_CACHE DEFAULT CELL_FLASH_CACHE DEFAULT)
  TABLESPACE "USERS" ;

   COMMENT ON COLUMN "BOM"."COUPON"."IDX" IS '인덱스 번호';
   COMMENT ON COLUMN "BOM"."COUPON"."NAME" IS '쿠폰명';
   COMMENT ON COLUMN "BOM"."COUPON"."MEMBER_ID" IS '쿠폰을 지급할 회원 아이디';
   COMMENT ON COLUMN "BOM"."COUPON"."STATUS" IS '0이면 미사용, 1이면 사용';
   COMMENT ON COLUMN "BOM"."COUPON"."POINT" IS '쿠폰 포인트';
   COMMENT ON COLUMN "BOM"."COUPON"."CDATE" IS '인덱스 걸어놓기';
   COMMENT ON TABLE "BOM"."COUPON"  IS '회원에게 지급될 포인트 쿠폰';
--------------------------------------------------------
--  DDL for Table DELIVERY_INFO
--------------------------------------------------------

  CREATE TABLE "BOM"."DELIVERY_INFO" 
   (	"IDX" NUMBER, 
	"MEMBER_ID" VARCHAR2(50 BYTE), 
	"RECEIVER_NAME" VARCHAR2(100 BYTE), 
	"RECEIVER_PHONE" VARCHAR2(20 BYTE), 
	"RECEIVER_ZIPCODE" VARCHAR2(20 BYTE), 
	"RECEIVER_ADDR_BASE" VARCHAR2(200 BYTE), 
	"RECEIVER_ADDR_DETAIL" VARCHAR2(200 BYTE), 
	"RECEIVER_ADDR_EXTRA" VARCHAR2(200 BYTE)
   ) SEGMENT CREATION IMMEDIATE 
  PCTFREE 10 PCTUSED 40 INITRANS 1 MAXTRANS 255 NOCOMPRESS LOGGING
  STORAGE(INITIAL 65536 NEXT 1048576 MINEXTENTS 1 MAXEXTENTS 2147483645
  PCTINCREASE 0 FREELISTS 1 FREELIST GROUPS 1 BUFFER_POOL DEFAULT FLASH_CACHE DEFAULT CELL_FLASH_CACHE DEFAULT)
  TABLESPACE "USERS" ;

   COMMENT ON COLUMN "BOM"."DELIVERY_INFO"."IDX" IS '배송지 번호';
   COMMENT ON COLUMN "BOM"."DELIVERY_INFO"."MEMBER_ID" IS '주문자 아이디';
   COMMENT ON COLUMN "BOM"."DELIVERY_INFO"."RECEIVER_NAME" IS '수령인명';
   COMMENT ON COLUMN "BOM"."DELIVERY_INFO"."RECEIVER_PHONE" IS '수령인 전화번호';
   COMMENT ON COLUMN "BOM"."DELIVERY_INFO"."RECEIVER_ZIPCODE" IS '수령인 우편번호';
   COMMENT ON COLUMN "BOM"."DELIVERY_INFO"."RECEIVER_ADDR_BASE" IS '수령인 주소 (기본)';
   COMMENT ON COLUMN "BOM"."DELIVERY_INFO"."RECEIVER_ADDR_DETAIL" IS '수령인 주소 (상세)';
   COMMENT ON COLUMN "BOM"."DELIVERY_INFO"."RECEIVER_ADDR_EXTRA" IS '수령인 주소 (참고)';
   COMMENT ON TABLE "BOM"."DELIVERY_INFO"  IS '배송지 목록';
--------------------------------------------------------
--  DDL for Table ECOMMENT
--------------------------------------------------------

  CREATE TABLE "BOM"."ECOMMENT" 
   (	"IDX" NUMBER, 
	"MEMBER_ID" VARCHAR2(50 BYTE), 
	"IMAGE" VARCHAR2(500 BYTE), 
	"CONTENT" CLOB, 
	"REG_DATE" DATE DEFAULT SYSDATE, 
	"REPORT" NUMBER DEFAULT 0, 
	"EVENT_IDX" NUMBER
   ) SEGMENT CREATION IMMEDIATE 
  PCTFREE 10 PCTUSED 40 INITRANS 1 MAXTRANS 255 NOCOMPRESS LOGGING
  STORAGE(INITIAL 65536 NEXT 1048576 MINEXTENTS 1 MAXEXTENTS 2147483645
  PCTINCREASE 0 FREELISTS 1 FREELIST GROUPS 1 BUFFER_POOL DEFAULT FLASH_CACHE DEFAULT CELL_FLASH_CACHE DEFAULT)
  TABLESPACE "USERS" 
 LOB ("CONTENT") STORE AS BASICFILE (
  TABLESPACE "USERS" ENABLE STORAGE IN ROW CHUNK 8192 RETENTION 
  NOCACHE LOGGING 
  STORAGE(INITIAL 65536 NEXT 1048576 MINEXTENTS 1 MAXEXTENTS 2147483645
  PCTINCREASE 0 FREELISTS 1 FREELIST GROUPS 1 BUFFER_POOL DEFAULT FLASH_CACHE DEFAULT CELL_FLASH_CACHE DEFAULT)) ;

   COMMENT ON COLUMN "BOM"."ECOMMENT"."IDX" IS '이벤트 댓글 인덱스';
   COMMENT ON COLUMN "BOM"."ECOMMENT"."MEMBER_ID" IS '회원 아이디';
   COMMENT ON COLUMN "BOM"."ECOMMENT"."IMAGE" IS '댓글 이미지';
   COMMENT ON COLUMN "BOM"."ECOMMENT"."CONTENT" IS '댓글 내용';
   COMMENT ON COLUMN "BOM"."ECOMMENT"."REG_DATE" IS '댓글 등록일';
   COMMENT ON COLUMN "BOM"."ECOMMENT"."REPORT" IS '댓글 신고 수';
   COMMENT ON COLUMN "BOM"."ECOMMENT"."EVENT_IDX" IS '해당 이벤트 인덱스';
   COMMENT ON TABLE "BOM"."ECOMMENT"  IS '이벤트 게시판에 달릴 댓글 테이블';
--------------------------------------------------------
--  DDL for Table EVENT
--------------------------------------------------------

  CREATE TABLE "BOM"."EVENT" 
   (	"IDX" NUMBER, 
	"THUMB" VARCHAR2(500 BYTE), 
	"NAME" VARCHAR2(100 BYTE), 
	"IMAGE1" VARCHAR2(500 BYTE), 
	"IMAGE2" VARCHAR2(500 BYTE), 
	"CONTENT" CLOB, 
	"START_DATE" DATE, 
	"END_DATE" DATE
   ) SEGMENT CREATION IMMEDIATE 
  PCTFREE 10 PCTUSED 40 INITRANS 1 MAXTRANS 255 NOCOMPRESS LOGGING
  STORAGE(INITIAL 65536 NEXT 1048576 MINEXTENTS 1 MAXEXTENTS 2147483645
  PCTINCREASE 0 FREELISTS 1 FREELIST GROUPS 1 BUFFER_POOL DEFAULT FLASH_CACHE DEFAULT CELL_FLASH_CACHE DEFAULT)
  TABLESPACE "USERS" 
 LOB ("CONTENT") STORE AS BASICFILE (
  TABLESPACE "USERS" ENABLE STORAGE IN ROW CHUNK 8192 RETENTION 
  NOCACHE LOGGING 
  STORAGE(INITIAL 65536 NEXT 1048576 MINEXTENTS 1 MAXEXTENTS 2147483645
  PCTINCREASE 0 FREELISTS 1 FREELIST GROUPS 1 BUFFER_POOL DEFAULT FLASH_CACHE DEFAULT CELL_FLASH_CACHE DEFAULT)) ;

   COMMENT ON COLUMN "BOM"."EVENT"."IDX" IS '인덱스';
   COMMENT ON COLUMN "BOM"."EVENT"."THUMB" IS '썸네일 이미지';
   COMMENT ON COLUMN "BOM"."EVENT"."NAME" IS '이벤트명';
   COMMENT ON COLUMN "BOM"."EVENT"."IMAGE1" IS '상세페이지 이미지1';
   COMMENT ON COLUMN "BOM"."EVENT"."IMAGE2" IS '상세페이지 이미지2';
   COMMENT ON COLUMN "BOM"."EVENT"."CONTENT" IS '상세페이지 내용';
   COMMENT ON COLUMN "BOM"."EVENT"."START_DATE" IS '이벤트 시작일';
   COMMENT ON COLUMN "BOM"."EVENT"."END_DATE" IS '이벤트 종료일';
   COMMENT ON TABLE "BOM"."EVENT"  IS '이벤트';
--------------------------------------------------------
--  DDL for Table FAQ
--------------------------------------------------------

  CREATE TABLE "BOM"."FAQ" 
   (	"IDX" NUMBER, 
	"CATEGORY" VARCHAR2(50 BYTE), 
	"QUESTION" VARCHAR2(1000 BYTE), 
	"ANSWER" CLOB
   ) SEGMENT CREATION IMMEDIATE 
  PCTFREE 10 PCTUSED 40 INITRANS 1 MAXTRANS 255 NOCOMPRESS LOGGING
  STORAGE(INITIAL 65536 NEXT 1048576 MINEXTENTS 1 MAXEXTENTS 2147483645
  PCTINCREASE 0 FREELISTS 1 FREELIST GROUPS 1 BUFFER_POOL DEFAULT FLASH_CACHE DEFAULT CELL_FLASH_CACHE DEFAULT)
  TABLESPACE "USERS" 
 LOB ("ANSWER") STORE AS BASICFILE (
  TABLESPACE "USERS" ENABLE STORAGE IN ROW CHUNK 8192 RETENTION 
  NOCACHE LOGGING 
  STORAGE(INITIAL 65536 NEXT 1048576 MINEXTENTS 1 MAXEXTENTS 2147483645
  PCTINCREASE 0 FREELISTS 1 FREELIST GROUPS 1 BUFFER_POOL DEFAULT FLASH_CACHE DEFAULT CELL_FLASH_CACHE DEFAULT)) ;

   COMMENT ON COLUMN "BOM"."FAQ"."IDX" IS '인덱스';
   COMMENT ON COLUMN "BOM"."FAQ"."CATEGORY" IS '질문 카테고리';
   COMMENT ON COLUMN "BOM"."FAQ"."QUESTION" IS '질문';
   COMMENT ON COLUMN "BOM"."FAQ"."ANSWER" IS '답안';
   COMMENT ON TABLE "BOM"."FAQ"  IS '자주 묻는 질문';
--------------------------------------------------------
--  DDL for Table FCB
--------------------------------------------------------

  CREATE TABLE "BOM"."FCB" 
   (	"FCLASS_IDX" NUMBER, 
	"BRANCH_IDX" NUMBER
   ) SEGMENT CREATION IMMEDIATE 
  PCTFREE 10 PCTUSED 40 INITRANS 1 MAXTRANS 255 NOCOMPRESS LOGGING
  STORAGE(INITIAL 65536 NEXT 1048576 MINEXTENTS 1 MAXEXTENTS 2147483645
  PCTINCREASE 0 FREELISTS 1 FREELIST GROUPS 1 BUFFER_POOL DEFAULT FLASH_CACHE DEFAULT CELL_FLASH_CACHE DEFAULT)
  TABLESPACE "USERS" ;
--------------------------------------------------------
--  DDL for Table FCLASS
--------------------------------------------------------

  CREATE TABLE "BOM"."FCLASS" 
   (	"IDX" NUMBER, 
	"CATEGORY" VARCHAR2(100 BYTE), 
	"NAME" VARCHAR2(100 BYTE), 
	"SUBHEADER" VARCHAR2(200 BYTE), 
	"PRICE" NUMBER, 
	"DISCOUNT_RATE" NUMBER, 
	"IMAGE1" VARCHAR2(500 BYTE), 
	"IMAGE2" VARCHAR2(500 BYTE), 
	"IMAGE3" VARCHAR2(500 BYTE), 
	"CONTENT" CLOB, 
	"COUNT" NUMBER DEFAULT 1
   ) SEGMENT CREATION IMMEDIATE 
  PCTFREE 10 PCTUSED 40 INITRANS 1 MAXTRANS 255 NOCOMPRESS LOGGING
  STORAGE(INITIAL 65536 NEXT 1048576 MINEXTENTS 1 MAXEXTENTS 2147483645
  PCTINCREASE 0 FREELISTS 1 FREELIST GROUPS 1 BUFFER_POOL DEFAULT FLASH_CACHE DEFAULT CELL_FLASH_CACHE DEFAULT)
  TABLESPACE "USERS" 
 LOB ("CONTENT") STORE AS BASICFILE (
  TABLESPACE "USERS" ENABLE STORAGE IN ROW CHUNK 8192 RETENTION 
  NOCACHE LOGGING 
  STORAGE(INITIAL 65536 NEXT 1048576 MINEXTENTS 1 MAXEXTENTS 2147483645
  PCTINCREASE 0 FREELISTS 1 FREELIST GROUPS 1 BUFFER_POOL DEFAULT FLASH_CACHE DEFAULT CELL_FLASH_CACHE DEFAULT)) ;

   COMMENT ON COLUMN "BOM"."FCLASS"."IDX" IS '클래스 인덱스';
   COMMENT ON COLUMN "BOM"."FCLASS"."CATEGORY" IS '원데이, 플로리스트';
   COMMENT ON COLUMN "BOM"."FCLASS"."NAME" IS '클래스명';
   COMMENT ON COLUMN "BOM"."FCLASS"."SUBHEADER" IS '한줄 설명';
   COMMENT ON COLUMN "BOM"."FCLASS"."PRICE" IS '수강료';
   COMMENT ON COLUMN "BOM"."FCLASS"."DISCOUNT_RATE" IS '할인율';
   COMMENT ON COLUMN "BOM"."FCLASS"."IMAGE1" IS '클래스 이미지1';
   COMMENT ON COLUMN "BOM"."FCLASS"."IMAGE2" IS '클래스 이미지2';
   COMMENT ON COLUMN "BOM"."FCLASS"."IMAGE3" IS '클래스 이미지3';
   COMMENT ON COLUMN "BOM"."FCLASS"."CONTENT" IS '상세페이지 내용';
   COMMENT ON COLUMN "BOM"."FCLASS"."COUNT" IS '총 수업 횟수';
   COMMENT ON TABLE "BOM"."FCLASS"  IS '플라워 클래스';
--------------------------------------------------------
--  DDL for Table FLOWER
--------------------------------------------------------

  CREATE TABLE "BOM"."FLOWER" 
   (	"IDX" NUMBER, 
	"NAME" VARCHAR2(100 BYTE), 
	"SUBHEADER" VARCHAR2(200 BYTE), 
	"PRICE" NUMBER, 
	"FSIZE" VARCHAR2(10 BYTE), 
	"DISCOUNT_RATE" NUMBER, 
	"IMAGE1" VARCHAR2(500 BYTE), 
	"IMAGE2" VARCHAR2(500 BYTE), 
	"IMAGE3" VARCHAR2(500 BYTE), 
	"CONTENT" CLOB, 
	"DEL_STATUS" VARCHAR2(10 BYTE), 
	"FREE_DELIVERY" NUMBER DEFAULT 0
   ) SEGMENT CREATION IMMEDIATE 
  PCTFREE 10 PCTUSED 40 INITRANS 1 MAXTRANS 255 NOCOMPRESS LOGGING
  STORAGE(INITIAL 65536 NEXT 1048576 MINEXTENTS 1 MAXEXTENTS 2147483645
  PCTINCREASE 0 FREELISTS 1 FREELIST GROUPS 1 BUFFER_POOL DEFAULT FLASH_CACHE DEFAULT CELL_FLASH_CACHE DEFAULT)
  TABLESPACE "USERS" 
 LOB ("CONTENT") STORE AS BASICFILE (
  TABLESPACE "USERS" ENABLE STORAGE IN ROW CHUNK 8192 RETENTION 
  NOCACHE LOGGING 
  STORAGE(INITIAL 65536 NEXT 1048576 MINEXTENTS 1 MAXEXTENTS 2147483645
  PCTINCREASE 0 FREELISTS 1 FREELIST GROUPS 1 BUFFER_POOL DEFAULT FLASH_CACHE DEFAULT CELL_FLASH_CACHE DEFAULT)) ;

   COMMENT ON COLUMN "BOM"."FLOWER"."IDX" IS '꽃다발 인덱스';
   COMMENT ON COLUMN "BOM"."FLOWER"."NAME" IS '상품명';
   COMMENT ON COLUMN "BOM"."FLOWER"."SUBHEADER" IS '한줄 설명';
   COMMENT ON COLUMN "BOM"."FLOWER"."PRICE" IS '가격';
   COMMENT ON COLUMN "BOM"."FLOWER"."FSIZE" IS '사이즈';
   COMMENT ON COLUMN "BOM"."FLOWER"."DISCOUNT_RATE" IS '할인율';
   COMMENT ON COLUMN "BOM"."FLOWER"."IMAGE1" IS '상품 이미지1';
   COMMENT ON COLUMN "BOM"."FLOWER"."IMAGE2" IS '상품 이미지2';
   COMMENT ON COLUMN "BOM"."FLOWER"."IMAGE3" IS '상품 이미지3';
   COMMENT ON COLUMN "BOM"."FLOWER"."CONTENT" IS '상세페이지 내용';
   COMMENT ON COLUMN "BOM"."FLOWER"."DEL_STATUS" IS '삭제되면 DEL, 아니면 null';
   COMMENT ON COLUMN "BOM"."FLOWER"."FREE_DELIVERY" IS '0이면 무료배송 아님, 1이면 무료배송';
   COMMENT ON TABLE "BOM"."FLOWER"  IS '꽃다발';
--------------------------------------------------------
--  DDL for Table MAIN
--------------------------------------------------------

  CREATE TABLE "BOM"."MAIN" 
   (	"FCLASS_IDX_BIG" NUMBER, 
	"FCLASS_IDX_SMALL" NUMBER
   ) SEGMENT CREATION IMMEDIATE 
  PCTFREE 10 PCTUSED 40 INITRANS 1 MAXTRANS 255 NOCOMPRESS LOGGING
  STORAGE(INITIAL 65536 NEXT 1048576 MINEXTENTS 1 MAXEXTENTS 2147483645
  PCTINCREASE 0 FREELISTS 1 FREELIST GROUPS 1 BUFFER_POOL DEFAULT FLASH_CACHE DEFAULT CELL_FLASH_CACHE DEFAULT)
  TABLESPACE "USERS" ;

   COMMENT ON TABLE "BOM"."MAIN"  IS '메인 관리화면';
--------------------------------------------------------
--  DDL for Table MAIN_IMAGE
--------------------------------------------------------

  CREATE TABLE "BOM"."MAIN_IMAGE" 
   (	"IDX" NUMBER, 
	"PATH" VARCHAR2(500 BYTE), 
	"LINK" VARCHAR2(500 BYTE)
   ) SEGMENT CREATION IMMEDIATE 
  PCTFREE 10 PCTUSED 40 INITRANS 1 MAXTRANS 255 NOCOMPRESS LOGGING
  STORAGE(INITIAL 65536 NEXT 1048576 MINEXTENTS 1 MAXEXTENTS 2147483645
  PCTINCREASE 0 FREELISTS 1 FREELIST GROUPS 1 BUFFER_POOL DEFAULT FLASH_CACHE DEFAULT CELL_FLASH_CACHE DEFAULT)
  TABLESPACE "USERS" ;
--------------------------------------------------------
--  DDL for Table MEMBER
--------------------------------------------------------

  CREATE TABLE "BOM"."MEMBER" 
   (	"ID" VARCHAR2(50 BYTE), 
	"PW" VARCHAR2(50 BYTE), 
	"NAME" VARCHAR2(20 BYTE), 
	"BIRTH" DATE, 
	"GENDER" VARCHAR2(10 BYTE), 
	"PHONE" VARCHAR2(20 BYTE), 
	"GRADE" VARCHAR2(20 BYTE) DEFAULT '데이지', 
	"POINT" NUMBER DEFAULT 1000, 
	"QUIT_STATUS" NUMBER DEFAULT 0
   ) SEGMENT CREATION IMMEDIATE 
  PCTFREE 10 PCTUSED 40 INITRANS 1 MAXTRANS 255 NOCOMPRESS LOGGING
  STORAGE(INITIAL 65536 NEXT 1048576 MINEXTENTS 1 MAXEXTENTS 2147483645
  PCTINCREASE 0 FREELISTS 1 FREELIST GROUPS 1 BUFFER_POOL DEFAULT FLASH_CACHE DEFAULT CELL_FLASH_CACHE DEFAULT)
  TABLESPACE "USERS" ;

   COMMENT ON COLUMN "BOM"."MEMBER"."ID" IS '아이디(이메일주소)';
   COMMENT ON COLUMN "BOM"."MEMBER"."PW" IS '비밀번호';
   COMMENT ON COLUMN "BOM"."MEMBER"."NAME" IS '이름';
   COMMENT ON COLUMN "BOM"."MEMBER"."BIRTH" IS '생년월일';
   COMMENT ON COLUMN "BOM"."MEMBER"."GENDER" IS '성별';
   COMMENT ON COLUMN "BOM"."MEMBER"."PHONE" IS '핸드폰 번호';
   COMMENT ON COLUMN "BOM"."MEMBER"."GRADE" IS '회원 등급';
   COMMENT ON COLUMN "BOM"."MEMBER"."POINT" IS '포인트';
   COMMENT ON COLUMN "BOM"."MEMBER"."QUIT_STATUS" IS '0이면 가입, 1이면 탈퇴';
   COMMENT ON TABLE "BOM"."MEMBER"  IS '회원';
--------------------------------------------------------
--  DDL for Table MYQ
--------------------------------------------------------

  CREATE TABLE "BOM"."MYQ" 
   (	"IDX" NUMBER, 
	"NAME" VARCHAR2(100 BYTE), 
	"CONTENT" CLOB, 
	"IMAGE" VARCHAR2(500 BYTE), 
	"MEMBER_ID" VARCHAR2(50 BYTE), 
	"EMAIL_SEND" NUMBER DEFAULT 0, 
	"ANSWER" CLOB, 
	"QUESTION_DATE" DATE, 
	"ANSWER_DATE" DATE, 
	"ANSWER_TITLE" VARCHAR2(300 BYTE)
   ) SEGMENT CREATION IMMEDIATE 
  PCTFREE 10 PCTUSED 40 INITRANS 1 MAXTRANS 255 NOCOMPRESS LOGGING
  STORAGE(INITIAL 65536 NEXT 1048576 MINEXTENTS 1 MAXEXTENTS 2147483645
  PCTINCREASE 0 FREELISTS 1 FREELIST GROUPS 1 BUFFER_POOL DEFAULT FLASH_CACHE DEFAULT CELL_FLASH_CACHE DEFAULT)
  TABLESPACE "USERS" 
 LOB ("CONTENT") STORE AS BASICFILE (
  TABLESPACE "USERS" ENABLE STORAGE IN ROW CHUNK 8192 RETENTION 
  NOCACHE LOGGING 
  STORAGE(INITIAL 65536 NEXT 1048576 MINEXTENTS 1 MAXEXTENTS 2147483645
  PCTINCREASE 0 FREELISTS 1 FREELIST GROUPS 1 BUFFER_POOL DEFAULT FLASH_CACHE DEFAULT CELL_FLASH_CACHE DEFAULT)) 
 LOB ("ANSWER") STORE AS BASICFILE (
  TABLESPACE "USERS" ENABLE STORAGE IN ROW CHUNK 8192 RETENTION 
  NOCACHE LOGGING 
  STORAGE(INITIAL 65536 NEXT 1048576 MINEXTENTS 1 MAXEXTENTS 2147483645
  PCTINCREASE 0 FREELISTS 1 FREELIST GROUPS 1 BUFFER_POOL DEFAULT FLASH_CACHE DEFAULT CELL_FLASH_CACHE DEFAULT)) ;

   COMMENT ON COLUMN "BOM"."MYQ"."IDX" IS '일대일문의 인덱스';
   COMMENT ON COLUMN "BOM"."MYQ"."NAME" IS '문의글 제목';
   COMMENT ON COLUMN "BOM"."MYQ"."CONTENT" IS '문의글 내용';
   COMMENT ON COLUMN "BOM"."MYQ"."IMAGE" IS '첨부 이미지';
   COMMENT ON COLUMN "BOM"."MYQ"."MEMBER_ID" IS '질문한 회원 아이디';
   COMMENT ON COLUMN "BOM"."MYQ"."EMAIL_SEND" IS '0이 안보냄, 1이 보냄';
   COMMENT ON COLUMN "BOM"."MYQ"."ANSWER" IS 'null이면 미답변, not null이면 답변완료';
   COMMENT ON TABLE "BOM"."MYQ"  IS '나의 문의 (일대일 문의)';
--------------------------------------------------------
--  DDL for Table OCLASS
--------------------------------------------------------

  CREATE TABLE "BOM"."OCLASS" 
   (	"IDX" NUMBER, 
	"MEMBER_ID" VARCHAR2(50 BYTE), 
	"REG_COUNT" NUMBER, 
	"PAY_TYPE" VARCHAR2(50 BYTE), 
	"PAY_TOTAL" NUMBER, 
	"PAY_DATE" DATE, 
	"DISCOUNT_GRADE" NUMBER, 
	"DISCOUNT_POINT" NUMBER, 
	"FCLASS_NAME" VARCHAR2(100 BYTE), 
	"BRANCH_NAME" VARCHAR2(50 BYTE), 
	"BRANCH_ADDR" VARCHAR2(500 BYTE), 
	"FCLASS_IMAGE" VARCHAR2(500 BYTE), 
	"SCHEDULE_DATE" DATE, 
	"SCHEDULE_START_TIME" VARCHAR2(20 BYTE), 
	"SCHEDULE_END_TIME" VARCHAR2(20 BYTE), 
	"FCLASS_COUNT" NUMBER DEFAULT 1, 
	"STATUS" VARCHAR2(20 BYTE), 
	"REVIEW_CHECK" NUMBER DEFAULT 0, 
	"DISCOUNT_TOTAL_PRICE" NUMBER, 
	"FCLASS_IDX" NUMBER, 
	"SCHEDULE_IDX" NUMBER, 
	"ORDER_DATE" DATE DEFAULT SYSDATE, 
	"REVIEW_IDX" NUMBER
   ) SEGMENT CREATION IMMEDIATE 
  PCTFREE 10 PCTUSED 40 INITRANS 1 MAXTRANS 255 NOCOMPRESS LOGGING
  STORAGE(INITIAL 65536 NEXT 1048576 MINEXTENTS 1 MAXEXTENTS 2147483645
  PCTINCREASE 0 FREELISTS 1 FREELIST GROUPS 1 BUFFER_POOL DEFAULT FLASH_CACHE DEFAULT CELL_FLASH_CACHE DEFAULT)
  TABLESPACE "USERS" ;

   COMMENT ON COLUMN "BOM"."OCLASS"."IDX" IS '클래스 주문 번호';
   COMMENT ON COLUMN "BOM"."OCLASS"."MEMBER_ID" IS '클래스 주문자 아이디';
   COMMENT ON COLUMN "BOM"."OCLASS"."REG_COUNT" IS '수강 신청 인원';
   COMMENT ON COLUMN "BOM"."OCLASS"."PAY_TYPE" IS '신용카드, 현금, 카카오페이';
   COMMENT ON COLUMN "BOM"."OCLASS"."PAY_TOTAL" IS '총 결제금액';
   COMMENT ON COLUMN "BOM"."OCLASS"."PAY_DATE" IS '결제 일시';
   COMMENT ON COLUMN "BOM"."OCLASS"."DISCOUNT_GRADE" IS '등급 할인';
   COMMENT ON COLUMN "BOM"."OCLASS"."DISCOUNT_POINT" IS '포인트 할인';
   COMMENT ON COLUMN "BOM"."OCLASS"."FCLASS_NAME" IS '클래스명';
   COMMENT ON COLUMN "BOM"."OCLASS"."BRANCH_NAME" IS '지점명';
   COMMENT ON COLUMN "BOM"."OCLASS"."BRANCH_ADDR" IS '지점주소';
   COMMENT ON COLUMN "BOM"."OCLASS"."FCLASS_IMAGE" IS '클래스 상품 사진';
   COMMENT ON COLUMN "BOM"."OCLASS"."SCHEDULE_DATE" IS '클래스 수강월일';
   COMMENT ON COLUMN "BOM"."OCLASS"."SCHEDULE_START_TIME" IS '수업 시작 시간';
   COMMENT ON COLUMN "BOM"."OCLASS"."SCHEDULE_END_TIME" IS '수업 끝나는 시간';
   COMMENT ON COLUMN "BOM"."OCLASS"."FCLASS_COUNT" IS '총 수업 횟수';
   COMMENT ON COLUMN "BOM"."OCLASS"."STATUS" IS '입금대기, 수강예정, 수강중, 수강완료';
   COMMENT ON COLUMN "BOM"."OCLASS"."REVIEW_CHECK" IS '1이면 리뷰 씀';
   COMMENT ON TABLE "BOM"."OCLASS"  IS '플라워클래스 결제';
--------------------------------------------------------
--  DDL for Table OITEM
--------------------------------------------------------

  CREATE TABLE "BOM"."OITEM" 
   (	"IDX" NUMBER, 
	"ORDERS_IDX" NUMBER, 
	"LETTER_CONTENT" VARCHAR2(500 BYTE), 
	"NAME" VARCHAR2(100 BYTE), 
	"PRICE" NUMBER, 
	"OPTIONS" VARCHAR2(3000 BYTE), 
	"IMAGE" VARCHAR2(500 BYTE), 
	"REQUEST_DATE" DATE, 
	"DELIVERY_START_DATE" DATE, 
	"CATEGORY" VARCHAR2(50 BYTE), 
	"REVIEW_CHECK" NUMBER DEFAULT 0, 
	"QUANTITY" NUMBER, 
	"FSIZE" VARCHAR2(10 BYTE), 
	"REVIEW_IDX" NUMBER, 
	"ITEM_IDX" NUMBER
   ) SEGMENT CREATION IMMEDIATE 
  PCTFREE 10 PCTUSED 40 INITRANS 1 MAXTRANS 255 NOCOMPRESS LOGGING
  STORAGE(INITIAL 65536 NEXT 1048576 MINEXTENTS 1 MAXEXTENTS 2147483645
  PCTINCREASE 0 FREELISTS 1 FREELIST GROUPS 1 BUFFER_POOL DEFAULT FLASH_CACHE DEFAULT CELL_FLASH_CACHE DEFAULT)
  TABLESPACE "USERS" ;

   COMMENT ON COLUMN "BOM"."OITEM"."IDX" IS '주문상품 번호';
   COMMENT ON COLUMN "BOM"."OITEM"."ORDERS_IDX" IS '주문 번호';
   COMMENT ON COLUMN "BOM"."OITEM"."LETTER_CONTENT" IS '편지 내용';
   COMMENT ON COLUMN "BOM"."OITEM"."NAME" IS '상품명';
   COMMENT ON COLUMN "BOM"."OITEM"."PRICE" IS '상품 가격';
   COMMENT ON COLUMN "BOM"."OITEM"."OPTIONS" IS '콤마로 구분';
   COMMENT ON COLUMN "BOM"."OITEM"."IMAGE" IS '상품 테이블에서 image1에 해당하는 상품사진';
   COMMENT ON COLUMN "BOM"."OITEM"."REQUEST_DATE" IS '수령 요청일';
   COMMENT ON COLUMN "BOM"."OITEM"."DELIVERY_START_DATE" IS '배송 시작일';
   COMMENT ON COLUMN "BOM"."OITEM"."CATEGORY" IS '정기구독, 꽃다발, 소품샵';
   COMMENT ON COLUMN "BOM"."OITEM"."REVIEW_CHECK" IS '1이면 리뷰 씀';
   COMMENT ON COLUMN "BOM"."OITEM"."QUANTITY" IS '수량';
   COMMENT ON TABLE "BOM"."OITEM"  IS '주문 상세';
--------------------------------------------------------
--  DDL for Table ORDERS
--------------------------------------------------------

  CREATE TABLE "BOM"."ORDERS" 
   (	"IDX" NUMBER, 
	"MEMBER_ID" VARCHAR2(50 BYTE), 
	"ODATE" DATE DEFAULT SYSDATE, 
	"RECEIVER_NAME" VARCHAR2(100 BYTE), 
	"RECEIVER_PHONE" VARCHAR2(20 BYTE), 
	"RECEIVER_ZIPCODE" VARCHAR2(20 BYTE), 
	"RECEIVER_ADDR_BASE" VARCHAR2(200 BYTE), 
	"RECEIVER_ADDR_DETAIL" VARCHAR2(200 BYTE), 
	"RECEIVER_ADDR_EXTRA" VARCHAR2(200 BYTE), 
	"SENDER_NAME" VARCHAR2(100 BYTE), 
	"PAY_TYPE" VARCHAR2(50 BYTE), 
	"PAY_TOTAL" NUMBER, 
	"PAY_DELIVERY" NUMBER, 
	"PAY_DATE" DATE, 
	"DISCOUNT_GRADE" NUMBER, 
	"DISCOUNT_POINT" NUMBER, 
	"STATUS" VARCHAR2(50 BYTE)
   ) SEGMENT CREATION IMMEDIATE 
  PCTFREE 10 PCTUSED 40 INITRANS 1 MAXTRANS 255 NOCOMPRESS LOGGING
  STORAGE(INITIAL 65536 NEXT 1048576 MINEXTENTS 1 MAXEXTENTS 2147483645
  PCTINCREASE 0 FREELISTS 1 FREELIST GROUPS 1 BUFFER_POOL DEFAULT FLASH_CACHE DEFAULT CELL_FLASH_CACHE DEFAULT)
  TABLESPACE "USERS" ;

   COMMENT ON COLUMN "BOM"."ORDERS"."IDX" IS '주문 번호';
   COMMENT ON COLUMN "BOM"."ORDERS"."MEMBER_ID" IS '주문자 아이디';
   COMMENT ON COLUMN "BOM"."ORDERS"."ODATE" IS '주문일';
   COMMENT ON COLUMN "BOM"."ORDERS"."RECEIVER_NAME" IS '수령인명';
   COMMENT ON COLUMN "BOM"."ORDERS"."RECEIVER_PHONE" IS '수령인 연락처';
   COMMENT ON COLUMN "BOM"."ORDERS"."RECEIVER_ZIPCODE" IS '수령인 우편번호';
   COMMENT ON COLUMN "BOM"."ORDERS"."RECEIVER_ADDR_BASE" IS '수령인 주소 (기본)';
   COMMENT ON COLUMN "BOM"."ORDERS"."RECEIVER_ADDR_DETAIL" IS '수령인 주소 (상세)';
   COMMENT ON COLUMN "BOM"."ORDERS"."RECEIVER_ADDR_EXTRA" IS '수령인 주소 (참고)';
   COMMENT ON COLUMN "BOM"."ORDERS"."SENDER_NAME" IS '보내는 사람 이름';
   COMMENT ON COLUMN "BOM"."ORDERS"."PAY_TYPE" IS '결제수단';
   COMMENT ON COLUMN "BOM"."ORDERS"."PAY_TOTAL" IS '총 결제금액';
   COMMENT ON COLUMN "BOM"."ORDERS"."PAY_DELIVERY" IS '배송비';
   COMMENT ON COLUMN "BOM"."ORDERS"."PAY_DATE" IS '결제일시';
   COMMENT ON COLUMN "BOM"."ORDERS"."DISCOUNT_GRADE" IS '등급 할인';
   COMMENT ON COLUMN "BOM"."ORDERS"."DISCOUNT_POINT" IS '포인트 할인';
   COMMENT ON COLUMN "BOM"."ORDERS"."STATUS" IS '주문상태';
   COMMENT ON TABLE "BOM"."ORDERS"  IS '주문과 결제에 대한 정보가 저장 (카트 정보를 오더테이블에 저장)';
--------------------------------------------------------
--  DDL for Table OSUBS
--------------------------------------------------------

  CREATE TABLE "BOM"."OSUBS" 
   (	"IDX" NUMBER, 
	"OITEM_IDX" NUMBER, 
	"MONTH" NUMBER, 
	"DELIVERY_DATE" DATE, 
	"DELIVERY_STATUS" VARCHAR2(50 BYTE) DEFAULT '배송전'
   ) SEGMENT CREATION IMMEDIATE 
  PCTFREE 10 PCTUSED 40 INITRANS 1 MAXTRANS 255 NOCOMPRESS LOGGING
  STORAGE(INITIAL 65536 NEXT 1048576 MINEXTENTS 1 MAXEXTENTS 2147483645
  PCTINCREASE 0 FREELISTS 1 FREELIST GROUPS 1 BUFFER_POOL DEFAULT FLASH_CACHE DEFAULT CELL_FLASH_CACHE DEFAULT)
  TABLESPACE "USERS" ;

   COMMENT ON COLUMN "BOM"."OSUBS"."IDX" IS '인덱스';
   COMMENT ON COLUMN "BOM"."OSUBS"."OITEM_IDX" IS '주문상세 인덱스';
   COMMENT ON COLUMN "BOM"."OSUBS"."MONTH" IS '정기구독 기간';
   COMMENT ON COLUMN "BOM"."OSUBS"."DELIVERY_DATE" IS '정기구독용 배송일';
   COMMENT ON COLUMN "BOM"."OSUBS"."DELIVERY_STATUS" IS '배송전, 배송후';
   COMMENT ON TABLE "BOM"."OSUBS"  IS '정기 구독의 결제 완료 테이블';
--------------------------------------------------------
--  DDL for Table PRODUCT
--------------------------------------------------------

  CREATE TABLE "BOM"."PRODUCT" 
   (	"IDX" NUMBER, 
	"CATEGORY" VARCHAR2(100 BYTE), 
	"NAME" VARCHAR2(100 BYTE), 
	"SUBHEADER" VARCHAR2(200 BYTE), 
	"PRICE" NUMBER, 
	"DISCOUNT_RATE" NUMBER, 
	"IMAGE1" VARCHAR2(500 BYTE), 
	"IMAGE2" VARCHAR2(500 BYTE), 
	"IMAGE3" VARCHAR2(500 BYTE), 
	"CONTENT" CLOB, 
	"DEL_STATUS" VARCHAR2(10 BYTE), 
	"SOLDOUT_STATUS" VARCHAR2(20 BYTE), 
	"FSIZE" VARCHAR2(10 BYTE)
   ) SEGMENT CREATION IMMEDIATE 
  PCTFREE 10 PCTUSED 40 INITRANS 1 MAXTRANS 255 NOCOMPRESS LOGGING
  STORAGE(INITIAL 65536 NEXT 1048576 MINEXTENTS 1 MAXEXTENTS 2147483645
  PCTINCREASE 0 FREELISTS 1 FREELIST GROUPS 1 BUFFER_POOL DEFAULT FLASH_CACHE DEFAULT CELL_FLASH_CACHE DEFAULT)
  TABLESPACE "USERS" 
 LOB ("CONTENT") STORE AS BASICFILE (
  TABLESPACE "USERS" ENABLE STORAGE IN ROW CHUNK 8192 RETENTION 
  NOCACHE LOGGING 
  STORAGE(INITIAL 65536 NEXT 1048576 MINEXTENTS 1 MAXEXTENTS 2147483645
  PCTINCREASE 0 FREELISTS 1 FREELIST GROUPS 1 BUFFER_POOL DEFAULT FLASH_CACHE DEFAULT CELL_FLASH_CACHE DEFAULT)) ;

   COMMENT ON COLUMN "BOM"."PRODUCT"."IDX" IS '소품샵 인덱스';
   COMMENT ON COLUMN "BOM"."PRODUCT"."CATEGORY" IS '꽃병, 툴';
   COMMENT ON COLUMN "BOM"."PRODUCT"."NAME" IS '상품명';
   COMMENT ON COLUMN "BOM"."PRODUCT"."SUBHEADER" IS '한줄 설명';
   COMMENT ON COLUMN "BOM"."PRODUCT"."PRICE" IS '가격';
   COMMENT ON COLUMN "BOM"."PRODUCT"."DISCOUNT_RATE" IS '할인율';
   COMMENT ON COLUMN "BOM"."PRODUCT"."IMAGE1" IS '상품 이미지1';
   COMMENT ON COLUMN "BOM"."PRODUCT"."IMAGE2" IS '상품 이미지2';
   COMMENT ON COLUMN "BOM"."PRODUCT"."IMAGE3" IS '상품 이미지3';
   COMMENT ON COLUMN "BOM"."PRODUCT"."CONTENT" IS '상세페이지 내용';
   COMMENT ON COLUMN "BOM"."PRODUCT"."DEL_STATUS" IS '삭제되면 DEL, 아니면 null';
   COMMENT ON COLUMN "BOM"."PRODUCT"."SOLDOUT_STATUS" IS '재고 없으면 SOLD OUT, 아니면 null';
   COMMENT ON COLUMN "BOM"."PRODUCT"."FSIZE" IS '화병인 경우만';
   COMMENT ON TABLE "BOM"."PRODUCT"  IS '소품샵';
--------------------------------------------------------
--  DDL for Table REVIEW
--------------------------------------------------------

  CREATE TABLE "BOM"."REVIEW" 
   (	"IDX" NUMBER, 
	"CATEGORY" VARCHAR2(50 BYTE), 
	"SUBS_IDX" NUMBER, 
	"FLOWER_IDX" NUMBER, 
	"FCLASS_IDX" NUMBER, 
	"PRODUCT_IDX" NUMBER, 
	"NAME" VARCHAR2(100 BYTE), 
	"MEMBER_ID" VARCHAR2(50 BYTE), 
	"IMAGE" VARCHAR2(500 BYTE), 
	"CONTENT" CLOB, 
	"REG_DATE" DATE DEFAULT SYSDATE, 
	"STAR" NUMBER, 
	"LIKE_COUNT" NUMBER DEFAULT 0
   ) SEGMENT CREATION IMMEDIATE 
  PCTFREE 10 PCTUSED 40 INITRANS 1 MAXTRANS 255 NOCOMPRESS LOGGING
  STORAGE(INITIAL 65536 NEXT 1048576 MINEXTENTS 1 MAXEXTENTS 2147483645
  PCTINCREASE 0 FREELISTS 1 FREELIST GROUPS 1 BUFFER_POOL DEFAULT FLASH_CACHE DEFAULT CELL_FLASH_CACHE DEFAULT)
  TABLESPACE "USERS" 
 LOB ("CONTENT") STORE AS BASICFILE (
  TABLESPACE "USERS" ENABLE STORAGE IN ROW CHUNK 8192 RETENTION 
  NOCACHE LOGGING 
  STORAGE(INITIAL 65536 NEXT 1048576 MINEXTENTS 1 MAXEXTENTS 2147483645
  PCTINCREASE 0 FREELISTS 1 FREELIST GROUPS 1 BUFFER_POOL DEFAULT FLASH_CACHE DEFAULT CELL_FLASH_CACHE DEFAULT)) ;

   COMMENT ON COLUMN "BOM"."REVIEW"."IDX" IS '리뷰 인덱스';
   COMMENT ON COLUMN "BOM"."REVIEW"."CATEGORY" IS '꽃다발, 정기구독, 소품샵, 플라워클래스';
   COMMENT ON COLUMN "BOM"."REVIEW"."SUBS_IDX" IS '정기구독 인덱스';
   COMMENT ON COLUMN "BOM"."REVIEW"."FLOWER_IDX" IS '꽃다발 인덱스';
   COMMENT ON COLUMN "BOM"."REVIEW"."FCLASS_IDX" IS '클래스 인덱스';
   COMMENT ON COLUMN "BOM"."REVIEW"."PRODUCT_IDX" IS '소품샵 인덱스';
   COMMENT ON COLUMN "BOM"."REVIEW"."NAME" IS '리뷰 제목';
   COMMENT ON COLUMN "BOM"."REVIEW"."MEMBER_ID" IS '작성자 아이디';
   COMMENT ON COLUMN "BOM"."REVIEW"."IMAGE" IS '리뷰 이미지';
   COMMENT ON COLUMN "BOM"."REVIEW"."CONTENT" IS '리뷰 내용';
   COMMENT ON COLUMN "BOM"."REVIEW"."REG_DATE" IS '리뷰 등록일';
   COMMENT ON COLUMN "BOM"."REVIEW"."STAR" IS '1, 2, 3, 4, 5 중 택1';
   COMMENT ON COLUMN "BOM"."REVIEW"."LIKE_COUNT" IS '좋아요 숫자';
   COMMENT ON TABLE "BOM"."REVIEW"  IS '리뷰게시판';
--------------------------------------------------------
--  DDL for Table REVIEW_LIKE
--------------------------------------------------------

  CREATE TABLE "BOM"."REVIEW_LIKE" 
   (	"IDX" NUMBER, 
	"REVIEW_IDX" NUMBER, 
	"MEMBER_ID" VARCHAR2(50 BYTE)
   ) SEGMENT CREATION IMMEDIATE 
  PCTFREE 10 PCTUSED 40 INITRANS 1 MAXTRANS 255 NOCOMPRESS LOGGING
  STORAGE(INITIAL 65536 NEXT 1048576 MINEXTENTS 1 MAXEXTENTS 2147483645
  PCTINCREASE 0 FREELISTS 1 FREELIST GROUPS 1 BUFFER_POOL DEFAULT FLASH_CACHE DEFAULT CELL_FLASH_CACHE DEFAULT)
  TABLESPACE "USERS" ;
--------------------------------------------------------
--  DDL for Table SCHEDULE
--------------------------------------------------------

  CREATE TABLE "BOM"."SCHEDULE" 
   (	"IDX" NUMBER, 
	"BRANCH_IDX" NUMBER, 
	"FCLASS_IDX" NUMBER, 
	"SDATE" DATE, 
	"SMONTH" NUMBER, 
	"SDAY" NUMBER, 
	"START_TIME" VARCHAR2(20 BYTE), 
	"END_TIME" VARCHAR2(20 BYTE), 
	"TOTAL_COUNT" NUMBER, 
	"REG_COUNT" NUMBER DEFAULT 0
   ) SEGMENT CREATION IMMEDIATE 
  PCTFREE 10 PCTUSED 40 INITRANS 1 MAXTRANS 255 NOCOMPRESS LOGGING
  STORAGE(INITIAL 65536 NEXT 1048576 MINEXTENTS 1 MAXEXTENTS 2147483645
  PCTINCREASE 0 FREELISTS 1 FREELIST GROUPS 1 BUFFER_POOL DEFAULT FLASH_CACHE DEFAULT CELL_FLASH_CACHE DEFAULT)
  TABLESPACE "USERS" ;

   COMMENT ON COLUMN "BOM"."SCHEDULE"."IDX" IS '일정 인덱스';
   COMMENT ON COLUMN "BOM"."SCHEDULE"."BRANCH_IDX" IS '지점 인덱스';
   COMMENT ON COLUMN "BOM"."SCHEDULE"."FCLASS_IDX" IS '클래스 인덱스';
   COMMENT ON COLUMN "BOM"."SCHEDULE"."SDATE" IS '클래스 수강월일';
   COMMENT ON COLUMN "BOM"."SCHEDULE"."SMONTH" IS '수강-월';
   COMMENT ON COLUMN "BOM"."SCHEDULE"."SDAY" IS '수강-일';
   COMMENT ON COLUMN "BOM"."SCHEDULE"."START_TIME" IS '24시간제, minute 안 씀';
   COMMENT ON COLUMN "BOM"."SCHEDULE"."END_TIME" IS '24시간제, minute 안 씀';
   COMMENT ON COLUMN "BOM"."SCHEDULE"."TOTAL_COUNT" IS '수강 정원';
   COMMENT ON COLUMN "BOM"."SCHEDULE"."REG_COUNT" IS '수강 등록한 회원 수';
   COMMENT ON TABLE "BOM"."SCHEDULE"  IS '일정';
--------------------------------------------------------
--  DDL for Table SUBS
--------------------------------------------------------

  CREATE TABLE "BOM"."SUBS" 
   (	"IDX" NUMBER, 
	"NAME" VARCHAR2(100 BYTE), 
	"SUBHEADER" VARCHAR2(200 BYTE), 
	"SUMMARY" VARCHAR2(1000 BYTE), 
	"PRICE" NUMBER, 
	"IMAGE1" VARCHAR2(500 BYTE), 
	"IMAGE2" VARCHAR2(500 BYTE), 
	"IMAGE3" VARCHAR2(500 BYTE), 
	"CONTENT" CLOB, 
	"FSIZE" VARCHAR2(10 BYTE)
   ) SEGMENT CREATION IMMEDIATE 
  PCTFREE 10 PCTUSED 40 INITRANS 1 MAXTRANS 255 NOCOMPRESS LOGGING
  STORAGE(INITIAL 65536 NEXT 1048576 MINEXTENTS 1 MAXEXTENTS 2147483645
  PCTINCREASE 0 FREELISTS 1 FREELIST GROUPS 1 BUFFER_POOL DEFAULT FLASH_CACHE DEFAULT CELL_FLASH_CACHE DEFAULT)
  TABLESPACE "USERS" 
 LOB ("CONTENT") STORE AS BASICFILE (
  TABLESPACE "USERS" ENABLE STORAGE IN ROW CHUNK 8192 RETENTION 
  NOCACHE LOGGING 
  STORAGE(INITIAL 65536 NEXT 1048576 MINEXTENTS 1 MAXEXTENTS 2147483645
  PCTINCREASE 0 FREELISTS 1 FREELIST GROUPS 1 BUFFER_POOL DEFAULT FLASH_CACHE DEFAULT CELL_FLASH_CACHE DEFAULT)) ;

   COMMENT ON COLUMN "BOM"."SUBS"."IDX" IS '인덱스 번호';
   COMMENT ON COLUMN "BOM"."SUBS"."NAME" IS '상품명';
   COMMENT ON COLUMN "BOM"."SUBS"."SUBHEADER" IS '한줄 설명';
   COMMENT ON COLUMN "BOM"."SUBS"."SUMMARY" IS '상품 개요';
   COMMENT ON COLUMN "BOM"."SUBS"."PRICE" IS '상품 가격';
   COMMENT ON COLUMN "BOM"."SUBS"."IMAGE1" IS '상품 이미지1';
   COMMENT ON COLUMN "BOM"."SUBS"."IMAGE2" IS '상품 이미지2';
   COMMENT ON COLUMN "BOM"."SUBS"."IMAGE3" IS '상품 이미지3';
   COMMENT ON COLUMN "BOM"."SUBS"."CONTENT" IS '상세페이지 내용';
   COMMENT ON TABLE "BOM"."SUBS"  IS '꽃 정기구독';
REM INSERTING into BOM.BANNER
SET DEFINE OFF;
Insert into BOM.BANNER (CATEGORY,IMAGE,TITLE,CONTENT) values ('subs','https://storage.googleapis.com/download/storage/v1/b/upload.alwaysbom.xyz/o/banner%2FXfEAUYFKst-subs_banner_1280.jpg?generation=1618193495574646&alt=media','새늘봄 꽃 정기구독','2주에 한 번, 매번 새로운 꽃으로 당신의 일상을 행복으로 채울게요.');
Insert into BOM.BANNER (CATEGORY,IMAGE,TITLE,CONTENT) values ('flower','https://storage.googleapis.com/download/storage/v1/b/upload.alwaysbom.xyz/o/banner%2FBGnZGTCKKy-flower_banner_1280.jpg?generation=1618302832869672&alt=media','새늘봄 꽃다발 ','계절을 가득 담은 꽃다발로<br>당신의 일상을 특별한 날로 만들어보세요~');
Insert into BOM.BANNER (CATEGORY,IMAGE,TITLE,CONTENT) values ('product','https://storage.googleapis.com/download/storage/v1/b/upload.alwaysbom.xyz/o/banner%2FevkodIhLPs-product_banner_1280.jpg?generation=1617940578906040&alt=media','새늘봄 소품샵','꽃과 함께하는 시간을 더 행복하게<br>만들어 줄 소품들을 만나보세욥!!!');
REM INSERTING into BOM.BRANCH
SET DEFINE OFF;
Insert into BOM.BRANCH (IDX,NAME,COLOR,ADDR,MAP_IMAGE) values (21,'신촌점','#FF828B','서울특별시 마포구 백범로 23 구프라자 3층','https://storage.googleapis.com/download/storage/v1/b/upload.alwaysbom.xyz/o/fclass%2Fbranch%2FevTdXiVrSi-%EB%B9%84%ED%8A%B8%EC%BA%A0%ED%94%84%EC%8B%A0%EC%B4%8C%20(1).png?generation=1618176550565270&alt=media');
Insert into BOM.BRANCH (IDX,NAME,COLOR,ADDR,MAP_IMAGE) values (62,'부산점','#00F0ee','부산시','https://storage.googleapis.com/download/storage/v1/b/upload.alwaysbom.xyz/o/fclass%2Fbranch%2FhrbzALumdb-fclass_map.jpeg?generation=1618302476029435&alt=media');
Insert into BOM.BRANCH (IDX,NAME,COLOR,ADDR,MAP_IMAGE) values (9,'종로점','#4DD091','서울특별시 종로구 종로 69 YMCA 7층','https://storage.googleapis.com/download/storage/v1/b/upload.alwaysbom.xyz/o/fclass%2Fbranch%2FkoXhTJhgyt-%EB%B9%84%ED%8A%B8%EC%BA%A0%ED%94%84%EC%A2%85%EB%A1%9C%20(1).png?generation=1618176557135124&alt=media');
Insert into BOM.BRANCH (IDX,NAME,COLOR,ADDR,MAP_IMAGE) values (10,'강남점','#6610f2','서울특별시 서초구 강남대로 459 백암빌딩 1층','https://storage.googleapis.com/download/storage/v1/b/upload.alwaysbom.xyz/o/fclass%2Fbranch%2FDTgnpYATzn-%EB%B9%84%ED%8A%B8%EC%BA%A0%ED%94%84%EC%84%9C%EC%B4%88%20(1).png?generation=1618176543252135&alt=media');
REM INSERTING into BOM.CART
SET DEFINE OFF;
Insert into BOM.CART (IDX,MEMBER_ID,CATEGORY,SUBS_IDX,FLOWER_IDX,PRODUCT_IDX,QUANTITY,SUBS_MONTH,SUBS_START_DATE,LETTER,REQUEST_DATE) values (258,'test@test.com','꽃다발',null,63,null,1,null,null,0,to_date('2021/04/12','YYYY/MM/DD'));
Insert into BOM.CART (IDX,MEMBER_ID,CATEGORY,SUBS_IDX,FLOWER_IDX,PRODUCT_IDX,QUANTITY,SUBS_MONTH,SUBS_START_DATE,LETTER,REQUEST_DATE) values (352,'chlwlsdk0714@google.com','꽃다발',null,65,null,2,null,null,1,to_date('2021/04/13','YYYY/MM/DD'));
Insert into BOM.CART (IDX,MEMBER_ID,CATEGORY,SUBS_IDX,FLOWER_IDX,PRODUCT_IDX,QUANTITY,SUBS_MONTH,SUBS_START_DATE,LETTER,REQUEST_DATE) values (238,'test','정기구독',47,null,null,1,2,to_date('2021/04/13','YYYY/MM/DD'),1,null);
Insert into BOM.CART (IDX,MEMBER_ID,CATEGORY,SUBS_IDX,FLOWER_IDX,PRODUCT_IDX,QUANTITY,SUBS_MONTH,SUBS_START_DATE,LETTER,REQUEST_DATE) values (239,'test','정기구독',47,null,null,1,2,to_date('2021/04/13','YYYY/MM/DD'),1,null);
Insert into BOM.CART (IDX,MEMBER_ID,CATEGORY,SUBS_IDX,FLOWER_IDX,PRODUCT_IDX,QUANTITY,SUBS_MONTH,SUBS_START_DATE,LETTER,REQUEST_DATE) values (260,'test@test.com','꽃다발',null,63,null,1,null,null,1,to_date('2021/04/12','YYYY/MM/DD'));
Insert into BOM.CART (IDX,MEMBER_ID,CATEGORY,SUBS_IDX,FLOWER_IDX,PRODUCT_IDX,QUANTITY,SUBS_MONTH,SUBS_START_DATE,LETTER,REQUEST_DATE) values (261,'test@test.com','꽃다발',null,64,null,1,null,null,0,to_date('2021/04/12','YYYY/MM/DD'));
Insert into BOM.CART (IDX,MEMBER_ID,CATEGORY,SUBS_IDX,FLOWER_IDX,PRODUCT_IDX,QUANTITY,SUBS_MONTH,SUBS_START_DATE,LETTER,REQUEST_DATE) values (241,'test','정기구독',47,null,null,1,2,to_date('2021/04/13','YYYY/MM/DD'),1,null);
Insert into BOM.CART (IDX,MEMBER_ID,CATEGORY,SUBS_IDX,FLOWER_IDX,PRODUCT_IDX,QUANTITY,SUBS_MONTH,SUBS_START_DATE,LETTER,REQUEST_DATE) values (244,'test','정기구독',47,null,null,1,6,to_date('2021/04/14','YYYY/MM/DD'),1,null);
Insert into BOM.CART (IDX,MEMBER_ID,CATEGORY,SUBS_IDX,FLOWER_IDX,PRODUCT_IDX,QUANTITY,SUBS_MONTH,SUBS_START_DATE,LETTER,REQUEST_DATE) values (245,'test','정기구독',47,null,null,2,2,to_date('2021/04/23','YYYY/MM/DD'),1,null);
Insert into BOM.CART (IDX,MEMBER_ID,CATEGORY,SUBS_IDX,FLOWER_IDX,PRODUCT_IDX,QUANTITY,SUBS_MONTH,SUBS_START_DATE,LETTER,REQUEST_DATE) values (291,'test','정기구독',47,null,null,1,2,to_date('2021/04/13','YYYY/MM/DD'),1,null);
Insert into BOM.CART (IDX,MEMBER_ID,CATEGORY,SUBS_IDX,FLOWER_IDX,PRODUCT_IDX,QUANTITY,SUBS_MONTH,SUBS_START_DATE,LETTER,REQUEST_DATE) values (254,'test','정기구독',47,null,null,1,2,to_date('2021/04/13','YYYY/MM/DD'),1,null);
Insert into BOM.CART (IDX,MEMBER_ID,CATEGORY,SUBS_IDX,FLOWER_IDX,PRODUCT_IDX,QUANTITY,SUBS_MONTH,SUBS_START_DATE,LETTER,REQUEST_DATE) values (360,'norisom2@naver.com','꽃다발',null,64,null,1,null,null,0,to_date('2021/04/16','YYYY/MM/DD'));
Insert into BOM.CART (IDX,MEMBER_ID,CATEGORY,SUBS_IDX,FLOWER_IDX,PRODUCT_IDX,QUANTITY,SUBS_MONTH,SUBS_START_DATE,LETTER,REQUEST_DATE) values (290,'test','정기구독',47,null,null,1,2,to_date('2021/04/13','YYYY/MM/DD'),1,null);
Insert into BOM.CART (IDX,MEMBER_ID,CATEGORY,SUBS_IDX,FLOWER_IDX,PRODUCT_IDX,QUANTITY,SUBS_MONTH,SUBS_START_DATE,LETTER,REQUEST_DATE) values (361,'norisom2@naver.com','소품샵',null,null,43,2,null,null,1,to_date('2021/04/15','YYYY/MM/DD'));
Insert into BOM.CART (IDX,MEMBER_ID,CATEGORY,SUBS_IDX,FLOWER_IDX,PRODUCT_IDX,QUANTITY,SUBS_MONTH,SUBS_START_DATE,LETTER,REQUEST_DATE) values (372,'dlagksk64@naver.com','꽃다발',null,64,null,1,null,null,1,to_date('2021/04/16','YYYY/MM/DD'));
Insert into BOM.CART (IDX,MEMBER_ID,CATEGORY,SUBS_IDX,FLOWER_IDX,PRODUCT_IDX,QUANTITY,SUBS_MONTH,SUBS_START_DATE,LETTER,REQUEST_DATE) values (219,'test','정기구독',44,null,null,1,6,to_date('2021/04/13','YYYY/MM/DD'),1,null);
Insert into BOM.CART (IDX,MEMBER_ID,CATEGORY,SUBS_IDX,FLOWER_IDX,PRODUCT_IDX,QUANTITY,SUBS_MONTH,SUBS_START_DATE,LETTER,REQUEST_DATE) values (217,'test','정기구독',47,null,null,1,2,to_date('2021/04/14','YYYY/MM/DD'),1,null);
Insert into BOM.CART (IDX,MEMBER_ID,CATEGORY,SUBS_IDX,FLOWER_IDX,PRODUCT_IDX,QUANTITY,SUBS_MONTH,SUBS_START_DATE,LETTER,REQUEST_DATE) values (235,'test','정기구독',47,null,null,1,2,to_date('2021/04/14','YYYY/MM/DD'),1,null);
Insert into BOM.CART (IDX,MEMBER_ID,CATEGORY,SUBS_IDX,FLOWER_IDX,PRODUCT_IDX,QUANTITY,SUBS_MONTH,SUBS_START_DATE,LETTER,REQUEST_DATE) values (237,'test','정기구독',47,null,null,1,2,to_date('2021/04/13','YYYY/MM/DD'),1,null);
Insert into BOM.CART (IDX,MEMBER_ID,CATEGORY,SUBS_IDX,FLOWER_IDX,PRODUCT_IDX,QUANTITY,SUBS_MONTH,SUBS_START_DATE,LETTER,REQUEST_DATE) values (236,'test','정기구독',47,null,null,1,2,to_date('2021/04/13','YYYY/MM/DD'),1,null);
Insert into BOM.CART (IDX,MEMBER_ID,CATEGORY,SUBS_IDX,FLOWER_IDX,PRODUCT_IDX,QUANTITY,SUBS_MONTH,SUBS_START_DATE,LETTER,REQUEST_DATE) values (242,'test','정기구독',47,null,null,1,6,to_date('2021/04/21','YYYY/MM/DD'),1,null);
Insert into BOM.CART (IDX,MEMBER_ID,CATEGORY,SUBS_IDX,FLOWER_IDX,PRODUCT_IDX,QUANTITY,SUBS_MONTH,SUBS_START_DATE,LETTER,REQUEST_DATE) values (243,'test','정기구독',47,null,null,1,6,to_date('2021/04/22','YYYY/MM/DD'),1,null);
Insert into BOM.CART (IDX,MEMBER_ID,CATEGORY,SUBS_IDX,FLOWER_IDX,PRODUCT_IDX,QUANTITY,SUBS_MONTH,SUBS_START_DATE,LETTER,REQUEST_DATE) values (253,'test@test.com','소품샵',null,null,42,1,null,null,1,to_date('2021/04/12','YYYY/MM/DD'));
Insert into BOM.CART (IDX,MEMBER_ID,CATEGORY,SUBS_IDX,FLOWER_IDX,PRODUCT_IDX,QUANTITY,SUBS_MONTH,SUBS_START_DATE,LETTER,REQUEST_DATE) values (256,'test@test.com','꽃다발',null,64,null,1,null,null,1,to_date('2021/04/11','YYYY/MM/DD'));
Insert into BOM.CART (IDX,MEMBER_ID,CATEGORY,SUBS_IDX,FLOWER_IDX,PRODUCT_IDX,QUANTITY,SUBS_MONTH,SUBS_START_DATE,LETTER,REQUEST_DATE) values (257,'test@test.com','꽃다발',null,63,null,1,null,null,0,to_date('2021/04/14','YYYY/MM/DD'));
Insert into BOM.CART (IDX,MEMBER_ID,CATEGORY,SUBS_IDX,FLOWER_IDX,PRODUCT_IDX,QUANTITY,SUBS_MONTH,SUBS_START_DATE,LETTER,REQUEST_DATE) values (288,'test@test.com','꽃다발',null,65,null,1,null,null,1,to_date('2021/04/16','YYYY/MM/DD'));
Insert into BOM.CART (IDX,MEMBER_ID,CATEGORY,SUBS_IDX,FLOWER_IDX,PRODUCT_IDX,QUANTITY,SUBS_MONTH,SUBS_START_DATE,LETTER,REQUEST_DATE) values (329,'yoonchang@bit.com','정기구독',47,null,null,1,2,to_date('2021/04/13','YYYY/MM/DD'),0,null);
Insert into BOM.CART (IDX,MEMBER_ID,CATEGORY,SUBS_IDX,FLOWER_IDX,PRODUCT_IDX,QUANTITY,SUBS_MONTH,SUBS_START_DATE,LETTER,REQUEST_DATE) values (371,'yuna1880@naver.com','꽃다발',null,65,null,1,null,null,1,to_date('2021/04/14','YYYY/MM/DD'));
Insert into BOM.CART (IDX,MEMBER_ID,CATEGORY,SUBS_IDX,FLOWER_IDX,PRODUCT_IDX,QUANTITY,SUBS_MONTH,SUBS_START_DATE,LETTER,REQUEST_DATE) values (367,'dbtkdwls4125@gmail.com','소품샵',null,null,2,1,null,null,1,to_date('2021/04/13','YYYY/MM/DD'));
REM INSERTING into BOM.CHOICE
SET DEFINE OFF;
Insert into BOM.CHOICE (IDX,PRODUCT_IDX,CART_IDX,QUANTITY) values (206,23,238,1);
Insert into BOM.CHOICE (IDX,PRODUCT_IDX,CART_IDX,QUANTITY) values (207,43,239,1);
Insert into BOM.CHOICE (IDX,PRODUCT_IDX,CART_IDX,QUANTITY) values (215,41,258,1);
Insert into BOM.CHOICE (IDX,PRODUCT_IDX,CART_IDX,QUANTITY) values (221,42,291,1);
Insert into BOM.CHOICE (IDX,PRODUCT_IDX,CART_IDX,QUANTITY) values (262,43,352,1);
Insert into BOM.CHOICE (IDX,PRODUCT_IDX,CART_IDX,QUANTITY) values (273,41,360,1);
Insert into BOM.CHOICE (IDX,PRODUCT_IDX,CART_IDX,QUANTITY) values (213,41,254,1);
Insert into BOM.CHOICE (IDX,PRODUCT_IDX,CART_IDX,QUANTITY) values (220,42,290,1);
Insert into BOM.CHOICE (IDX,PRODUCT_IDX,CART_IDX,QUANTITY) values (195,23,219,1);
Insert into BOM.CHOICE (IDX,PRODUCT_IDX,CART_IDX,QUANTITY) values (193,42,217,1);
Insert into BOM.CHOICE (IDX,PRODUCT_IDX,CART_IDX,QUANTITY) values (204,42,236,1);
Insert into BOM.CHOICE (IDX,PRODUCT_IDX,CART_IDX,QUANTITY) values (205,22,237,1);
Insert into BOM.CHOICE (IDX,PRODUCT_IDX,CART_IDX,QUANTITY) values (252,22,329,1);
Insert into BOM.CHOICE (IDX,PRODUCT_IDX,CART_IDX,QUANTITY) values (280,42,371,1);
REM INSERTING into BOM.COUPON
SET DEFINE OFF;
Insert into BOM.COUPON (IDX,NAME,MEMBER_ID,STATUS,POINT,CDATE) values (1,'환영쿠폰','test',1,1000,to_date('2021/04/01','YYYY/MM/DD'));
Insert into BOM.COUPON (IDX,NAME,MEMBER_ID,STATUS,POINT,CDATE) values (2,'이벤트쿠폰333','test',0,2000,to_date('2021/04/01','YYYY/MM/DD'));
Insert into BOM.COUPON (IDX,NAME,MEMBER_ID,STATUS,POINT,CDATE) values (41,'감사쿠폰','sld564321@gmail.com',1,2000,to_date('2021/04/08','YYYY/MM/DD'));
Insert into BOM.COUPON (IDX,NAME,MEMBER_ID,STATUS,POINT,CDATE) values (43,'이벤트쿠폰','sld564321@gmail.com',1,3000,to_date('2021/04/09','YYYY/MM/DD'));
Insert into BOM.COUPON (IDX,NAME,MEMBER_ID,STATUS,POINT,CDATE) values (63,'환영쿠폰','sld564321@gmail.com',1,3000,to_date('2021/04/11','YYYY/MM/DD'));
Insert into BOM.COUPON (IDX,NAME,MEMBER_ID,STATUS,POINT,CDATE) values (21,'시험용','test',0,1000,to_date('2021/04/04','YYYY/MM/DD'));
Insert into BOM.COUPON (IDX,NAME,MEMBER_ID,STATUS,POINT,CDATE) values (85,'환영쿠폰','norisom2@naver.com',1,1000,to_date('2021/04/12','YYYY/MM/DD'));
Insert into BOM.COUPON (IDX,NAME,MEMBER_ID,STATUS,POINT,CDATE) values (86,'감사쿠폰','norisom2@naver.com',0,2000,to_date('2021/04/12','YYYY/MM/DD'));
Insert into BOM.COUPON (IDX,NAME,MEMBER_ID,STATUS,POINT,CDATE) values (89,'시연 쿠폰','hena@bit.com',0,3000,to_date('2021/04/13','YYYY/MM/DD'));
Insert into BOM.COUPON (IDX,NAME,MEMBER_ID,STATUS,POINT,CDATE) values (33,'테스트용','dlagksk64@naver.com',0,20000,to_date('2021/04/05','YYYY/MM/DD'));
Insert into BOM.COUPON (IDX,NAME,MEMBER_ID,STATUS,POINT,CDATE) values (64,'테스트','test',0,1500,to_date('2021/04/11','YYYY/MM/DD'));
Insert into BOM.COUPON (IDX,NAME,MEMBER_ID,STATUS,POINT,CDATE) values (82,'이벤트쿠폰','sld564321@gmail.com',1,2000,to_date('2021/04/11','YYYY/MM/DD'));
Insert into BOM.COUPON (IDX,NAME,MEMBER_ID,STATUS,POINT,CDATE) values (83,'퀴즈쿠폰','sld564321@gmail.com',0,1000,to_date('2021/04/11','YYYY/MM/DD'));
Insert into BOM.COUPON (IDX,NAME,MEMBER_ID,STATUS,POINT,CDATE) values (88,'이벤트쿠폰','norisom2@naver.com',1,5000,to_date('2021/04/13','YYYY/MM/DD'));
Insert into BOM.COUPON (IDX,NAME,MEMBER_ID,STATUS,POINT,CDATE) values (28,'테스트용','test',0,2000,to_date('2021/04/05','YYYY/MM/DD'));
Insert into BOM.COUPON (IDX,NAME,MEMBER_ID,STATUS,POINT,CDATE) values (61,'환영합니다','hena@bit.com',1,300000,to_date('2021/04/10','YYYY/MM/DD'));
Insert into BOM.COUPON (IDX,NAME,MEMBER_ID,STATUS,POINT,CDATE) values (81,'시연 쿠폰','hena@bit.com',0,5000,to_date('2021/04/11','YYYY/MM/DD'));
REM INSERTING into BOM.DELIVERY_INFO
SET DEFINE OFF;
Insert into BOM.DELIVERY_INFO (IDX,MEMBER_ID,RECEIVER_NAME,RECEIVER_PHONE,RECEIVER_ZIPCODE,RECEIVER_ADDR_BASE,RECEIVER_ADDR_DETAIL,RECEIVER_ADDR_EXTRA) values (108,'jinah@bit.com','최진아','010-5555-3433','06313','서울 강남구 양재대로 333 (개포동) ','103동 403호','현관 앞');
Insert into BOM.DELIVERY_INFO (IDX,MEMBER_ID,RECEIVER_NAME,RECEIVER_PHONE,RECEIVER_ZIPCODE,RECEIVER_ADDR_BASE,RECEIVER_ADDR_DETAIL,RECEIVER_ADDR_EXTRA) values (41,'yuna1880','유나','010-5656-5656','06675','서울 서초구 방배동 1715','늘봄마을 304동 322호','현관앞에 두고가주세요');
Insert into BOM.DELIVERY_INFO (IDX,MEMBER_ID,RECEIVER_NAME,RECEIVER_PHONE,RECEIVER_ZIPCODE,RECEIVER_ADDR_BASE,RECEIVER_ADDR_DETAIL,RECEIVER_ADDR_EXTRA) values (61,'test@test.com','유나','010-1234-1234','34672','대전 동구 판암동 497-7','123',null);
Insert into BOM.DELIVERY_INFO (IDX,MEMBER_ID,RECEIVER_NAME,RECEIVER_PHONE,RECEIVER_ZIPCODE,RECEIVER_ADDR_BASE,RECEIVER_ADDR_DETAIL,RECEIVER_ADDR_EXTRA) values (117,'giho@bit.com','이기호','010-1234-4455','08807','서울 관악구 남현동 602-10','204호',null);
Insert into BOM.DELIVERY_INFO (IDX,MEMBER_ID,RECEIVER_NAME,RECEIVER_PHONE,RECEIVER_ZIPCODE,RECEIVER_ADDR_BASE,RECEIVER_ADDR_DETAIL,RECEIVER_ADDR_EXTRA) values (119,'giho@bit.com','이기호','010-2345-3456','06097','서울 강남구 봉은사로 403 (삼성동, 하모니 빌딩) ','204호',null);
Insert into BOM.DELIVERY_INFO (IDX,MEMBER_ID,RECEIVER_NAME,RECEIVER_PHONE,RECEIVER_ZIPCODE,RECEIVER_ADDR_BASE,RECEIVER_ADDR_DETAIL,RECEIVER_ADDR_EXTRA) values (120,'yuna1880@naver.com','유나','010-5555-3433','22852','인천 서구 로봇랜드로 33 (원창동) ','103동 2401호','현관');
Insert into BOM.DELIVERY_INFO (IDX,MEMBER_ID,RECEIVER_NAME,RECEIVER_PHONE,RECEIVER_ZIPCODE,RECEIVER_ADDR_BASE,RECEIVER_ADDR_DETAIL,RECEIVER_ADDR_EXTRA) values (62,'yuna1880@naver.com','유나','010-5555-3433','22852','인천 서구 로봇랜드로 33 (원창동) ','103동 2401호','현관');
Insert into BOM.DELIVERY_INFO (IDX,MEMBER_ID,RECEIVER_NAME,RECEIVER_PHONE,RECEIVER_ZIPCODE,RECEIVER_ADDR_BASE,RECEIVER_ADDR_DETAIL,RECEIVER_ADDR_EXTRA) values (111,'yoonchang@bit.com','남윤창','010-8465-9454','06779','서울 서초구 강남대로 48-3 (양재동) ','부자집',null);
Insert into BOM.DELIVERY_INFO (IDX,MEMBER_ID,RECEIVER_NAME,RECEIVER_PHONE,RECEIVER_ZIPCODE,RECEIVER_ADDR_BASE,RECEIVER_ADDR_DETAIL,RECEIVER_ADDR_EXTRA) values (112,'yoonchang@bit.com','남윤창','010-4851-0123','06779','서울 서초구 강남대로 48-3 (양재동) ','부자집',null);
Insert into BOM.DELIVERY_INFO (IDX,MEMBER_ID,RECEIVER_NAME,RECEIVER_PHONE,RECEIVER_ZIPCODE,RECEIVER_ADDR_BASE,RECEIVER_ADDR_DETAIL,RECEIVER_ADDR_EXTRA) values (107,'dlagksk64@naver.com','임하나','010-3098-8065','48719','부산 동구 범일동 1491-13','주택',null);
Insert into BOM.DELIVERY_INFO (IDX,MEMBER_ID,RECEIVER_NAME,RECEIVER_PHONE,RECEIVER_ZIPCODE,RECEIVER_ADDR_BASE,RECEIVER_ADDR_DETAIL,RECEIVER_ADDR_EXTRA) values (110,'yoonchang@bit.com','남윤창','010-8044-6454','06779','서울 서초구 강남대로 48-3 (양재동) ','부자집',null);
Insert into BOM.DELIVERY_INFO (IDX,MEMBER_ID,RECEIVER_NAME,RECEIVER_PHONE,RECEIVER_ZIPCODE,RECEIVER_ADDR_BASE,RECEIVER_ADDR_DETAIL,RECEIVER_ADDR_EXTRA) values (113,'giho@bit.com','이기호','010-4568-4564','44717','울산 남구 갈밭로 4 (삼산동) ','451-1',null);
Insert into BOM.DELIVERY_INFO (IDX,MEMBER_ID,RECEIVER_NAME,RECEIVER_PHONE,RECEIVER_ZIPCODE,RECEIVER_ADDR_BASE,RECEIVER_ADDR_DETAIL,RECEIVER_ADDR_EXTRA) values (114,'giho@bit.com','이기호','010-4568-4564','44717','울산 남구 갈밭로 4 (삼산동) ','451-1',null);
Insert into BOM.DELIVERY_INFO (IDX,MEMBER_ID,RECEIVER_NAME,RECEIVER_PHONE,RECEIVER_ZIPCODE,RECEIVER_ADDR_BASE,RECEIVER_ADDR_DETAIL,RECEIVER_ADDR_EXTRA) values (118,'dlagksk64@naver.com','임하나','010-0000-0000','18148','경기 오산시 부산중앙로 11 (부산동, 오산시티자이 1단지) ','11',null);
Insert into BOM.DELIVERY_INFO (IDX,MEMBER_ID,RECEIVER_NAME,RECEIVER_PHONE,RECEIVER_ZIPCODE,RECEIVER_ADDR_BASE,RECEIVER_ADDR_DETAIL,RECEIVER_ADDR_EXTRA) values (63,'hena@bit.com','송지연','010-5454-8787','05744','서울 송파구 거마로7길 1-19 (거여동) ','202호',null);
Insert into BOM.DELIVERY_INFO (IDX,MEMBER_ID,RECEIVER_NAME,RECEIVER_PHONE,RECEIVER_ZIPCODE,RECEIVER_ADDR_BASE,RECEIVER_ADDR_DETAIL,RECEIVER_ADDR_EXTRA) values (104,'dlagksk64@naver.com','임하나','010-3098-8065','48719','부산 동구 범일동 1491-13','주택',null);
Insert into BOM.DELIVERY_INFO (IDX,MEMBER_ID,RECEIVER_NAME,RECEIVER_PHONE,RECEIVER_ZIPCODE,RECEIVER_ADDR_BASE,RECEIVER_ADDR_DETAIL,RECEIVER_ADDR_EXTRA) values (103,'dlagksk64@naver.com','임하나','010-3098-8065','48719','부산 동구 범일동 1491-13','주택',null);
Insert into BOM.DELIVERY_INFO (IDX,MEMBER_ID,RECEIVER_NAME,RECEIVER_PHONE,RECEIVER_ZIPCODE,RECEIVER_ADDR_BASE,RECEIVER_ADDR_DETAIL,RECEIVER_ADDR_EXTRA) values (105,'dlagksk64@naver.com','임하나','010-3098-8065','48719','부산 동구 범일동 1491-13','주택',null);
Insert into BOM.DELIVERY_INFO (IDX,MEMBER_ID,RECEIVER_NAME,RECEIVER_PHONE,RECEIVER_ZIPCODE,RECEIVER_ADDR_BASE,RECEIVER_ADDR_DETAIL,RECEIVER_ADDR_EXTRA) values (106,'dlagksk64@naver.com','임하나','010-3098-8065','48719','부산 동구 범일동 1491-13','주택',null);
Insert into BOM.DELIVERY_INFO (IDX,MEMBER_ID,RECEIVER_NAME,RECEIVER_PHONE,RECEIVER_ZIPCODE,RECEIVER_ADDR_BASE,RECEIVER_ADDR_DETAIL,RECEIVER_ADDR_EXTRA) values (109,'mino@bit.com','윤민주','010-8876-9090','06900','서울 동작구 대방동 82-10','402호',null);
Insert into BOM.DELIVERY_INFO (IDX,MEMBER_ID,RECEIVER_NAME,RECEIVER_PHONE,RECEIVER_ZIPCODE,RECEIVER_ADDR_BASE,RECEIVER_ADDR_DETAIL,RECEIVER_ADDR_EXTRA) values (115,'sanghee@bit.com','이상희','010-5555-4444','06110','서울 강남구 학동로 지하 102 (논현동, 논현역) ','103동 293호',null);
Insert into BOM.DELIVERY_INFO (IDX,MEMBER_ID,RECEIVER_NAME,RECEIVER_PHONE,RECEIVER_ZIPCODE,RECEIVER_ADDR_BASE,RECEIVER_ADDR_DETAIL,RECEIVER_ADDR_EXTRA) values (116,'daseul@bit.com','주다슬','010-5125-5484','13547','경기 성남시 분당구 고기로 25 (동원동) ','요기로75-8',null);
Insert into BOM.DELIVERY_INFO (IDX,MEMBER_ID,RECEIVER_NAME,RECEIVER_PHONE,RECEIVER_ZIPCODE,RECEIVER_ADDR_BASE,RECEIVER_ADDR_DETAIL,RECEIVER_ADDR_EXTRA) values (81,'jaehoon@bit.com','정해지','010-1515-4848','38550','경북 경산시 자인면 북사리 100-8','201호',null);
REM INSERTING into BOM.ECOMMENT
SET DEFINE OFF;
Insert into BOM.ECOMMENT (IDX,MEMBER_ID,IMAGE,REG_DATE,REPORT,EVENT_IDX) values (64,'xzllxz456@naver.com',null,to_date('2021/04/12','YYYY/MM/DD'),0,61);
Insert into BOM.ECOMMENT (IDX,MEMBER_ID,IMAGE,REG_DATE,REPORT,EVENT_IDX) values (68,'xlqmdl@nate.com',null,to_date('2021/04/12','YYYY/MM/DD'),0,61);
Insert into BOM.ECOMMENT (IDX,MEMBER_ID,IMAGE,REG_DATE,REPORT,EVENT_IDX) values (90,'xzllxz456@naver.com',null,to_date('2021/04/13','YYYY/MM/DD'),1,61);
Insert into BOM.ECOMMENT (IDX,MEMBER_ID,IMAGE,REG_DATE,REPORT,EVENT_IDX) values (65,'test@test.com',null,to_date('2021/04/12','YYYY/MM/DD'),0,67);
Insert into BOM.ECOMMENT (IDX,MEMBER_ID,IMAGE,REG_DATE,REPORT,EVENT_IDX) values (91,'dbsduq0303@naver.com',null,to_date('2021/04/13','YYYY/MM/DD'),1,61);
Insert into BOM.ECOMMENT (IDX,MEMBER_ID,IMAGE,REG_DATE,REPORT,EVENT_IDX) values (92,'dbsduq0303@naver.com',null,to_date('2021/04/13','YYYY/MM/DD'),0,62);
Insert into BOM.ECOMMENT (IDX,MEMBER_ID,IMAGE,REG_DATE,REPORT,EVENT_IDX) values (69,'ksb991102@naver.com',null,to_date('2021/04/12','YYYY/MM/DD'),0,61);
Insert into BOM.ECOMMENT (IDX,MEMBER_ID,IMAGE,REG_DATE,REPORT,EVENT_IDX) values (66,'alfm145@gmail.com',null,to_date('2021/04/12','YYYY/MM/DD'),0,61);
Insert into BOM.ECOMMENT (IDX,MEMBER_ID,IMAGE,REG_DATE,REPORT,EVENT_IDX) values (67,'dbsduq0303@naver.com',null,to_date('2021/04/12','YYYY/MM/DD'),0,61);
Insert into BOM.ECOMMENT (IDX,MEMBER_ID,IMAGE,REG_DATE,REPORT,EVENT_IDX) values (72,'alfm145@gmail.com',null,to_date('2021/04/12','YYYY/MM/DD'),0,62);
Insert into BOM.ECOMMENT (IDX,MEMBER_ID,IMAGE,REG_DATE,REPORT,EVENT_IDX) values (71,'shvdmfchl96@naver.com',null,to_date('2021/04/12','YYYY/MM/DD'),0,62);
Insert into BOM.ECOMMENT (IDX,MEMBER_ID,IMAGE,REG_DATE,REPORT,EVENT_IDX) values (73,'alfm145@gmail.com',null,to_date('2021/04/12','YYYY/MM/DD'),0,64);
Insert into BOM.ECOMMENT (IDX,MEMBER_ID,IMAGE,REG_DATE,REPORT,EVENT_IDX) values (74,'alfm145@gmail.com',null,to_date('2021/04/12','YYYY/MM/DD'),0,66);
Insert into BOM.ECOMMENT (IDX,MEMBER_ID,IMAGE,REG_DATE,REPORT,EVENT_IDX) values (75,'alfm145@gmail.com',null,to_date('2021/04/12','YYYY/MM/DD'),0,67);
Insert into BOM.ECOMMENT (IDX,MEMBER_ID,IMAGE,REG_DATE,REPORT,EVENT_IDX) values (76,'dbsduq0303@naver.com',null,to_date('2021/04/12','YYYY/MM/DD'),0,62);
Insert into BOM.ECOMMENT (IDX,MEMBER_ID,IMAGE,REG_DATE,REPORT,EVENT_IDX) values (77,'dbsduq0303@naver.com',null,to_date('2021/04/12','YYYY/MM/DD'),0,64);
Insert into BOM.ECOMMENT (IDX,MEMBER_ID,IMAGE,REG_DATE,REPORT,EVENT_IDX) values (78,'dbsduq0303@naver.com',null,to_date('2021/04/12','YYYY/MM/DD'),0,66);
Insert into BOM.ECOMMENT (IDX,MEMBER_ID,IMAGE,REG_DATE,REPORT,EVENT_IDX) values (79,'dbsduq0303@naver.com',null,to_date('2021/04/12','YYYY/MM/DD'),0,67);
Insert into BOM.ECOMMENT (IDX,MEMBER_ID,IMAGE,REG_DATE,REPORT,EVENT_IDX) values (80,'goskehfpal@naver.com',null,to_date('2021/04/12','YYYY/MM/DD'),0,61);
Insert into BOM.ECOMMENT (IDX,MEMBER_ID,IMAGE,REG_DATE,REPORT,EVENT_IDX) values (82,'dlwldhksrh@naver.com',null,to_date('2021/04/12','YYYY/MM/DD'),0,62);
Insert into BOM.ECOMMENT (IDX,MEMBER_ID,IMAGE,REG_DATE,REPORT,EVENT_IDX) values (83,'dlwldhksrh@naver.com',null,to_date('2021/04/12','YYYY/MM/DD'),0,64);
Insert into BOM.ECOMMENT (IDX,MEMBER_ID,IMAGE,REG_DATE,REPORT,EVENT_IDX) values (84,'dlwldhksrh@naver.com',null,to_date('2021/04/12','YYYY/MM/DD'),0,67);
Insert into BOM.ECOMMENT (IDX,MEMBER_ID,IMAGE,REG_DATE,REPORT,EVENT_IDX) values (85,'dlwldhksrh@naver.com',null,to_date('2021/04/12','YYYY/MM/DD'),0,66);
Insert into BOM.ECOMMENT (IDX,MEMBER_ID,IMAGE,REG_DATE,REPORT,EVENT_IDX) values (93,'test@test.com',null,to_date('2021/04/13','YYYY/MM/DD'),0,61);
Insert into BOM.ECOMMENT (IDX,MEMBER_ID,IMAGE,REG_DATE,REPORT,EVENT_IDX) values (87,'hwang0506@nate.com',null,to_date('2021/04/12','YYYY/MM/DD'),0,62);
REM INSERTING into BOM.EVENT
SET DEFINE OFF;
Insert into BOM.EVENT (IDX,THUMB,NAME,IMAGE1,IMAGE2,START_DATE,END_DATE) values (61,'https://storage.googleapis.com/download/storage/v1/b/upload.alwaysbom.xyz/o/event%2FFedipnSKvn-%EB%AC%B4%EC%A0%9C%20(2).png?generation=1618207559209449&alt=media','새늘봄 꽃, 보라빛 에디션','https://storage.googleapis.com/download/storage/v1/b/upload.alwaysbom.xyz/o/event%2FBzHunjMtgB-KakaoTalk_20210412_155949070.png?generation=1618210825057433&alt=media','https://storage.googleapis.com/download/storage/v1/b/upload.alwaysbom.xyz/o/event%2FSazPMkevEH-pc_003%20(1).png?generation=1618207384524193&alt=media',to_date('2021/04/12','YYYY/MM/DD'),to_date('2021/04/30','YYYY/MM/DD'));
Insert into BOM.EVENT (IDX,THUMB,NAME,IMAGE1,IMAGE2,START_DATE,END_DATE) values (62,'https://storage.googleapis.com/download/storage/v1/b/upload.alwaysbom.xyz/o/event%2FwZYphiCqWR-%EB%AC%B4%EC%A0%9C%20(3).png?generation=1618207459315047&alt=media','새늘봄, 정기구독','https://storage.googleapis.com/download/storage/v1/b/upload.alwaysbom.xyz/o/event%2FAjFXrYbvWX-KakaoTalk_20210412_150447460.png?generation=1618207591158187&alt=media','https://storage.googleapis.com/download/storage/v1/b/upload.alwaysbom.xyz/o/event%2FqSjlXwNkAx-%EB%AC%B4%EC%A0%9C%20(4).png?generation=1618207459840928&alt=media',to_date('2021/04/12','YYYY/MM/DD'),to_date('2023/01/26','YYYY/MM/DD'));
Insert into BOM.EVENT (IDX,THUMB,NAME,IMAGE1,IMAGE2,START_DATE,END_DATE) values (65,'https://storage.googleapis.com/download/storage/v1/b/upload.alwaysbom.xyz/o/event%2FbEDsWWWQCh-%ED%99%94%EB%A9%B4%20%EC%BA%A1%EC%B2%98%202021-04-12%20170814.png?generation=1618214963084723&alt=media','기쁠때나 슬플때나 함께하는 새늘봄 화환','https://storage.googleapis.com/download/storage/v1/b/upload.alwaysbom.xyz/o/event%2FebFHBQsWld-KakaoTalk_20210412_155429664.jpg?generation=1618214963189206&alt=media',null,to_date('2021/04/12','YYYY/MM/DD'),to_date('2021/04/12','YYYY/MM/DD'));
Insert into BOM.EVENT (IDX,THUMB,NAME,IMAGE1,IMAGE2,START_DATE,END_DATE) values (64,'https://storage.googleapis.com/download/storage/v1/b/upload.alwaysbom.xyz/o/event%2FPosCmhjxJF-KakaoTalk_20210412_160534993%20(1).jpg?generation=1618211546259315&alt=media','새늘봄, 봄 꽃다발','https://storage.googleapis.com/download/storage/v1/b/upload.alwaysbom.xyz/o/event%2FXgGoHNejNS-KakaoTalk_20210412_211810267.jpg?generation=1618230084577738&alt=media',null,to_date('2021/04/12','YYYY/MM/DD'),to_date('2022/04/30','YYYY/MM/DD'));
Insert into BOM.EVENT (IDX,THUMB,NAME,IMAGE1,IMAGE2,START_DATE,END_DATE) values (66,'https://storage.googleapis.com/download/storage/v1/b/upload.alwaysbom.xyz/o/event%2FwzvcXbLIyI-KakaoTalk_20210412_211914656.jpg?generation=1618230231792394&alt=media','봄꽃 플라워 마켓','https://storage.googleapis.com/download/storage/v1/b/upload.alwaysbom.xyz/o/event%2FzMFAgDBZFC-KakaoTalk_20210412_211602170.jpg?generation=1618230232126711&alt=media',null,to_date('2021/04/12','YYYY/MM/DD'),to_date('2021/05/31','YYYY/MM/DD'));
Insert into BOM.EVENT (IDX,THUMB,NAME,IMAGE1,IMAGE2,START_DATE,END_DATE) values (67,'https://storage.googleapis.com/download/storage/v1/b/upload.alwaysbom.xyz/o/event%2FQqZeGVEZnS-KakaoTalk_20210412_212125666.png?generation=1618230320418694&alt=media','새늘봄 강남점 오픈','https://storage.googleapis.com/download/storage/v1/b/upload.alwaysbom.xyz/o/event%2FIJJNuMBGRO-KakaoTalk_20210412_212120976.png?generation=1618230321371815&alt=media',null,to_date('2021/04/12','YYYY/MM/DD'),to_date('2062/07/06','YYYY/MM/DD'));
REM INSERTING into BOM.FAQ
SET DEFINE OFF;
Insert into BOM.FAQ (IDX,CATEGORY,QUESTION) values (105,'FAQ','주문을 취소하고 싶어요');
Insert into BOM.FAQ (IDX,CATEGORY,QUESTION) values (27,'정기구독','수령하는 날짜를 변경하고 싶어요.');
Insert into BOM.FAQ (IDX,CATEGORY,QUESTION) values (29,'정기구독','자동 결제는 언제 진행되나요?');
Insert into BOM.FAQ (IDX,CATEGORY,QUESTION) values (30,'정기구독','자동 결제되는 카드를 변경할 수 있나요?');
Insert into BOM.FAQ (IDX,CATEGORY,QUESTION) values (31,'정기구독','정기구독-자동결제 상품이 빨리 결제되었어요.');
Insert into BOM.FAQ (IDX,CATEGORY,QUESTION) values (32,'정기구독','정기구독 종류는 어떻게 되나요?');
Insert into BOM.FAQ (IDX,CATEGORY,QUESTION) values (34,'정기구독','정기구독 꽃이 배송되지 않는 날짜가 있나요?');
Insert into BOM.FAQ (IDX,CATEGORY,QUESTION) values (35,'배송','배송 일정 변경을 할 수 있나요?');
Insert into BOM.FAQ (IDX,CATEGORY,QUESTION) values (36,'배송','배송지 변경 방법이 궁금해요.');
Insert into BOM.FAQ (IDX,CATEGORY,QUESTION) values (38,'배송','배송 전 꽃 사진을 받아보고 싶어요.');
Insert into BOM.FAQ (IDX,CATEGORY,QUESTION) values (39,'배송','지정한 배송일에 꽃이 도착하지 않았어요.');
Insert into BOM.FAQ (IDX,CATEGORY,QUESTION) values (40,'배송','꽃이 많이 시들어서 배송 왔어요.');
Insert into BOM.FAQ (IDX,CATEGORY,QUESTION) values (41,'배송','월요일에 수령하고 싶은데, 월요일 수령은 안되나요?');
Insert into BOM.FAQ (IDX,CATEGORY,QUESTION) values (42,'배송','주문 시, 원하는 배송일을 선택할 수 없어요.');
Insert into BOM.FAQ (IDX,CATEGORY,QUESTION) values (45,'배송','운송장 번호로 배송조회를 했는데 배송정보가 없다고 나와요.');
Insert into BOM.FAQ (IDX,CATEGORY,QUESTION) values (46,'취소/환불','주문을 취소하고 싶어요.');
Insert into BOM.FAQ (IDX,CATEGORY,QUESTION) values (47,'취소/환불','배송정보(배송일)를 잘못 입력해서 정상적으로 배송이 되지 않았어요.');
Insert into BOM.FAQ (IDX,CATEGORY,QUESTION) values (48,'취소/환불','이미 수령한 상품에 대한 반품은 어떻게 신청하나요?');
Insert into BOM.FAQ (IDX,CATEGORY,QUESTION) values (49,'취소/환불','무통장 결제에 대하여 환불처리가 되지 않아요.');
Insert into BOM.FAQ (IDX,CATEGORY,QUESTION) values (51,'클래스','클래스 취소 및 환불 절차는 어떻게 되나요?');
Insert into BOM.FAQ (IDX,CATEGORY,QUESTION) values (53,'클래스','클래스 진행시에 재료비 혹은 준비물이 있을까요?');
Insert into BOM.FAQ (IDX,CATEGORY,QUESTION) values (54,'클래스','클래스에 사용했던 꽃 종류를 알고싶어요');
Insert into BOM.FAQ (IDX,CATEGORY,QUESTION) values (56,'기타','ID와 비밀번호를 잊어버렸어요.');
Insert into BOM.FAQ (IDX,CATEGORY,QUESTION) values (57,'기타','회원 탈퇴 시켜줘요.');
Insert into BOM.FAQ (IDX,CATEGORY,QUESTION) values (1,'FAQ','정기구독 날짜를 변경할 수 있나요?');
Insert into BOM.FAQ (IDX,CATEGORY,QUESTION) values (4,'FAQ','배송 시간을 지정하고 싶어요');
Insert into BOM.FAQ (IDX,CATEGORY,QUESTION) values (5,'FAQ','꽃 상태가 좋지 않아요');
Insert into BOM.FAQ (IDX,CATEGORY,QUESTION) values (6,'FAQ','플라워 클래스 날짜를 변경하고 싶어요');
Insert into BOM.FAQ (IDX,CATEGORY,QUESTION) values (7,'상품','꽃 상태가 좋지 않아요');
Insert into BOM.FAQ (IDX,CATEGORY,QUESTION) values (8,'상품','꽃다발을 같은 구성의 꽃바구니로 변경하고 싶어요');
Insert into BOM.FAQ (IDX,CATEGORY,QUESTION) values (9,'상품','꽃 길이를 더 길게 받아보고 싶어요');
Insert into BOM.FAQ (IDX,CATEGORY,QUESTION) values (10,'상품','카드에 이름이 써 있지 않은 꽃의 이름이 궁금해요');
Insert into BOM.FAQ (IDX,CATEGORY,QUESTION) values (11,'상품','홈페이지에 없는 다른 꽃을 주문할 수 있나요?');
Insert into BOM.FAQ (IDX,CATEGORY,QUESTION) values (13,'주문,결제','아직 상품을 받지 않았는데 주문을 취소하고 싶어요.');
Insert into BOM.FAQ (IDX,CATEGORY,QUESTION) values (14,'주문,결제','배송정보(배송일)를 잘못 입력해서 정상적으로 배송이 되지 않았어요.');
Insert into BOM.FAQ (IDX,CATEGORY,QUESTION) values (15,'주문,결제','주문 후 입금했는데, 아직 입금 대기 중이에요');
Insert into BOM.FAQ (IDX,CATEGORY,QUESTION) values (16,'주문,결제','전화로 주문할 수 있나요?');
Insert into BOM.FAQ (IDX,CATEGORY,QUESTION) values (17,'주문,결제','결제 수단에는 어떤것들이 있나요?');
Insert into BOM.FAQ (IDX,CATEGORY,QUESTION) values (18,'주문,결제','결제수단을 변경하고 싶어요');
Insert into BOM.FAQ (IDX,CATEGORY,QUESTION) values (21,'주문,결제','쿠폰 사용은 어떻게 하나요?');
Insert into BOM.FAQ (IDX,CATEGORY,QUESTION) values (25,'정기구독','정기구독을 잠시 중지하고 싶어요.');
Insert into BOM.FAQ (IDX,CATEGORY,QUESTION) values (28,'정기구독','정기구독 상품을 변경할 수 있나요?');
Insert into BOM.FAQ (IDX,CATEGORY,QUESTION) values (33,'정기구독','공휴일에도 정기구독 꽃을 받을 수 있나요?');
Insert into BOM.FAQ (IDX,CATEGORY,QUESTION) values (37,'배송','어떻게 꽃이 배송되나요?');
Insert into BOM.FAQ (IDX,CATEGORY,QUESTION) values (43,'배송','홈페이지에서 주문 후 방문 수령 가능할까요?');
Insert into BOM.FAQ (IDX,CATEGORY,QUESTION) values (44,'배송','꽃다발을 주문한 이후에 화병을 추가로 구매할 수 있나요?');
Insert into BOM.FAQ (IDX,CATEGORY,QUESTION) values (50,'클래스','플라워 클래스 날짜를 변경하고 싶어요.');
Insert into BOM.FAQ (IDX,CATEGORY,QUESTION) values (52,'클래스','클래스에 불참했을 경우 어떻게 되나요?');
Insert into BOM.FAQ (IDX,CATEGORY,QUESTION) values (55,'클래스','클래스 신청한 사람과 실제 수강생의 정보가 달라도 수업 참여가 가능한가요?');
Insert into BOM.FAQ (IDX,CATEGORY,QUESTION) values (19,'주문,결제','이미 주문을 했는데, 상품(옵션)을 추가하고 싶어요.');
Insert into BOM.FAQ (IDX,CATEGORY,QUESTION) values (20,'주문,결제','무통장 입금 계좌번호가 어떻게 되나요?');
Insert into BOM.FAQ (IDX,CATEGORY,QUESTION) values (22,'주문,결제','계산서 신청이 가능한가요?');
Insert into BOM.FAQ (IDX,CATEGORY,QUESTION) values (23,'주문,결제','결제가 되지 않아요');
Insert into BOM.FAQ (IDX,CATEGORY,QUESTION) values (24,'주문,결제','외국인이나 해외 거주자도 주문 가능한가요?');
Insert into BOM.FAQ (IDX,CATEGORY,QUESTION) values (26,'정기구독','정기구독을 해지하고 싶습니다.');
REM INSERTING into BOM.FCB
SET DEFINE OFF;
Insert into BOM.FCB (FCLASS_IDX,BRANCH_IDX) values (72,10);
Insert into BOM.FCB (FCLASS_IDX,BRANCH_IDX) values (76,21);
Insert into BOM.FCB (FCLASS_IDX,BRANCH_IDX) values (79,10);
Insert into BOM.FCB (FCLASS_IDX,BRANCH_IDX) values (76,10);
Insert into BOM.FCB (FCLASS_IDX,BRANCH_IDX) values (76,9);
Insert into BOM.FCB (FCLASS_IDX,BRANCH_IDX) values (80,62);
Insert into BOM.FCB (FCLASS_IDX,BRANCH_IDX) values (80,9);
Insert into BOM.FCB (FCLASS_IDX,BRANCH_IDX) values (69,21);
Insert into BOM.FCB (FCLASS_IDX,BRANCH_IDX) values (69,9);
Insert into BOM.FCB (FCLASS_IDX,BRANCH_IDX) values (101,21);
Insert into BOM.FCB (FCLASS_IDX,BRANCH_IDX) values (101,10);
REM INSERTING into BOM.FCLASS
SET DEFINE OFF;
Insert into BOM.FCLASS (IDX,CATEGORY,NAME,SUBHEADER,PRICE,DISCOUNT_RATE,IMAGE1,IMAGE2,IMAGE3,COUNT) values (69,'원데이클래스','꽃의 향기 클래스','매력적인 향기를 지닌 꽃으로 배우는 핑크무드',120000,10,'https://storage.googleapis.com/download/storage/v1/b/upload.alwaysbom.xyz/o/fclass%2Fclass%2FFJSyabChLE-DSCF0491-3-1105x829.jpg?generation=1617857787946847&alt=media','https://storage.googleapis.com/download/storage/v1/b/upload.alwaysbom.xyz/o/fclass%2Fclass%2FVLjHECQpBU-DSCF0492-5-1105x829.jpg?generation=1617678393349021&alt=media','https://storage.googleapis.com/download/storage/v1/b/upload.alwaysbom.xyz/o/fclass%2Fclass%2FCEFysqnand-DSCF0494-4-1105x829.jpg?generation=1617678393565787&alt=media',10);
Insert into BOM.FCLASS (IDX,CATEGORY,NAME,SUBHEADER,PRICE,DISCOUNT_RATE,IMAGE1,IMAGE2,IMAGE3,COUNT) values (76,'플로리스트','과일바구니 클래스','향긋한 과일이 다채로운 꽃과 어우러져 조화를 이루는',1320000,5,'https://storage.googleapis.com/download/storage/v1/b/upload.alwaysbom.xyz/o/fclass%2Fclass%2FirbIOAVBLF-DSCF2952-1-1105x829.jpg?generation=1617857883466011&alt=media','https://storage.googleapis.com/download/storage/v1/b/upload.alwaysbom.xyz/o/fclass%2Fclass%2FrniMzeIjJm-DSCF2957-1024x768.jpg?generation=1617677905101361&alt=media','https://storage.googleapis.com/download/storage/v1/b/upload.alwaysbom.xyz/o/fclass%2Fclass%2FKmoNVWozYV-DSCF2973-1-1105x829.jpg?generation=1617677905382220&alt=media',15);
Insert into BOM.FCLASS (IDX,CATEGORY,NAME,SUBHEADER,PRICE,DISCOUNT_RATE,IMAGE1,IMAGE2,IMAGE3,COUNT) values (101,'플로리스트','홈데코 클래스','다양한 방법으로 화사한 공간을 연출해줄',1650000,10,'https://storage.googleapis.com/download/storage/v1/b/upload.alwaysbom.xyz/o/fclass%2Fclass%2FokQcXXTjGk-JJM16634-2.jpg?generation=1618179106075191&alt=media','https://storage.googleapis.com/download/storage/v1/b/upload.alwaysbom.xyz/o/fclass%2Fclass%2FCeBSztqcYk-florist2-10.png?generation=1617850682126905&alt=media','https://storage.googleapis.com/download/storage/v1/b/upload.alwaysbom.xyz/o/fclass%2Fclass%2FPUKduTPLeT-florist2-11.jpg?generation=1617850682237210&alt=media',15);
Insert into BOM.FCLASS (IDX,CATEGORY,NAME,SUBHEADER,PRICE,DISCOUNT_RATE,IMAGE1,IMAGE2,IMAGE3,COUNT) values (79,'원데이클래스','스윗가든 클래스','달콤한 과일과 어울리는 선물용 꽃바구니',145000,5,'https://storage.googleapis.com/download/storage/v1/b/upload.alwaysbom.xyz/o/fclass%2Fclass%2FKEOrCYRYYJ-JJM15065-1.jpg?generation=1618179567086775&alt=media','https://storage.googleapis.com/download/storage/v1/b/upload.alwaysbom.xyz/o/fclass%2Fclass%2FWgiCwiIiqd-JJM15081.jpg?generation=1617677822125524&alt=media','https://storage.googleapis.com/download/storage/v1/b/upload.alwaysbom.xyz/o/fclass%2Fclass%2FfWsumVlvnz-JJM15079.jpg?generation=1617677822519166&alt=media',10);
Insert into BOM.FCLASS (IDX,CATEGORY,NAME,SUBHEADER,PRICE,DISCOUNT_RATE,IMAGE1,IMAGE2,IMAGE3,COUNT) values (80,'원데이클래스','난초 클래스','부드러운 색감으로 로맨틱한 무드를 만들어줄',120000,3,'https://storage.googleapis.com/download/storage/v1/b/upload.alwaysbom.xyz/o/fclass%2Fclass%2FOfNNMhVXEy-oneday3-2.jpg?generation=1617850471865667&alt=media','https://storage.googleapis.com/download/storage/v1/b/upload.alwaysbom.xyz/o/fclass%2Fclass%2FXsgTGBmVRx-oneday3-2.jpg?generation=1617850472192986&alt=media','https://storage.googleapis.com/download/storage/v1/b/upload.alwaysbom.xyz/o/fclass%2Fclass%2FCLMLovkHzA-oneday3-1.jpg?generation=1617850473406295&alt=media',10);
Insert into BOM.FCLASS (IDX,CATEGORY,NAME,SUBHEADER,PRICE,DISCOUNT_RATE,IMAGE1,IMAGE2,IMAGE3,COUNT) values (72,'원데이클래스','봄을보라 클래스','노란 유자와 보라빛 조화를 이루는',100000,3,'https://storage.googleapis.com/download/storage/v1/b/upload.alwaysbom.xyz/o/fclass%2Fclass%2FFSGGdYdUNU-JJM10766.jpg?generation=1617857817171194&alt=media','https://storage.googleapis.com/download/storage/v1/b/upload.alwaysbom.xyz/o/fclass%2Fclass%2FDzfahHjszF-JJM10763.jpg?generation=1617670848696208&alt=media','https://storage.googleapis.com/download/storage/v1/b/upload.alwaysbom.xyz/o/fclass%2Fclass%2FwVJXkKHZbV-JJM10767.jpg?generation=1617670849804620&alt=media',10);
REM INSERTING into BOM.FLOWER
SET DEFINE OFF;
Insert into BOM.FLOWER (IDX,NAME,SUBHEADER,PRICE,FSIZE,DISCOUNT_RATE,IMAGE1,IMAGE2,IMAGE3,DEL_STATUS,FREE_DELIVERY) values (3,'햇살 로즈 에디션','봄을 한가득 담은',59900,'XL',10,'https://storage.googleapis.com/download/storage/v1/b/upload.alwaysbom.xyz/o/flower%2FDzIUGIUtTE-0_1.jpg?generation=1618241582228576&alt=media','https://storage.googleapis.com/download/storage/v1/b/upload.alwaysbom.xyz/o/flower%2FVSMDUVxVRc-0_2_O8duXII.jpg?generation=1618241582513225&alt=media','https://storage.googleapis.com/download/storage/v1/b/upload.alwaysbom.xyz/o/flower%2FEjHlJDeepW-0_4_OPHCdFk.jpg?generation=1618241582749149&alt=media',null,0);
Insert into BOM.FLOWER (IDX,NAME,SUBHEADER,PRICE,FSIZE,DISCOUNT_RATE,IMAGE1,IMAGE2,IMAGE3,DEL_STATUS,FREE_DELIVERY) values (46,'로즈 앤 피오니','봄의 여왕이라 불리는 작약',37900,'XL',0,'https://storage.googleapis.com/download/storage/v1/b/upload.alwaysbom.xyz/o/flower%2FRflbqOPvHq-0_1.png?generation=1618234573647060&alt=media','https://storage.googleapis.com/download/storage/v1/b/upload.alwaysbom.xyz/o/flower%2FciyVWLbJlB-0_2.png?generation=1618234573900430&alt=media','https://storage.googleapis.com/download/storage/v1/b/upload.alwaysbom.xyz/o/flower%2FyNaVvwIJrC-0_3.png?generation=1618234574022202&alt=media',null,1);
Insert into BOM.FLOWER (IDX,NAME,SUBHEADER,PRICE,FSIZE,DISCOUNT_RATE,IMAGE1,IMAGE2,IMAGE3,DEL_STATUS,FREE_DELIVERY) values (43,'연핑크 수국','수줍은 소녀의 모습',27900,'M',0,'https://storage.googleapis.com/download/storage/v1/b/upload.alwaysbom.xyz/o/flower%2FtkIKJpxyPM-0_1.jpg?generation=1618232366363755&alt=media','https://storage.googleapis.com/download/storage/v1/b/upload.alwaysbom.xyz/o/flower%2FTyTDnxxpOX-0_4.jpg?generation=1618232366567677&alt=media','https://storage.googleapis.com/download/storage/v1/b/upload.alwaysbom.xyz/o/flower%2FfwMJtwHCUA-0_5.jpg?generation=1618232366669562&alt=media',null,0);
Insert into BOM.FLOWER (IDX,NAME,SUBHEADER,PRICE,FSIZE,DISCOUNT_RATE,IMAGE1,IMAGE2,IMAGE3,DEL_STATUS,FREE_DELIVERY) values (42,'파스텔 거베라','모던베이직 화병과 함께하는',36900,'S',10,'https://storage.googleapis.com/download/storage/v1/b/upload.alwaysbom.xyz/o/flower%2FxjiElclpzT-0_1_KpiCNft.png?generation=1618238775575235&alt=media','https://storage.googleapis.com/download/storage/v1/b/upload.alwaysbom.xyz/o/flower%2FVxIzUYoLqm-0_3_4sQ4pHe.png?generation=1618238775695577&alt=media','https://storage.googleapis.com/download/storage/v1/b/upload.alwaysbom.xyz/o/flower%2FHZXgXuQXOy-0_4_hLR5eST.png?generation=1618238775774666&alt=media',null,0);
Insert into BOM.FLOWER (IDX,NAME,SUBHEADER,PRICE,FSIZE,DISCOUNT_RATE,IMAGE1,IMAGE2,IMAGE3,DEL_STATUS,FREE_DELIVERY) values (67,'이미지 바뀌는 버그 테스트','이미지 바뀌는 버그 테스트',54900,'S',0,'https://storage.googleapis.com/download/storage/v1/b/upload.alwaysbom.xyz/o/flower%2FkVJVjDotwp-fclass2-3.jpg?generation=1617634080194111&alt=media','https://storage.googleapis.com/download/storage/v1/b/upload.alwaysbom.xyz/o/flower%2FsiwyeVakZI-fclass2-2.jpg?generation=1617634078900296&alt=media','https://storage.googleapis.com/download/storage/v1/b/upload.alwaysbom.xyz/o/flower%2FkVJVjDotwp-fclass2-3.jpg?generation=1617634080194111&alt=media','1',1);
Insert into BOM.FLOWER (IDX,NAME,SUBHEADER,PRICE,FSIZE,DISCOUNT_RATE,IMAGE1,IMAGE2,IMAGE3,DEL_STATUS,FREE_DELIVERY) values (66,'캄파넬라 에디션','''축복''의 꽃말',54900,'XL',0,'https://storage.googleapis.com/download/storage/v1/b/upload.alwaysbom.xyz/o/flower%2FrXqpnPWurI-flower1-3.jpg?generation=1617633954236461&alt=media','https://storage.googleapis.com/download/storage/v1/b/upload.alwaysbom.xyz/o/flower%2FgJEAqdIyDp-flower1-2.jpg?generation=1617633952494169&alt=media','https://storage.googleapis.com/download/storage/v1/b/upload.alwaysbom.xyz/o/flower%2FrXqpnPWurI-flower1-3.jpg?generation=1617633954236461&alt=media','1',1);
Insert into BOM.FLOWER (IDX,NAME,SUBHEADER,PRICE,FSIZE,DISCOUNT_RATE,IMAGE1,IMAGE2,IMAGE3,DEL_STATUS,FREE_DELIVERY) values (81,'d','d',54900,'L',0,'https://storage.googleapis.com/download/storage/v1/b/upload.alwaysbom.xyz/o/flower%2FyBPPQbEdlh-flower8-2.jpg?generation=1618136867551513&alt=media',null,null,'1',0);
Insert into BOM.FLOWER (IDX,NAME,SUBHEADER,PRICE,FSIZE,DISCOUNT_RATE,IMAGE1,IMAGE2,IMAGE3,DEL_STATUS,FREE_DELIVERY) values (82,'ㅇㅇ','d',156000,'M',0,'https://storage.googleapis.com/download/storage/v1/b/upload.alwaysbom.xyz/o/flower%2FUmpXNkrOYK-vase3-3.jpg?generation=1618136930557535&alt=media',null,null,'1',0);
Insert into BOM.FLOWER (IDX,NAME,SUBHEADER,PRICE,FSIZE,DISCOUNT_RATE,IMAGE1,IMAGE2,IMAGE3,DEL_STATUS,FREE_DELIVERY) values (64,'라일락 에디션','따뜻한 봄바람이 불어오는',33000,'M',10,'https://storage.googleapis.com/download/storage/v1/b/upload.alwaysbom.xyz/o/flower%2FEBAueObLxX-flower3-1.jpg?generation=1617893819521268&alt=media','https://storage.googleapis.com/download/storage/v1/b/upload.alwaysbom.xyz/o/flower%2FMOJmDghaDW-flower3-2.jpg?generation=1617893823195849&alt=media','https://storage.googleapis.com/download/storage/v1/b/upload.alwaysbom.xyz/o/flower%2FgyeodotqZp-flower3-3.jpg?generation=1617893824483246&alt=media',null,0);
Insert into BOM.FLOWER (IDX,NAME,SUBHEADER,PRICE,FSIZE,DISCOUNT_RATE,IMAGE1,IMAGE2,IMAGE3,DEL_STATUS,FREE_DELIVERY) values (83,'망고 튤립','SNS 인기 최고',29900,'M',0,'https://storage.googleapis.com/download/storage/v1/b/upload.alwaysbom.xyz/o/flower%2FHbqOszIngm-flower4-1.jpg?generation=1618145059296675&alt=media','https://storage.googleapis.com/download/storage/v1/b/upload.alwaysbom.xyz/o/flower%2FPMDigBfteL-flower4-4.jpg?generation=1618145059498817&alt=media','https://storage.googleapis.com/download/storage/v1/b/upload.alwaysbom.xyz/o/flower%2FQtrjxHLoni-flower4-3.jpg?generation=1618145059790419&alt=media',null,0);
Insert into BOM.FLOWER (IDX,NAME,SUBHEADER,PRICE,FSIZE,DISCOUNT_RATE,IMAGE1,IMAGE2,IMAGE3,DEL_STATUS,FREE_DELIVERY) values (62,'히아신스 에디션','특별한 날 더욱 빛나는',55900,'XL',0,'https://storage.googleapis.com/download/storage/v1/b/upload.alwaysbom.xyz/o/flower%2FUevvSMIZRe-0_4_0xGMk49%20(2).png?generation=1618232327561275&alt=media','https://storage.googleapis.com/download/storage/v1/b/upload.alwaysbom.xyz/o/flower%2FGRYjDPlLzm-0_1.png?generation=1618232327814856&alt=media','https://storage.googleapis.com/download/storage/v1/b/upload.alwaysbom.xyz/o/flower%2FJHbFddlsMF-0_3_WPYxcVc.png?generation=1618231779412727&alt=media',null,1);
Insert into BOM.FLOWER (IDX,NAME,SUBHEADER,PRICE,FSIZE,DISCOUNT_RATE,IMAGE1,IMAGE2,IMAGE3,DEL_STATUS,FREE_DELIVERY) values (63,'캄파넬라 에디션','''축복''의 꽃말',54900,'XL',0,'https://storage.googleapis.com/download/storage/v1/b/upload.alwaysbom.xyz/o/flower%2FefQUXUoWIl-flower1-2.jpg?generation=1617891279584834&alt=media','https://storage.googleapis.com/download/storage/v1/b/upload.alwaysbom.xyz/o/flower%2FSGQfHrIDES-flower1-1.jpg?generation=1617891307162699&alt=media','https://storage.googleapis.com/download/storage/v1/b/upload.alwaysbom.xyz/o/flower%2FuqwDjGBhDV-flower1-3.jpg?generation=1617637657592784&alt=media',null,1);
Insert into BOM.FLOWER (IDX,NAME,SUBHEADER,PRICE,FSIZE,DISCOUNT_RATE,IMAGE1,IMAGE2,IMAGE3,DEL_STATUS,FREE_DELIVERY) values (84,'asd','asd',11000,'S',0,'https://storage.googleapis.com/download/storage/v1/b/upload.alwaysbom.xyz/o/flower%2FkjCgukPbaE-flower4-5.jpg?generation=1618145303475343&alt=media',null,null,'1',0);
Insert into BOM.FLOWER (IDX,NAME,SUBHEADER,PRICE,FSIZE,DISCOUNT_RATE,IMAGE1,IMAGE2,IMAGE3,DEL_STATUS,FREE_DELIVERY) values (86,'이담영','''축복''의 꽃말',54900,'L',0,'https://storage.googleapis.com/download/storage/v1/b/upload.alwaysbom.xyz/o/flower%2FAaWnvRBNPt-vase1-3.jpg?generation=1618163495605773&alt=media',null,null,'1',0);
Insert into BOM.FLOWER (IDX,NAME,SUBHEADER,PRICE,FSIZE,DISCOUNT_RATE,IMAGE1,IMAGE2,IMAGE3,DEL_STATUS,FREE_DELIVERY) values (61,'벚꽃 에디션','내 방을 물들인 핑크빛 봄',46800,'L',15,'https://storage.googleapis.com/download/storage/v1/b/upload.alwaysbom.xyz/o/flower%2FKEDTwUyIpX-0_4_a13Nds1%20(1)%20(1).png?generation=1618234393506452&alt=media','https://storage.googleapis.com/download/storage/v1/b/upload.alwaysbom.xyz/o/flower%2FzziqFNpVch-0_3_6p5voeD%20(1).png?generation=1618234394021726&alt=media','https://storage.googleapis.com/download/storage/v1/b/upload.alwaysbom.xyz/o/flower%2FlAIKkpkMtN-0_5_QE303Ze%20(1).png?generation=1618234394420504&alt=media',null,1);
Insert into BOM.FLOWER (IDX,NAME,SUBHEADER,PRICE,FSIZE,DISCOUNT_RATE,IMAGE1,IMAGE2,IMAGE3,DEL_STATUS,FREE_DELIVERY) values (65,'망고빛 거베라 에디션','새늘봄 베스트 컬러',49900,'XL',0,'https://storage.googleapis.com/download/storage/v1/b/upload.alwaysbom.xyz/o/flower%2FMldUMMFxEa-flower2-1.jpg?generation=1617889280085111&alt=media','https://storage.googleapis.com/download/storage/v1/b/upload.alwaysbom.xyz/o/flower%2FhPzSnsCVtC-flower2-2.jpg?generation=1617889282873692&alt=media','https://storage.googleapis.com/download/storage/v1/b/upload.alwaysbom.xyz/o/flower%2FobuDqnBlBd-flower2-4.jpg?generation=1617889283261498&alt=media',null,1);
Insert into BOM.FLOWER (IDX,NAME,SUBHEADER,PRICE,FSIZE,DISCOUNT_RATE,IMAGE1,IMAGE2,IMAGE3,DEL_STATUS,FREE_DELIVERY) values (48,'스프링가든 에디션','화사한 봄날의 정원',36900,'L',10,'https://storage.googleapis.com/download/storage/v1/b/upload.alwaysbom.xyz/o/flower%2FmdghoxsWQy-0_2.png?generation=1618233263465751&alt=media','https://storage.googleapis.com/download/storage/v1/b/upload.alwaysbom.xyz/o/flower%2FOZgYpKaorK-0_3.jpg?generation=1618233263623467&alt=media','https://storage.googleapis.com/download/storage/v1/b/upload.alwaysbom.xyz/o/flower%2FPBoiyotlxk-0_4.png?generation=1618233263754275&alt=media',null,1);
Insert into BOM.FLOWER (IDX,NAME,SUBHEADER,PRICE,FSIZE,DISCOUNT_RATE,IMAGE1,IMAGE2,IMAGE3,DEL_STATUS,FREE_DELIVERY) values (41,'라벤더블루 수국','신비로운 깊은 바다가 담긴',29900,'M',0,'https://storage.googleapis.com/download/storage/v1/b/upload.alwaysbom.xyz/o/flower%2FliHJCECvOV-0_3_nXQck4K.jpg?generation=1618240218504135&alt=media','https://storage.googleapis.com/download/storage/v1/b/upload.alwaysbom.xyz/o/flower%2FFCbdBGyMxb-0_2_bBxrMdC.jpg?generation=1618240218791246&alt=media','https://storage.googleapis.com/download/storage/v1/b/upload.alwaysbom.xyz/o/flower%2FnnJioHpehN-0_5_xFAHuTt.jpg?generation=1618240218967859&alt=media',null,0);
Insert into BOM.FLOWER (IDX,NAME,SUBHEADER,PRICE,FSIZE,DISCOUNT_RATE,IMAGE1,IMAGE2,IMAGE3,DEL_STATUS,FREE_DELIVERY) values (88,'d','d',48000,'M',2,'https://storage.googleapis.com/download/storage/v1/b/upload.alwaysbom.xyz/o/flower%2FBWoNBQUOYN-goods2-3.jpg?generation=1618235389300545&alt=media',null,null,'1',0);
REM INSERTING into BOM.MAIN
SET DEFINE OFF;
Insert into BOM.MAIN (FCLASS_IDX_BIG,FCLASS_IDX_SMALL) values (101,79);
REM INSERTING into BOM.MAIN_IMAGE
SET DEFINE OFF;
Insert into BOM.MAIN_IMAGE (IDX,PATH,LINK) values (1,'https://storage.googleapis.com/download/storage/v1/b/upload.alwaysbom.xyz/o/admin%2Fmain%2FSzntojmEWB-main_slideBanner_subs.jpg?generation=1618172120257040&alt=media','/subs');
Insert into BOM.MAIN_IMAGE (IDX,PATH,LINK) values (2,'https://storage.googleapis.com/download/storage/v1/b/upload.alwaysbom.xyz/o/admin%2Fmain%2FFsQKJrdALV-main_slideBanner_flower.jpg?generation=1618173194994477&alt=media','/flower');
Insert into BOM.MAIN_IMAGE (IDX,PATH,LINK) values (3,'https://storage.googleapis.com/download/storage/v1/b/upload.alwaysbom.xyz/o/admin%2Fmain%2FdLzJbKVExh-main_slideBanner_fclass.jpg?generation=1618196363864077&alt=media','/fclass/classList');
Insert into BOM.MAIN_IMAGE (IDX,PATH,LINK) values (4,'https://storage.googleapis.com/download/storage/v1/b/upload.alwaysbom.xyz/o/admin%2Fmain%2FrWLtATbyKx-main_slideBanner_product.jpg?generation=1618279113464651&alt=media','/product');
Insert into BOM.MAIN_IMAGE (IDX,PATH,LINK) values (5,'https://storage.googleapis.com/download/storage/v1/b/upload.alwaysbom.xyz/o/admin%2Fmain%2FZyycdxqlrb-community_banner_1280.jpg?generation=1618254112793648&alt=media','/community/event/eventlist');
Insert into BOM.MAIN_IMAGE (IDX,PATH,LINK) values (6,null,'/community/event/eventlist');
REM INSERTING into BOM.MEMBER
SET DEFINE OFF;
Insert into BOM.MEMBER (ID,PW,NAME,BIRTH,GENDER,PHONE,GRADE,POINT,QUIT_STATUS) values ('test@test.com','1234','test',to_date('2021/04/09','YYYY/MM/DD'),'male','010-1234-5678','데이지',7000,0);
Insert into BOM.MEMBER (ID,PW,NAME,BIRTH,GENDER,PHONE,GRADE,POINT,QUIT_STATUS) values ('chlwlsdk0714@google.com','wlsdk0714!','초지나',to_date('1995/07/14','YYYY/MM/DD'),'female','010-1004-1004','데이지',1000,0);
Insert into BOM.MEMBER (ID,PW,NAME,BIRTH,GENDER,PHONE,GRADE,POINT,QUIT_STATUS) values ('hayan@bit.com','tosmfqha1!','박하얀',to_date('1990/05/18','YYYY/MM/DD'),'female','010-9987-9090','데이지',1400,0);
Insert into BOM.MEMBER (ID,PW,NAME,BIRTH,GENDER,PHONE,GRADE,POINT,QUIT_STATUS) values ('jinah@bit.com','tosmfqha1!','최진아',to_date('1994/06/08','YYYY/MM/DD'),'female','010-2356-7979','데이지',1000,0);
Insert into BOM.MEMBER (ID,PW,NAME,BIRTH,GENDER,PHONE,GRADE,POINT,QUIT_STATUS) values ('yuna1880@naver.com','0927','권유나',to_date('1993/09/27','YYYY/MM/DD'),'female','010-5473-1292','자스민',100,0);
Insert into BOM.MEMBER (ID,PW,NAME,BIRTH,GENDER,PHONE,GRADE,POINT,QUIT_STATUS) values ('dlagksk64@naver.com','1234','임하나',to_date('2000/01/01','YYYY/MM/DD'),'female','010-1111-3333','데이지',4200,0);
Insert into BOM.MEMBER (ID,PW,NAME,BIRTH,GENDER,PHONE,GRADE,POINT,QUIT_STATUS) values ('hey177@bit.com','tosmfqha1!','최성학',to_date('1990/01/24','YYYY/MM/DD'),'male','010-1234-1111','자스민',1000,0);
Insert into BOM.MEMBER (ID,PW,NAME,BIRTH,GENDER,PHONE,GRADE,POINT,QUIT_STATUS) values ('h1230@bit.com','tosmfqha1!','이지선',to_date('1989/07/11','YYYY/MM/DD'),'female','010-5681-2423','자스민',1000,0);
Insert into BOM.MEMBER (ID,PW,NAME,BIRTH,GENDER,PHONE,GRADE,POINT,QUIT_STATUS) values ('xlqmdl@nate.com','tmdgh15!','임승호',to_date('1994/03/12','YYYY/MM/DD'),'male','010-8850-3465','데이지',1000,0);
Insert into BOM.MEMBER (ID,PW,NAME,BIRTH,GENDER,PHONE,GRADE,POINT,QUIT_STATUS) values ('dlektha1@bit.com','tosmfqha1!','이다솜',to_date('2021/04/01','YYYY/MM/DD'),'male','010-4444-2222','데이지',1000,0);
Insert into BOM.MEMBER (ID,PW,NAME,BIRTH,GENDER,PHONE,GRADE,POINT,QUIT_STATUS) values ('norisom2@naver.com','tosmfqha1!','남주혁',to_date('1993/02/10','YYYY/MM/DD'),'male','010-4127-5283','데이지',12000,0);
Insert into BOM.MEMBER (ID,PW,NAME,BIRTH,GENDER,PHONE,GRADE,POINT,QUIT_STATUS) values ('jokingbirds@gmail.com','tosmfqha1!','이담영',to_date('2018/01/03','YYYY/MM/DD'),'female','010-1234-1234','데이지',1000,0);
Insert into BOM.MEMBER (ID,PW,NAME,BIRTH,GENDER,PHONE,GRADE,POINT,QUIT_STATUS) values ('jinyoung@bit.com','tosmfqha1!','신진영',to_date('1996/12/15','YYYY/MM/DD'),'female','010-6352-8989','데이지',1200,0);
Insert into BOM.MEMBER (ID,PW,NAME,BIRTH,GENDER,PHONE,GRADE,POINT,QUIT_STATUS) values ('sld564321@gmail.com','tosmfqha2@','이다솜',to_date('2015/05/11','YYYY/MM/DD'),'female','010-4955-2020','자스민',7600,0);
Insert into BOM.MEMBER (ID,PW,NAME,BIRTH,GENDER,PHONE,GRADE,POINT,QUIT_STATUS) values ('hana111111@naver.com','tosmfqha2@','이다송',to_date('2021/02/03','YYYY/MM/DD'),'female','010-1538-5413','데이지',0,1);
Insert into BOM.MEMBER (ID,PW,NAME,BIRTH,GENDER,PHONE,GRADE,POINT,QUIT_STATUS) values ('jaehoon@bit.com','tosmfqha1!','김재훈',to_date('1990/03/05','YYYY/MM/DD'),'male','010-8888-9878','데이지',1400,0);
Insert into BOM.MEMBER (ID,PW,NAME,BIRTH,GENDER,PHONE,GRADE,POINT,QUIT_STATUS) values ('test','test','test',to_date('2021/03/24','YYYY/MM/DD'),'male','010-1234-5679','데이지',1000,0);
Insert into BOM.MEMBER (ID,PW,NAME,BIRTH,GENDER,PHONE,GRADE,POINT,QUIT_STATUS) values ('xzllxz456@naver.com','1234','신동호',to_date('1996/03/18','YYYY/MM/DD'),'male','010-6775-9632','데이지',1200,0);
Insert into BOM.MEMBER (ID,PW,NAME,BIRTH,GENDER,PHONE,GRADE,POINT,QUIT_STATUS) values ('yidamyeong@gmail.com','1234','이담영',to_date('2021/03/11','YYYY/MM/DD'),'female','010-1234-0000','데이지',1300,0);
Insert into BOM.MEMBER (ID,PW,NAME,BIRTH,GENDER,PHONE,GRADE,POINT,QUIT_STATUS) values ('hena@bit.com','tosmfqha1!','송해나',to_date('1987/11/01','YYYY/MM/DD'),'female','010-8989-5656','자스민',302200,0);
Insert into BOM.MEMBER (ID,PW,NAME,BIRTH,GENDER,PHONE,GRADE,POINT,QUIT_STATUS) values ('daseul@bit.com','tosmfqha1!','주다슬',to_date('1995/11/02','YYYY/MM/DD'),'female','010-2398-0987','데이지',1200,0);
Insert into BOM.MEMBER (ID,PW,NAME,BIRTH,GENDER,PHONE,GRADE,POINT,QUIT_STATUS) values ('giho@bit.com','tosmfqha1!','이기호',to_date('1991/07/04','YYYY/MM/DD'),'male','010-9874-4545','데이지',1200,0);
Insert into BOM.MEMBER (ID,PW,NAME,BIRTH,GENDER,PHONE,GRADE,POINT,QUIT_STATUS) values ('yoonchang@bit.com','tosmfqha1!','남윤창',to_date('1997/08/23','YYYY/MM/DD'),'male','010-7765-3456','데이지',1400,0);
Insert into BOM.MEMBER (ID,PW,NAME,BIRTH,GENDER,PHONE,GRADE,POINT,QUIT_STATUS) values ('mino@bit.com','tosmfqha1!','윤민호',to_date('1987/12/24','YYYY/MM/DD'),'male','010-8798-0098','데이지',1000,0);
Insert into BOM.MEMBER (ID,PW,NAME,BIRTH,GENDER,PHONE,GRADE,POINT,QUIT_STATUS) values ('donghyun@bit.com','tosmfqha1!','서동현',to_date('1996/04/08','YYYY/MM/DD'),'male','010-2876-9090','데이지',1000,0);
Insert into BOM.MEMBER (ID,PW,NAME,BIRTH,GENDER,PHONE,GRADE,POINT,QUIT_STATUS) values ('sanghee@bit.com','tosmfqha1!','이상희',to_date('2000/09/20','YYYY/MM/DD'),'male','010-2342-2311','데이지',1000,0);
Insert into BOM.MEMBER (ID,PW,NAME,BIRTH,GENDER,PHONE,GRADE,POINT,QUIT_STATUS) values ('yoonhee@bit.com','tosmfqha1!','원윤희',to_date('2021/04/28','YYYY/MM/DD'),'female','010-2342-1221','무궁화',0,1);
Insert into BOM.MEMBER (ID,PW,NAME,BIRTH,GENDER,PHONE,GRADE,POINT,QUIT_STATUS) values ('dbtkdwls4125@gmail.com','Dbsk1880!','유상진',to_date('1993/12/05','YYYY/MM/DD'),'male','010-5221-8416','데이지',1000,0);
Insert into BOM.MEMBER (ID,PW,NAME,BIRTH,GENDER,PHONE,GRADE,POINT,QUIT_STATUS) values ('dbsduq0303@naver.com','tosmfqha1','이윤엽',to_date('1996/03/03','YYYY/MM/DD'),'male','010-6433-8327','데이지',1000,0);
Insert into BOM.MEMBER (ID,PW,NAME,BIRTH,GENDER,PHONE,GRADE,POINT,QUIT_STATUS) values ('alfm145@gmail.com','tosmfqha1','박미르',to_date('1996/10/05','YYYY/MM/DD'),'male','010-9966-1386','데이지',1000,0);
Insert into BOM.MEMBER (ID,PW,NAME,BIRTH,GENDER,PHONE,GRADE,POINT,QUIT_STATUS) values ('ksb991102@naver.com','tosmfqha1','김솔비',to_date('1999/11/02','YYYY/MM/DD'),'female','010-2665-9037','데이지',1000,0);
Insert into BOM.MEMBER (ID,PW,NAME,BIRTH,GENDER,PHONE,GRADE,POINT,QUIT_STATUS) values ('yuna1880','1234','권유나',to_date('2021/04/14','YYYY/MM/DD'),'female','010-5555-5555','자스민',1000,0);
Insert into BOM.MEMBER (ID,PW,NAME,BIRTH,GENDER,PHONE,GRADE,POINT,QUIT_STATUS) values ('shvdmfchl96@naver.com','tosmfqha1','최현',to_date('1996/06/20','YYYY/MM/DD'),'male','010-2472-0620','데이지',1000,0);
Insert into BOM.MEMBER (ID,PW,NAME,BIRTH,GENDER,PHONE,GRADE,POINT,QUIT_STATUS) values ('goskehfpal@naver.com','tosmfqha1!','조해나',to_date('2001/07/12','YYYY/MM/DD'),'female','010-4991-9422','데이지',1000,0);
Insert into BOM.MEMBER (ID,PW,NAME,BIRTH,GENDER,PHONE,GRADE,POINT,QUIT_STATUS) values ('dlwldhksrh@naver.com','tosmfqha1!','지완이',to_date('1996/07/02','YYYY/MM/DD'),'male','010-5042-8961','데이지',1000,0);
Insert into BOM.MEMBER (ID,PW,NAME,BIRTH,GENDER,PHONE,GRADE,POINT,QUIT_STATUS) values ('hwang0506@nate.com','tosmfqha1','황제욱',to_date('1996/04/02','YYYY/MM/DD'),'male','010-7747-9904','데이지',1000,0);
Insert into BOM.MEMBER (ID,PW,NAME,BIRTH,GENDER,PHONE,GRADE,POINT,QUIT_STATUS) values ('94ehdrhks@gmail.com','SPh-4600','이동관',to_date('1994/03/17','YYYY/MM/DD'),'male','010-2267-5032','데이지',1000,0);
REM INSERTING into BOM.MYQ
SET DEFINE OFF;
Insert into BOM.MYQ (IDX,NAME,IMAGE,MEMBER_ID,EMAIL_SEND,QUESTION_DATE,ANSWER_DATE,ANSWER_TITLE) values (43,'dsadsa',null,'test',0,to_date('2021/04/09','YYYY/MM/DD'),to_date('2021/04/10','YYYY/MM/DD'),'ewq');
Insert into BOM.MYQ (IDX,NAME,IMAGE,MEMBER_ID,EMAIL_SEND,QUESTION_DATE,ANSWER_DATE,ANSWER_TITLE) values (72,'제가 궁금한 것은요~?','https://storage.googleapis.com/download/storage/v1/b/upload.alwaysbom.xyz/o/community%2Fquestion%2FxwzyuUqHvV-flower1.jpg?generation=1618148397272595&alt=media','sld564321@gmail.com',0,to_date('2021/04/11','YYYY/MM/DD'),to_date('2021/04/11','YYYY/MM/DD'),'네~ 고객님!');
Insert into BOM.MYQ (IDX,NAME,IMAGE,MEMBER_ID,EMAIL_SEND,QUESTION_DATE,ANSWER_DATE,ANSWER_TITLE) values (79,'제가 궁금한 것은요~?',null,'norisom2@naver.com',0,to_date('2021/04/12','YYYY/MM/DD'),to_date('2021/04/12','YYYY/MM/DD'),'네~ 고객님!');
Insert into BOM.MYQ (IDX,NAME,IMAGE,MEMBER_ID,EMAIL_SEND,QUESTION_DATE,ANSWER_DATE,ANSWER_TITLE) values (74,'test',null,'test@test.com',0,to_date('2021/04/11','YYYY/MM/DD'),null,null);
Insert into BOM.MYQ (IDX,NAME,IMAGE,MEMBER_ID,EMAIL_SEND,QUESTION_DATE,ANSWER_DATE,ANSWER_TITLE) values (78,'안녕하세요~ 배송 문의합니다^^',null,'norisom2@naver.com',0,to_date('2021/04/12','YYYY/MM/DD'),null,null);
Insert into BOM.MYQ (IDX,NAME,IMAGE,MEMBER_ID,EMAIL_SEND,QUESTION_DATE,ANSWER_DATE,ANSWER_TITLE) values (80,'주문했는데요~',null,'norisom2@naver.com',0,to_date('2021/04/12','YYYY/MM/DD'),to_date('2021/04/13','YYYY/MM/DD'),'답변드립니다 ^^!!');
Insert into BOM.MYQ (IDX,NAME,IMAGE,MEMBER_ID,EMAIL_SEND,QUESTION_DATE,ANSWER_DATE,ANSWER_TITLE) values (23,'test','test','test',1,to_date('2021/03/04','YYYY/MM/DD'),to_date('2021/04/05','YYYY/MM/DD'),'ㅎㅎㅎㅎ');
Insert into BOM.MYQ (IDX,NAME,IMAGE,MEMBER_ID,EMAIL_SEND,QUESTION_DATE,ANSWER_DATE,ANSWER_TITLE) values (41,'관리자','https://storage.googleapis.com/download/storage/v1/b/upload.alwaysbom.xyz/o/community%2Fquestion%2FzAvgIHpynq-flower1-3.jpg?generation=1617870945324719&alt=media','test',0,to_date('2021/04/08','YYYY/MM/DD'),null,null);
Insert into BOM.MYQ (IDX,NAME,IMAGE,MEMBER_ID,EMAIL_SEND,QUESTION_DATE,ANSWER_DATE,ANSWER_TITLE) values (25,'test',null,'test',1,to_date('2021/04/04','YYYY/MM/DD'),null,null);
Insert into BOM.MYQ (IDX,NAME,IMAGE,MEMBER_ID,EMAIL_SEND,QUESTION_DATE,ANSWER_DATE,ANSWER_TITLE) values (26,'test',null,'test',0,to_date('2021/04/04','YYYY/MM/DD'),null,null);
Insert into BOM.MYQ (IDX,NAME,IMAGE,MEMBER_ID,EMAIL_SEND,QUESTION_DATE,ANSWER_DATE,ANSWER_TITLE) values (22,'test','test','test',0,to_date('2021/03/03','YYYY/MM/DD'),null,null);
Insert into BOM.MYQ (IDX,NAME,IMAGE,MEMBER_ID,EMAIL_SEND,QUESTION_DATE,ANSWER_DATE,ANSWER_TITLE) values (27,'test','https://storage.googleapis.com/download/storage/v1/b/upload.alwaysbom.xyz/o/community%2Fquestion%2FbQvqivJSto-%E3%85%89%E3%84%B1.jpg?generation=1617531426887566&alt=media','test',0,to_date('2021/04/04','YYYY/MM/DD'),to_date('2021/04/05','YYYY/MM/DD'),'test');
Insert into BOM.MYQ (IDX,NAME,IMAGE,MEMBER_ID,EMAIL_SEND,QUESTION_DATE,ANSWER_DATE,ANSWER_TITLE) values (42,'관리자','https://storage.googleapis.com/download/storage/v1/b/upload.alwaysbom.xyz/o/community%2Fquestion%2FdXCHTzQpBr-flower1-3.jpg?generation=1617871055183470&alt=media','test',0,to_date('2021/04/08','YYYY/MM/DD'),null,null);
Insert into BOM.MYQ (IDX,NAME,IMAGE,MEMBER_ID,EMAIL_SEND,QUESTION_DATE,ANSWER_DATE,ANSWER_TITLE) values (69,'안녕하세요~ 배송 문의합니다^^','https://storage.googleapis.com/download/storage/v1/b/upload.alwaysbom.xyz/o/community%2Fquestion%2FqlpifQvsMm-flower1.jpg?generation=1618141883225077&alt=media','sld564321@gmail.com',0,to_date('2021/04/11','YYYY/MM/DD'),to_date('2021/04/11','YYYY/MM/DD'),'안녕하세요오오오');
Insert into BOM.MYQ (IDX,NAME,IMAGE,MEMBER_ID,EMAIL_SEND,QUESTION_DATE,ANSWER_DATE,ANSWER_TITLE) values (62,'1대1문의 입니다','https://storage.googleapis.com/download/storage/v1/b/upload.alwaysbom.xyz/o/community%2Fquestion%2FRVjjNnSlJR-%EB%A7%88%EB%A6%AC%EB%AA%AC%EB%93%9C.jpg?generation=1618073261665518&alt=media','test',0,to_date('2021/04/10','YYYY/MM/DD'),to_date('2021/04/11','YYYY/MM/DD'),'ㅁㅁ');
Insert into BOM.MYQ (IDX,NAME,IMAGE,MEMBER_ID,EMAIL_SEND,QUESTION_DATE,ANSWER_DATE,ANSWER_TITLE) values (70,'직접 가지러 갈 수는 없나요?',null,'sld564321@gmail.com',0,to_date('2021/04/11','YYYY/MM/DD'),to_date('2021/04/11','YYYY/MM/DD'),'답변드립니다 ^^');
Insert into BOM.MYQ (IDX,NAME,IMAGE,MEMBER_ID,EMAIL_SEND,QUESTION_DATE,ANSWER_DATE,ANSWER_TITLE) values (71,'테스트 문의입니다',null,'test@test.com',0,to_date('2021/04/11','YYYY/MM/DD'),to_date('2021/04/12','YYYY/MM/DD'),'fsad');
Insert into BOM.MYQ (IDX,NAME,IMAGE,MEMBER_ID,EMAIL_SEND,QUESTION_DATE,ANSWER_DATE,ANSWER_TITLE) values (75,'안녕하세요~ 문의합니다^^',null,'sld564321@gmail.com',0,to_date('2021/04/12','YYYY/MM/DD'),null,null);
Insert into BOM.MYQ (IDX,NAME,IMAGE,MEMBER_ID,EMAIL_SEND,QUESTION_DATE,ANSWER_DATE,ANSWER_TITLE) values (76,'하나만 여쭤보겠습니다~',null,'sld564321@gmail.com',0,to_date('2021/04/12','YYYY/MM/DD'),to_date('2021/04/12','YYYY/MM/DD'),'답변입니다.');
REM INSERTING into BOM.OCLASS
SET DEFINE OFF;
Insert into BOM.OCLASS (IDX,MEMBER_ID,REG_COUNT,PAY_TYPE,PAY_TOTAL,PAY_DATE,DISCOUNT_GRADE,DISCOUNT_POINT,FCLASS_NAME,BRANCH_NAME,BRANCH_ADDR,FCLASS_IMAGE,SCHEDULE_DATE,SCHEDULE_START_TIME,SCHEDULE_END_TIME,FCLASS_COUNT,STATUS,REVIEW_CHECK,DISCOUNT_TOTAL_PRICE,FCLASS_IDX,SCHEDULE_IDX,ORDER_DATE,REVIEW_IDX) values (250,'hena@bit.com',1,'신용카드',100000,to_date('2021/02/11','YYYY/MM/DD'),0,0,'봄을보라 클래스','강남점','서울특별시 서초구 강남대로 459 백암빌딩 1층','https://storage.googleapis.com/download/storage/v1/b/upload.alwaysbom.xyz/o/fclass%2Fclass%2FFSGGdYdUNU-JJM10766.jpg?generation=1617857817171194&alt=media',to_date('2021/02/15','YYYY/MM/DD'),'10:00','12:00',10,'결제완료',0,95060,72,161,to_date('2021/02/11','YYYY/MM/DD'),null);
Insert into BOM.OCLASS (IDX,MEMBER_ID,REG_COUNT,PAY_TYPE,PAY_TOTAL,PAY_DATE,DISCOUNT_GRADE,DISCOUNT_POINT,FCLASS_NAME,BRANCH_NAME,BRANCH_ADDR,FCLASS_IMAGE,SCHEDULE_DATE,SCHEDULE_START_TIME,SCHEDULE_END_TIME,FCLASS_COUNT,STATUS,REVIEW_CHECK,DISCOUNT_TOTAL_PRICE,FCLASS_IDX,SCHEDULE_IDX,ORDER_DATE,REVIEW_IDX) values (251,'hena@bit.com',1,'신용카드',120000,to_date('2021/01/16','YYYY/MM/DD'),0,0,'꽃의 향기 클래스','신촌점','서울특별시 마포구 백범로 23 구프라자 3층','https://storage.googleapis.com/download/storage/v1/b/upload.alwaysbom.xyz/o/fclass%2Fclass%2FFJSyabChLE-DSCF0491-3-1105x829.jpg?generation=1617857787946847&alt=media',to_date('2021/04/15','YYYY/MM/DD'),'11:00','15:00',10,'결제완료',1,105840,69,null,to_date('2021/01/11','YYYY/MM/DD'),290);
Insert into BOM.OCLASS (IDX,MEMBER_ID,REG_COUNT,PAY_TYPE,PAY_TOTAL,PAY_DATE,DISCOUNT_GRADE,DISCOUNT_POINT,FCLASS_NAME,BRANCH_NAME,BRANCH_ADDR,FCLASS_IMAGE,SCHEDULE_DATE,SCHEDULE_START_TIME,SCHEDULE_END_TIME,FCLASS_COUNT,STATUS,REVIEW_CHECK,DISCOUNT_TOTAL_PRICE,FCLASS_IDX,SCHEDULE_IDX,ORDER_DATE,REVIEW_IDX) values (271,'yoonchang@bit.com',1,'신용카드(직접입력)',120000,to_date('2021/04/12','YYYY/MM/DD'),0,0,'꽃의 향기 클래스','신촌점','서울특별시 마포구 백범로 23 구프라자 3층','https://storage.googleapis.com/download/storage/v1/b/upload.alwaysbom.xyz/o/fclass%2Fclass%2FFJSyabChLE-DSCF0491-3-1105x829.jpg?generation=1617857787946847&alt=media',to_date('2021/04/27','YYYY/MM/DD'),'13:00','16:00',10,'결제완료',1,108000,69,251,to_date('2021/04/12','YYYY/MM/DD'),338);
Insert into BOM.OCLASS (IDX,MEMBER_ID,REG_COUNT,PAY_TYPE,PAY_TOTAL,PAY_DATE,DISCOUNT_GRADE,DISCOUNT_POINT,FCLASS_NAME,BRANCH_NAME,BRANCH_ADDR,FCLASS_IMAGE,SCHEDULE_DATE,SCHEDULE_START_TIME,SCHEDULE_END_TIME,FCLASS_COUNT,STATUS,REVIEW_CHECK,DISCOUNT_TOTAL_PRICE,FCLASS_IDX,SCHEDULE_IDX,ORDER_DATE,REVIEW_IDX) values (272,'yoonchang@bit.com',1,'무통장입금',1650000,null,0,0,'홈데코 클래스','신촌점','서울특별시 마포구 백범로 23 구프라자 3층','https://storage.googleapis.com/download/storage/v1/b/upload.alwaysbom.xyz/o/fclass%2Fclass%2FokQcXXTjGk-JJM16634-2.jpg?generation=1618179106075191&alt=media',to_date('2021/04/22','YYYY/MM/DD'),'13:00','16:00',15,'입금대기',0,1485000,101,190,to_date('2021/04/12','YYYY/MM/DD'),null);
Insert into BOM.OCLASS (IDX,MEMBER_ID,REG_COUNT,PAY_TYPE,PAY_TOTAL,PAY_DATE,DISCOUNT_GRADE,DISCOUNT_POINT,FCLASS_NAME,BRANCH_NAME,BRANCH_ADDR,FCLASS_IMAGE,SCHEDULE_DATE,SCHEDULE_START_TIME,SCHEDULE_END_TIME,FCLASS_COUNT,STATUS,REVIEW_CHECK,DISCOUNT_TOTAL_PRICE,FCLASS_IDX,SCHEDULE_IDX,ORDER_DATE,REVIEW_IDX) values (301,'hena@bit.com',3,'무통장입금',360000,null,0,0,'꽃의 향기 클래스','신촌점','서울특별시 마포구 백범로 23 구프라자 3층','https://storage.googleapis.com/download/storage/v1/b/upload.alwaysbom.xyz/o/fclass%2Fclass%2FFJSyabChLE-DSCF0491-3-1105x829.jpg?generation=1617857787946847&alt=media',to_date('2021/04/20','YYYY/MM/DD'),'10:00','13:00',10,'입금대기',0,317520,69,248,to_date('2021/04/13','YYYY/MM/DD'),null);
Insert into BOM.OCLASS (IDX,MEMBER_ID,REG_COUNT,PAY_TYPE,PAY_TOTAL,PAY_DATE,DISCOUNT_GRADE,DISCOUNT_POINT,FCLASS_NAME,BRANCH_NAME,BRANCH_ADDR,FCLASS_IMAGE,SCHEDULE_DATE,SCHEDULE_START_TIME,SCHEDULE_END_TIME,FCLASS_COUNT,STATUS,REVIEW_CHECK,DISCOUNT_TOTAL_PRICE,FCLASS_IDX,SCHEDULE_IDX,ORDER_DATE,REVIEW_IDX) values (278,'yoonhee@bit.com',1,'신용카드(직접입력)',100000,to_date('2021/04/12','YYYY/MM/DD'),0,0,'봄을보라 클래스','강남점','서울특별시 서초구 강남대로 459 백암빌딩 1층','https://storage.googleapis.com/download/storage/v1/b/upload.alwaysbom.xyz/o/fclass%2Fclass%2FFSGGdYdUNU-JJM10766.jpg?generation=1617857817171194&alt=media',to_date('2021/04/13','YYYY/MM/DD'),'11:00','12:00',10,'결제완료',1,95060,72,161,to_date('2021/04/12','YYYY/MM/DD'),354);
Insert into BOM.OCLASS (IDX,MEMBER_ID,REG_COUNT,PAY_TYPE,PAY_TOTAL,PAY_DATE,DISCOUNT_GRADE,DISCOUNT_POINT,FCLASS_NAME,BRANCH_NAME,BRANCH_ADDR,FCLASS_IMAGE,SCHEDULE_DATE,SCHEDULE_START_TIME,SCHEDULE_END_TIME,FCLASS_COUNT,STATUS,REVIEW_CHECK,DISCOUNT_TOTAL_PRICE,FCLASS_IDX,SCHEDULE_IDX,ORDER_DATE,REVIEW_IDX) values (280,'yoonhee@bit.com',1,'신용카드(직접입력)',120000,to_date('2021/04/12','YYYY/MM/DD'),0,0,'난초 클래스','종로점','서울특별시 종로구 종로 69 YMCA 7층','https://storage.googleapis.com/download/storage/v1/b/upload.alwaysbom.xyz/o/fclass%2Fclass%2FOfNNMhVXEy-oneday3-2.jpg?generation=1617850471865667&alt=media',to_date('2021/04/13','YYYY/MM/DD'),'10:00','15:00',10,'결제완료',1,114072,80,141,to_date('2021/04/12','YYYY/MM/DD'),356);
Insert into BOM.OCLASS (IDX,MEMBER_ID,REG_COUNT,PAY_TYPE,PAY_TOTAL,PAY_DATE,DISCOUNT_GRADE,DISCOUNT_POINT,FCLASS_NAME,BRANCH_NAME,BRANCH_ADDR,FCLASS_IMAGE,SCHEDULE_DATE,SCHEDULE_START_TIME,SCHEDULE_END_TIME,FCLASS_COUNT,STATUS,REVIEW_CHECK,DISCOUNT_TOTAL_PRICE,FCLASS_IDX,SCHEDULE_IDX,ORDER_DATE,REVIEW_IDX) values (281,'dlagksk64@naver.com',2,'무통장입금',240000,null,0,200,'꽃의 향기 클래스','신촌점','서울특별시 마포구 백범로 23 구프라자 3층','https://storage.googleapis.com/download/storage/v1/b/upload.alwaysbom.xyz/o/fclass%2Fclass%2FFJSyabChLE-DSCF0491-3-1105x829.jpg?generation=1617857787946847&alt=media',to_date('2021/04/13','YYYY/MM/DD'),'10:00','12:00',10,'결제완료',1,215800,69,104,to_date('2021/04/12','YYYY/MM/DD'),363);
Insert into BOM.OCLASS (IDX,MEMBER_ID,REG_COUNT,PAY_TYPE,PAY_TOTAL,PAY_DATE,DISCOUNT_GRADE,DISCOUNT_POINT,FCLASS_NAME,BRANCH_NAME,BRANCH_ADDR,FCLASS_IMAGE,SCHEDULE_DATE,SCHEDULE_START_TIME,SCHEDULE_END_TIME,FCLASS_COUNT,STATUS,REVIEW_CHECK,DISCOUNT_TOTAL_PRICE,FCLASS_IDX,SCHEDULE_IDX,ORDER_DATE,REVIEW_IDX) values (248,'dlagksk64@naver.com',1,'신용카드',120000,to_date('2021/02/07','YYYY/MM/DD'),0,0,'꽃의 향기 클래스','신촌점','서울특별시 마포구 백범로 23 구프라자 3층','https://storage.googleapis.com/download/storage/v1/b/upload.alwaysbom.xyz/o/fclass%2Fclass%2FFJSyabChLE-DSCF0491-3-1105x829.jpg?generation=1617857787946847&alt=media',to_date('2021/04/12','YYYY/MM/DD'),'10:00','20:00',10,'결제완료',0,108000,69,146,to_date('2021/01/11','YYYY/MM/DD'),null);
Insert into BOM.OCLASS (IDX,MEMBER_ID,REG_COUNT,PAY_TYPE,PAY_TOTAL,PAY_DATE,DISCOUNT_GRADE,DISCOUNT_POINT,FCLASS_NAME,BRANCH_NAME,BRANCH_ADDR,FCLASS_IMAGE,SCHEDULE_DATE,SCHEDULE_START_TIME,SCHEDULE_END_TIME,FCLASS_COUNT,STATUS,REVIEW_CHECK,DISCOUNT_TOTAL_PRICE,FCLASS_IDX,SCHEDULE_IDX,ORDER_DATE,REVIEW_IDX) values (249,'dlagksk64@naver.com',1,'무통장입금',1320000,null,0,0,'과일바구니 클래스','신촌점','서울특별시 마포구 백범로 23 구프라자 3층','https://storage.googleapis.com/download/storage/v1/b/upload.alwaysbom.xyz/o/fclass%2Fclass%2FirbIOAVBLF-DSCF2952-1-1105x829.jpg?generation=1617857883466011&alt=media',to_date('2021/04/13','YYYY/MM/DD'),'15:00','17:00',15,'결제완료',1,1254000,76,125,to_date('2021/02/20','YYYY/MM/DD'),307);
Insert into BOM.OCLASS (IDX,MEMBER_ID,REG_COUNT,PAY_TYPE,PAY_TOTAL,PAY_DATE,DISCOUNT_GRADE,DISCOUNT_POINT,FCLASS_NAME,BRANCH_NAME,BRANCH_ADDR,FCLASS_IMAGE,SCHEDULE_DATE,SCHEDULE_START_TIME,SCHEDULE_END_TIME,FCLASS_COUNT,STATUS,REVIEW_CHECK,DISCOUNT_TOTAL_PRICE,FCLASS_IDX,SCHEDULE_IDX,ORDER_DATE,REVIEW_IDX) values (261,'jinyoung@bit.com',1,'신용카드',120000,to_date('2021/01/06','YYYY/MM/DD'),0,0,'꽃의 향기 클래스','신촌점','서울특별시 마포구 백범로 23 구프라자 3층','https://storage.googleapis.com/download/storage/v1/b/upload.alwaysbom.xyz/o/fclass%2Fclass%2FFJSyabChLE-DSCF0491-3-1105x829.jpg?generation=1617857787946847&alt=media',to_date('2021/01/16','YYYY/MM/DD'),'13:00','16:00',10,'결제완료',1,108000,69,251,to_date('2020/11/20','YYYY/MM/DD'),296);
Insert into BOM.OCLASS (IDX,MEMBER_ID,REG_COUNT,PAY_TYPE,PAY_TOTAL,PAY_DATE,DISCOUNT_GRADE,DISCOUNT_POINT,FCLASS_NAME,BRANCH_NAME,BRANCH_ADDR,FCLASS_IMAGE,SCHEDULE_DATE,SCHEDULE_START_TIME,SCHEDULE_END_TIME,FCLASS_COUNT,STATUS,REVIEW_CHECK,DISCOUNT_TOTAL_PRICE,FCLASS_IDX,SCHEDULE_IDX,ORDER_DATE,REVIEW_IDX) values (270,'dlagksk64@naver.com',1,'신용카드(직접입력)',100000,to_date('2021/04/12','YYYY/MM/DD'),0,0,'봄을보라 클래스','강남점','서울특별시 서초구 강남대로 459 백암빌딩 1층','https://storage.googleapis.com/download/storage/v1/b/upload.alwaysbom.xyz/o/fclass%2Fclass%2FFSGGdYdUNU-JJM10766.jpg?generation=1617857817171194&alt=media',to_date('2021/04/16','YYYY/MM/DD'),'14:00','16:00',10,'결제완료',1,97000,72,145,to_date('2021/12/12','YYYY/MM/DD'),305);
Insert into BOM.OCLASS (IDX,MEMBER_ID,REG_COUNT,PAY_TYPE,PAY_TOTAL,PAY_DATE,DISCOUNT_GRADE,DISCOUNT_POINT,FCLASS_NAME,BRANCH_NAME,BRANCH_ADDR,FCLASS_IMAGE,SCHEDULE_DATE,SCHEDULE_START_TIME,SCHEDULE_END_TIME,FCLASS_COUNT,STATUS,REVIEW_CHECK,DISCOUNT_TOTAL_PRICE,FCLASS_IDX,SCHEDULE_IDX,ORDER_DATE,REVIEW_IDX) values (303,'dlagksk64@naver.com',1,'무통장입금',120000,null,0,0,'꽃의 향기 클래스','신촌점','서울특별시 마포구 백범로 23 구프라자 3층','https://storage.googleapis.com/download/storage/v1/b/upload.alwaysbom.xyz/o/fclass%2Fclass%2FFJSyabChLE-DSCF0491-3-1105x829.jpg?generation=1617857787946847&alt=media',to_date('2021/04/20','YYYY/MM/DD'),'10:00','13:00',10,'입금대기',0,108000,69,248,to_date('2021/04/13','YYYY/MM/DD'),null);
Insert into BOM.OCLASS (IDX,MEMBER_ID,REG_COUNT,PAY_TYPE,PAY_TOTAL,PAY_DATE,DISCOUNT_GRADE,DISCOUNT_POINT,FCLASS_NAME,BRANCH_NAME,BRANCH_ADDR,FCLASS_IMAGE,SCHEDULE_DATE,SCHEDULE_START_TIME,SCHEDULE_END_TIME,FCLASS_COUNT,STATUS,REVIEW_CHECK,DISCOUNT_TOTAL_PRICE,FCLASS_IDX,SCHEDULE_IDX,ORDER_DATE,REVIEW_IDX) values (306,'dlagksk64@naver.com',5,'무통장입금',600000,null,0,3900,'꽃의 향기 클래스','신촌점','서울특별시 마포구 백범로 23 구프라자 3층','https://storage.googleapis.com/download/storage/v1/b/upload.alwaysbom.xyz/o/fclass%2Fclass%2FFJSyabChLE-DSCF0491-3-1105x829.jpg?generation=1617857787946847&alt=media',to_date('2021/04/20','YYYY/MM/DD'),'10:00','13:00',10,'결제완료',1,536100,69,248,to_date('2021/04/13','YYYY/MM/DD'),367);
Insert into BOM.OCLASS (IDX,MEMBER_ID,REG_COUNT,PAY_TYPE,PAY_TOTAL,PAY_DATE,DISCOUNT_GRADE,DISCOUNT_POINT,FCLASS_NAME,BRANCH_NAME,BRANCH_ADDR,FCLASS_IMAGE,SCHEDULE_DATE,SCHEDULE_START_TIME,SCHEDULE_END_TIME,FCLASS_COUNT,STATUS,REVIEW_CHECK,DISCOUNT_TOTAL_PRICE,FCLASS_IDX,SCHEDULE_IDX,ORDER_DATE,REVIEW_IDX) values (259,'jaehoon@bit.com',1,'신용카드',120000,to_date('2021/01/15','YYYY/MM/DD'),0,0,'꽃의 향기 클래스','신촌점','서울특별시 마포구 백범로 23 구프라자 3층','https://storage.googleapis.com/download/storage/v1/b/upload.alwaysbom.xyz/o/fclass%2Fclass%2FFJSyabChLE-DSCF0491-3-1105x829.jpg?generation=1617857787946847&alt=media',to_date('2021/02/04','YYYY/MM/DD'),'13:00','16:00',10,'결제완료',1,108000,69,253,to_date('2021/12/11','YYYY/MM/DD'),294);
Insert into BOM.OCLASS (IDX,MEMBER_ID,REG_COUNT,PAY_TYPE,PAY_TOTAL,PAY_DATE,DISCOUNT_GRADE,DISCOUNT_POINT,FCLASS_NAME,BRANCH_NAME,BRANCH_ADDR,FCLASS_IMAGE,SCHEDULE_DATE,SCHEDULE_START_TIME,SCHEDULE_END_TIME,FCLASS_COUNT,STATUS,REVIEW_CHECK,DISCOUNT_TOTAL_PRICE,FCLASS_IDX,SCHEDULE_IDX,ORDER_DATE,REVIEW_IDX) values (258,'xzllxz456@naver.com',1,'신용카드',120000,to_date('2021/03/11','YYYY/MM/DD'),0,0,'꽃의 향기 클래스','신촌점','서울특별시 마포구 백범로 23 구프라자 3층','https://storage.googleapis.com/download/storage/v1/b/upload.alwaysbom.xyz/o/fclass%2Fclass%2FFJSyabChLE-DSCF0491-3-1105x829.jpg?generation=1617857787946847&alt=media',to_date('2021/03/16','YYYY/MM/DD'),'13:00','16:00',10,'결제완료',1,108000,69,253,to_date('2021/01/03','YYYY/MM/DD'),293);
Insert into BOM.OCLASS (IDX,MEMBER_ID,REG_COUNT,PAY_TYPE,PAY_TOTAL,PAY_DATE,DISCOUNT_GRADE,DISCOUNT_POINT,FCLASS_NAME,BRANCH_NAME,BRANCH_ADDR,FCLASS_IMAGE,SCHEDULE_DATE,SCHEDULE_START_TIME,SCHEDULE_END_TIME,FCLASS_COUNT,STATUS,REVIEW_CHECK,DISCOUNT_TOTAL_PRICE,FCLASS_IDX,SCHEDULE_IDX,ORDER_DATE,REVIEW_IDX) values (262,'hayan@bit.com',1,'신용카드',120000,to_date('2021/04/11','YYYY/MM/DD'),0,0,'꽃의 향기 클래스','신촌점','서울특별시 마포구 백범로 23 구프라자 3층','https://storage.googleapis.com/download/storage/v1/b/upload.alwaysbom.xyz/o/fclass%2Fclass%2FFJSyabChLE-DSCF0491-3-1105x829.jpg?generation=1617857787946847&alt=media',to_date('2021/04/12','YYYY/MM/DD'),'10:00','20:00',10,'결제완료',1,108000,69,147,to_date('2021/03/22','YYYY/MM/DD'),297);
Insert into BOM.OCLASS (IDX,MEMBER_ID,REG_COUNT,PAY_TYPE,PAY_TOTAL,PAY_DATE,DISCOUNT_GRADE,DISCOUNT_POINT,FCLASS_NAME,BRANCH_NAME,BRANCH_ADDR,FCLASS_IMAGE,SCHEDULE_DATE,SCHEDULE_START_TIME,SCHEDULE_END_TIME,FCLASS_COUNT,STATUS,REVIEW_CHECK,DISCOUNT_TOTAL_PRICE,FCLASS_IDX,SCHEDULE_IDX,ORDER_DATE,REVIEW_IDX) values (263,'hayan@bit.com',1,'무통장입금',1650000,null,0,0,'홈데코 클래스','강남점','서울특별시 서초구 강남대로 459 백암빌딩 1층','https://storage.googleapis.com/download/storage/v1/b/upload.alwaysbom.xyz/o/fclass%2Fclass%2FokQcXXTjGk-JJM16634-2.jpg?generation=1618179106075191&alt=media',to_date('2021/04/30','YYYY/MM/DD'),'11:00','17:00',15,'입금대기',0,1485000,101,179,to_date('2021/04/05','YYYY/MM/DD'),null);
Insert into BOM.OCLASS (IDX,MEMBER_ID,REG_COUNT,PAY_TYPE,PAY_TOTAL,PAY_DATE,DISCOUNT_GRADE,DISCOUNT_POINT,FCLASS_NAME,BRANCH_NAME,BRANCH_ADDR,FCLASS_IMAGE,SCHEDULE_DATE,SCHEDULE_START_TIME,SCHEDULE_END_TIME,FCLASS_COUNT,STATUS,REVIEW_CHECK,DISCOUNT_TOTAL_PRICE,FCLASS_IDX,SCHEDULE_IDX,ORDER_DATE,REVIEW_IDX) values (264,'hena@bit.com',1,'무통장입금',1320000,null,0,0,'과일바구니 클래스','종로점','서울특별시 종로구 종로 69 YMCA 7층','https://storage.googleapis.com/download/storage/v1/b/upload.alwaysbom.xyz/o/fclass%2Fclass%2FirbIOAVBLF-DSCF2952-1-1105x829.jpg?generation=1617857883466011&alt=media',to_date('2021/04/28','YYYY/MM/DD'),'13:00','04:00',15,'입금대기',0,1228920,76,224,to_date('2021/02/03','YYYY/MM/DD'),null);
Insert into BOM.OCLASS (IDX,MEMBER_ID,REG_COUNT,PAY_TYPE,PAY_TOTAL,PAY_DATE,DISCOUNT_GRADE,DISCOUNT_POINT,FCLASS_NAME,BRANCH_NAME,BRANCH_ADDR,FCLASS_IMAGE,SCHEDULE_DATE,SCHEDULE_START_TIME,SCHEDULE_END_TIME,FCLASS_COUNT,STATUS,REVIEW_CHECK,DISCOUNT_TOTAL_PRICE,FCLASS_IDX,SCHEDULE_IDX,ORDER_DATE,REVIEW_IDX) values (265,'yidamyeong@gmail.com',1,'신용카드',145000,to_date('2021/04/11','YYYY/MM/DD'),0,0,'스윗가든 클래스','강남점','서울특별시 서초구 강남대로 459 백암빌딩 1층','https://storage.googleapis.com/download/storage/v1/b/upload.alwaysbom.xyz/o/fclass%2Fclass%2FKEOrCYRYYJ-JJM15065-1.jpg?generation=1618179567086775&alt=media',to_date('2021/04/23','YYYY/MM/DD'),'14:00','16:00',10,'결제완료',0,137750,79,160,to_date('2021/01/01','YYYY/MM/DD'),null);
Insert into BOM.OCLASS (IDX,MEMBER_ID,REG_COUNT,PAY_TYPE,PAY_TOTAL,PAY_DATE,DISCOUNT_GRADE,DISCOUNT_POINT,FCLASS_NAME,BRANCH_NAME,BRANCH_ADDR,FCLASS_IMAGE,SCHEDULE_DATE,SCHEDULE_START_TIME,SCHEDULE_END_TIME,FCLASS_COUNT,STATUS,REVIEW_CHECK,DISCOUNT_TOTAL_PRICE,FCLASS_IDX,SCHEDULE_IDX,ORDER_DATE,REVIEW_IDX) values (266,'xzllxz456@naver.com',1,'무통장입금',100000,null,0,0,'봄을보라 클래스','강남점','서울특별시 서초구 강남대로 459 백암빌딩 1층','https://storage.googleapis.com/download/storage/v1/b/upload.alwaysbom.xyz/o/fclass%2Fclass%2FFSGGdYdUNU-JJM10766.jpg?generation=1617857817171194&alt=media',to_date('2021/04/20','YYYY/MM/DD'),'11:00','14:00',10,'입금대기',0,97000,72,163,to_date('2020/12/25','YYYY/MM/DD'),null);
Insert into BOM.OCLASS (IDX,MEMBER_ID,REG_COUNT,PAY_TYPE,PAY_TOTAL,PAY_DATE,DISCOUNT_GRADE,DISCOUNT_POINT,FCLASS_NAME,BRANCH_NAME,BRANCH_ADDR,FCLASS_IMAGE,SCHEDULE_DATE,SCHEDULE_START_TIME,SCHEDULE_END_TIME,FCLASS_COUNT,STATUS,REVIEW_CHECK,DISCOUNT_TOTAL_PRICE,FCLASS_IDX,SCHEDULE_IDX,ORDER_DATE,REVIEW_IDX) values (267,'xzllxz456@naver.com',1,'무통장입금',100000,null,0,0,'봄을보라 클래스','강남점','서울특별시 서초구 강남대로 459 백암빌딩 1층','https://storage.googleapis.com/download/storage/v1/b/upload.alwaysbom.xyz/o/fclass%2Fclass%2FFSGGdYdUNU-JJM10766.jpg?generation=1617857817171194&alt=media',to_date('2021/04/15','YYYY/MM/DD'),'13:00','15:00',10,'입금대기',0,97000,72,144,to_date('2021/01/13','YYYY/MM/DD'),null);
Insert into BOM.OCLASS (IDX,MEMBER_ID,REG_COUNT,PAY_TYPE,PAY_TOTAL,PAY_DATE,DISCOUNT_GRADE,DISCOUNT_POINT,FCLASS_NAME,BRANCH_NAME,BRANCH_ADDR,FCLASS_IMAGE,SCHEDULE_DATE,SCHEDULE_START_TIME,SCHEDULE_END_TIME,FCLASS_COUNT,STATUS,REVIEW_CHECK,DISCOUNT_TOTAL_PRICE,FCLASS_IDX,SCHEDULE_IDX,ORDER_DATE,REVIEW_IDX) values (273,'giho@bit.com',1,'신용카드(직접입력)',120000,to_date('2021/04/12','YYYY/MM/DD'),0,0,'꽃의 향기 클래스','신촌점','서울특별시 마포구 백범로 23 구프라자 3층','https://storage.googleapis.com/download/storage/v1/b/upload.alwaysbom.xyz/o/fclass%2Fclass%2FFJSyabChLE-DSCF0491-3-1105x829.jpg?generation=1617857787946847&alt=media',to_date('2021/04/15','YYYY/MM/DD'),'11:00','15:00',10,'결제완료',1,108000,69,null,to_date('2021/04/12','YYYY/MM/DD'),326);
Insert into BOM.OCLASS (IDX,MEMBER_ID,REG_COUNT,PAY_TYPE,PAY_TOTAL,PAY_DATE,DISCOUNT_GRADE,DISCOUNT_POINT,FCLASS_NAME,BRANCH_NAME,BRANCH_ADDR,FCLASS_IMAGE,SCHEDULE_DATE,SCHEDULE_START_TIME,SCHEDULE_END_TIME,FCLASS_COUNT,STATUS,REVIEW_CHECK,DISCOUNT_TOTAL_PRICE,FCLASS_IDX,SCHEDULE_IDX,ORDER_DATE,REVIEW_IDX) values (279,'yoonhee@bit.com',1,'신용카드(직접입력)',145000,to_date('2021/04/12','YYYY/MM/DD'),0,0,'스윗가든 클래스','강남점','서울특별시 서초구 강남대로 459 백암빌딩 1층','https://storage.googleapis.com/download/storage/v1/b/upload.alwaysbom.xyz/o/fclass%2Fclass%2FKEOrCYRYYJ-JJM15065-1.jpg?generation=1618179567086775&alt=media',to_date('2021/04/14','YYYY/MM/DD'),'13:00','15:00',10,'결제완료',1,134995,79,151,to_date('2021/04/12','YYYY/MM/DD'),357);
Insert into BOM.OCLASS (IDX,MEMBER_ID,REG_COUNT,PAY_TYPE,PAY_TOTAL,PAY_DATE,DISCOUNT_GRADE,DISCOUNT_POINT,FCLASS_NAME,BRANCH_NAME,BRANCH_ADDR,FCLASS_IMAGE,SCHEDULE_DATE,SCHEDULE_START_TIME,SCHEDULE_END_TIME,FCLASS_COUNT,STATUS,REVIEW_CHECK,DISCOUNT_TOTAL_PRICE,FCLASS_IDX,SCHEDULE_IDX,ORDER_DATE,REVIEW_IDX) values (302,'yoonchang@bit.com',1,'무통장입금',120000,null,0,0,'꽃의 향기 클래스','신촌점','서울특별시 마포구 백범로 23 구프라자 3층','https://storage.googleapis.com/download/storage/v1/b/upload.alwaysbom.xyz/o/fclass%2Fclass%2FFJSyabChLE-DSCF0491-3-1105x829.jpg?generation=1617857787946847&alt=media',to_date('2021/04/20','YYYY/MM/DD'),'10:00','13:00',10,'입금대기',0,108000,69,248,to_date('2021/04/13','YYYY/MM/DD'),null);
Insert into BOM.OCLASS (IDX,MEMBER_ID,REG_COUNT,PAY_TYPE,PAY_TOTAL,PAY_DATE,DISCOUNT_GRADE,DISCOUNT_POINT,FCLASS_NAME,BRANCH_NAME,BRANCH_ADDR,FCLASS_IMAGE,SCHEDULE_DATE,SCHEDULE_START_TIME,SCHEDULE_END_TIME,FCLASS_COUNT,STATUS,REVIEW_CHECK,DISCOUNT_TOTAL_PRICE,FCLASS_IDX,SCHEDULE_IDX,ORDER_DATE,REVIEW_IDX) values (304,'yoonchang@bit.com',1,'신용카드',1650000,to_date('2021/04/13','YYYY/MM/DD'),0,0,'홈데코 클래스','신촌점','서울특별시 마포구 백범로 23 구프라자 3층','https://storage.googleapis.com/download/storage/v1/b/upload.alwaysbom.xyz/o/fclass%2Fclass%2FokQcXXTjGk-JJM16634-2.jpg?generation=1618179106075191&alt=media',to_date('2021/04/15','YYYY/MM/DD'),'13:00','16:00',15,'결제완료',1,1485000,101,186,to_date('2021/04/13','YYYY/MM/DD'),366);
Insert into BOM.OCLASS (IDX,MEMBER_ID,REG_COUNT,PAY_TYPE,PAY_TOTAL,PAY_DATE,DISCOUNT_GRADE,DISCOUNT_POINT,FCLASS_NAME,BRANCH_NAME,BRANCH_ADDR,FCLASS_IMAGE,SCHEDULE_DATE,SCHEDULE_START_TIME,SCHEDULE_END_TIME,FCLASS_COUNT,STATUS,REVIEW_CHECK,DISCOUNT_TOTAL_PRICE,FCLASS_IDX,SCHEDULE_IDX,ORDER_DATE,REVIEW_IDX) values (253,'dlagksk64@naver.com',1,'신용카드',120000,to_date('2021/03/18','YYYY/MM/DD'),0,200,'꽃의 향기 클래스','신촌점','서울특별시 마포구 백범로 23 구프라자 3층','https://storage.googleapis.com/download/storage/v1/b/upload.alwaysbom.xyz/o/fclass%2Fclass%2FFJSyabChLE-DSCF0491-3-1105x829.jpg?generation=1617857787946847&alt=media',to_date('2021/03/20','YYYY/MM/DD'),'10:00','12:00',10,'결제완료',1,107800,69,104,to_date('2021/04/11','YYYY/MM/DD'),270);
Insert into BOM.OCLASS (IDX,MEMBER_ID,REG_COUNT,PAY_TYPE,PAY_TOTAL,PAY_DATE,DISCOUNT_GRADE,DISCOUNT_POINT,FCLASS_NAME,BRANCH_NAME,BRANCH_ADDR,FCLASS_IMAGE,SCHEDULE_DATE,SCHEDULE_START_TIME,SCHEDULE_END_TIME,FCLASS_COUNT,STATUS,REVIEW_CHECK,DISCOUNT_TOTAL_PRICE,FCLASS_IDX,SCHEDULE_IDX,ORDER_DATE,REVIEW_IDX) values (255,'jinah@bit.com',1,'신용카드',120000,to_date('2021/04/11','YYYY/MM/DD'),0,0,'꽃의 향기 클래스','신촌점','서울특별시 마포구 백범로 23 구프라자 3층','https://storage.googleapis.com/download/storage/v1/b/upload.alwaysbom.xyz/o/fclass%2Fclass%2FFJSyabChLE-DSCF0491-3-1105x829.jpg?generation=1617857787946847&alt=media',to_date('2021/04/12','YYYY/MM/DD'),'10:00','20:00',10,'결제완료',1,108000,69,148,to_date('2021/04/11','YYYY/MM/DD'),282);
Insert into BOM.OCLASS (IDX,MEMBER_ID,REG_COUNT,PAY_TYPE,PAY_TOTAL,PAY_DATE,DISCOUNT_GRADE,DISCOUNT_POINT,FCLASS_NAME,BRANCH_NAME,BRANCH_ADDR,FCLASS_IMAGE,SCHEDULE_DATE,SCHEDULE_START_TIME,SCHEDULE_END_TIME,FCLASS_COUNT,STATUS,REVIEW_CHECK,DISCOUNT_TOTAL_PRICE,FCLASS_IDX,SCHEDULE_IDX,ORDER_DATE,REVIEW_IDX) values (254,'hayan@bit.com',1,'신용카드',120000,to_date('2021/04/11','YYYY/MM/DD'),0,0,'꽃의 향기 클래스','신촌점','서울특별시 마포구 백범로 23 구프라자 3층','https://storage.googleapis.com/download/storage/v1/b/upload.alwaysbom.xyz/o/fclass%2Fclass%2FFJSyabChLE-DSCF0491-3-1105x829.jpg?generation=1617857787946847&alt=media',to_date('2021/04/12','YYYY/MM/DD'),'10:00','20:00',10,'결제완료',1,108000,69,149,to_date('2021/04/11','YYYY/MM/DD'),281);
Insert into BOM.OCLASS (IDX,MEMBER_ID,REG_COUNT,PAY_TYPE,PAY_TOTAL,PAY_DATE,DISCOUNT_GRADE,DISCOUNT_POINT,FCLASS_NAME,BRANCH_NAME,BRANCH_ADDR,FCLASS_IMAGE,SCHEDULE_DATE,SCHEDULE_START_TIME,SCHEDULE_END_TIME,FCLASS_COUNT,STATUS,REVIEW_CHECK,DISCOUNT_TOTAL_PRICE,FCLASS_IDX,SCHEDULE_IDX,ORDER_DATE,REVIEW_IDX) values (256,'yuna1880@naver.com',1,'신용카드',120000,to_date('2021/04/11','YYYY/MM/DD'),0,0,'꽃의 향기 클래스','신촌점','서울특별시 마포구 백범로 23 구프라자 3층','https://storage.googleapis.com/download/storage/v1/b/upload.alwaysbom.xyz/o/fclass%2Fclass%2FFJSyabChLE-DSCF0491-3-1105x829.jpg?generation=1617857787946847&alt=media',to_date('2021/04/12','YYYY/MM/DD'),'10:00','20:00',10,'결제완료',1,105840,69,146,to_date('2021/04/11','YYYY/MM/DD'),284);
Insert into BOM.OCLASS (IDX,MEMBER_ID,REG_COUNT,PAY_TYPE,PAY_TOTAL,PAY_DATE,DISCOUNT_GRADE,DISCOUNT_POINT,FCLASS_NAME,BRANCH_NAME,BRANCH_ADDR,FCLASS_IMAGE,SCHEDULE_DATE,SCHEDULE_START_TIME,SCHEDULE_END_TIME,FCLASS_COUNT,STATUS,REVIEW_CHECK,DISCOUNT_TOTAL_PRICE,FCLASS_IDX,SCHEDULE_IDX,ORDER_DATE,REVIEW_IDX) values (257,'yidamyeong@gmail.com',1,'신용카드',120000,to_date('2021/04/11','YYYY/MM/DD'),0,0,'꽃의 향기 클래스','신촌점','서울특별시 마포구 백범로 23 구프라자 3층','https://storage.googleapis.com/download/storage/v1/b/upload.alwaysbom.xyz/o/fclass%2Fclass%2FFJSyabChLE-DSCF0491-3-1105x829.jpg?generation=1617857787946847&alt=media',to_date('2021/04/12','YYYY/MM/DD'),'10:00','20:00',10,'결제완료',1,108000,69,147,to_date('2021/04/11','YYYY/MM/DD'),292);
Insert into BOM.OCLASS (IDX,MEMBER_ID,REG_COUNT,PAY_TYPE,PAY_TOTAL,PAY_DATE,DISCOUNT_GRADE,DISCOUNT_POINT,FCLASS_NAME,BRANCH_NAME,BRANCH_ADDR,FCLASS_IMAGE,SCHEDULE_DATE,SCHEDULE_START_TIME,SCHEDULE_END_TIME,FCLASS_COUNT,STATUS,REVIEW_CHECK,DISCOUNT_TOTAL_PRICE,FCLASS_IDX,SCHEDULE_IDX,ORDER_DATE,REVIEW_IDX) values (260,'sld564321@gmail.com',1,'신용카드',120000,to_date('2021/04/11','YYYY/MM/DD'),0,0,'꽃의 향기 클래스','신촌점','서울특별시 마포구 백범로 23 구프라자 3층','https://storage.googleapis.com/download/storage/v1/b/upload.alwaysbom.xyz/o/fclass%2Fclass%2FFJSyabChLE-DSCF0491-3-1105x829.jpg?generation=1617857787946847&alt=media',to_date('2021/04/16','YYYY/MM/DD'),'11:00','14:00',10,'결제완료',1,105840,69,108,to_date('2021/04/11','YYYY/MM/DD'),295);
Insert into BOM.OCLASS (IDX,MEMBER_ID,REG_COUNT,PAY_TYPE,PAY_TOTAL,PAY_DATE,DISCOUNT_GRADE,DISCOUNT_POINT,FCLASS_NAME,BRANCH_NAME,BRANCH_ADDR,FCLASS_IMAGE,SCHEDULE_DATE,SCHEDULE_START_TIME,SCHEDULE_END_TIME,FCLASS_COUNT,STATUS,REVIEW_CHECK,DISCOUNT_TOTAL_PRICE,FCLASS_IDX,SCHEDULE_IDX,ORDER_DATE,REVIEW_IDX) values (268,'sld564321@gmail.com',1,'무통장입금',120000,null,0,0,'난초 클래스','종로점','서울특별시 종로구 종로 69 YMCA 7층','https://storage.googleapis.com/download/storage/v1/b/upload.alwaysbom.xyz/o/fclass%2Fclass%2FOfNNMhVXEy-oneday3-2.jpg?generation=1617850471865667&alt=media',to_date('2021/04/30','YYYY/MM/DD'),'10:00','14:00',10,'결제완료',1,114072,80,238,to_date('2021/04/11','YYYY/MM/DD'),345);
Insert into BOM.OCLASS (IDX,MEMBER_ID,REG_COUNT,PAY_TYPE,PAY_TOTAL,PAY_DATE,DISCOUNT_GRADE,DISCOUNT_POINT,FCLASS_NAME,BRANCH_NAME,BRANCH_ADDR,FCLASS_IMAGE,SCHEDULE_DATE,SCHEDULE_START_TIME,SCHEDULE_END_TIME,FCLASS_COUNT,STATUS,REVIEW_CHECK,DISCOUNT_TOTAL_PRICE,FCLASS_IDX,SCHEDULE_IDX,ORDER_DATE,REVIEW_IDX) values (269,'jinyoung@bit.com',1,'신용카드',1320000,to_date('2021/04/11','YYYY/MM/DD'),0,0,'과일바구니 클래스','신촌점','서울특별시 마포구 백범로 23 구프라자 3층','https://storage.googleapis.com/download/storage/v1/b/upload.alwaysbom.xyz/o/fclass%2Fclass%2FirbIOAVBLF-DSCF2952-1-1105x829.jpg?generation=1617857883466011&alt=media',to_date('2021/04/20','YYYY/MM/DD'),'10:00','14:00',15,'결제완료',0,1254000,76,209,to_date('2021/04/11','YYYY/MM/DD'),null);
Insert into BOM.OCLASS (IDX,MEMBER_ID,REG_COUNT,PAY_TYPE,PAY_TOTAL,PAY_DATE,DISCOUNT_GRADE,DISCOUNT_POINT,FCLASS_NAME,BRANCH_NAME,BRANCH_ADDR,FCLASS_IMAGE,SCHEDULE_DATE,SCHEDULE_START_TIME,SCHEDULE_END_TIME,FCLASS_COUNT,STATUS,REVIEW_CHECK,DISCOUNT_TOTAL_PRICE,FCLASS_IDX,SCHEDULE_IDX,ORDER_DATE,REVIEW_IDX) values (274,'daseul@bit.com',1,'무통장입금',120000,null,0,0,'꽃의 향기 클래스','신촌점','서울특별시 마포구 백범로 23 구프라자 3층','https://storage.googleapis.com/download/storage/v1/b/upload.alwaysbom.xyz/o/fclass%2Fclass%2FFJSyabChLE-DSCF0491-3-1105x829.jpg?generation=1617857787946847&alt=media',to_date('2021/04/15','YYYY/MM/DD'),'11:00','15:00',10,'결제완료',1,108000,69,null,to_date('2021/04/12','YYYY/MM/DD'),339);
Insert into BOM.OCLASS (IDX,MEMBER_ID,REG_COUNT,PAY_TYPE,PAY_TOTAL,PAY_DATE,DISCOUNT_GRADE,DISCOUNT_POINT,FCLASS_NAME,BRANCH_NAME,BRANCH_ADDR,FCLASS_IMAGE,SCHEDULE_DATE,SCHEDULE_START_TIME,SCHEDULE_END_TIME,FCLASS_COUNT,STATUS,REVIEW_CHECK,DISCOUNT_TOTAL_PRICE,FCLASS_IDX,SCHEDULE_IDX,ORDER_DATE,REVIEW_IDX) values (276,'jaehoon@bit.com',1,'무통장입금',120000,null,0,0,'꽃의 향기 클래스','신촌점','서울특별시 마포구 백범로 23 구프라자 3층','https://storage.googleapis.com/download/storage/v1/b/upload.alwaysbom.xyz/o/fclass%2Fclass%2FFJSyabChLE-DSCF0491-3-1105x829.jpg?generation=1617857787946847&alt=media',to_date('2021/04/15','YYYY/MM/DD'),'11:00','15:00',10,'결제완료',1,108000,69,null,to_date('2021/04/12','YYYY/MM/DD'),348);
Insert into BOM.OCLASS (IDX,MEMBER_ID,REG_COUNT,PAY_TYPE,PAY_TOTAL,PAY_DATE,DISCOUNT_GRADE,DISCOUNT_POINT,FCLASS_NAME,BRANCH_NAME,BRANCH_ADDR,FCLASS_IMAGE,SCHEDULE_DATE,SCHEDULE_START_TIME,SCHEDULE_END_TIME,FCLASS_COUNT,STATUS,REVIEW_CHECK,DISCOUNT_TOTAL_PRICE,FCLASS_IDX,SCHEDULE_IDX,ORDER_DATE,REVIEW_IDX) values (277,'yoonhee@bit.com',1,'신용카드(직접입력)',120000,to_date('2021/04/12','YYYY/MM/DD'),0,0,'꽃의 향기 클래스','신촌점','서울특별시 마포구 백범로 23 구프라자 3층','https://storage.googleapis.com/download/storage/v1/b/upload.alwaysbom.xyz/o/fclass%2Fclass%2FFJSyabChLE-DSCF0491-3-1105x829.jpg?generation=1617857787946847&alt=media',to_date('2021/04/13','YYYY/MM/DD'),'10:00','14:00',10,'결제완료',1,105840,69,105,to_date('2021/04/12','YYYY/MM/DD'),355);
REM INSERTING into BOM.OITEM
SET DEFINE OFF;
Insert into BOM.OITEM (IDX,ORDERS_IDX,LETTER_CONTENT,NAME,PRICE,OPTIONS,IMAGE,REQUEST_DATE,DELIVERY_START_DATE,CATEGORY,REVIEW_CHECK,QUANTITY,FSIZE,REVIEW_IDX,ITEM_IDX) values (63,58,'sdsdaasdsa','가벼운S꽃구독',72400,'투명한 화병 : 1개, ','https://storage.googleapis.com/download/storage/v1/b/upload.alwaysbom.xyz/o/subs%2FGRdiPvMkca-sub_banner%20(8).jpg?generation=1617425996237664&alt=media',null,null,'정기구독',1,1,'S',317,47);
Insert into BOM.OITEM (IDX,ORDERS_IDX,LETTER_CONTENT,NAME,PRICE,OPTIONS,IMAGE,REQUEST_DATE,DELIVERY_START_DATE,CATEGORY,REVIEW_CHECK,QUANTITY,FSIZE,REVIEW_IDX,ITEM_IDX) values (65,60,'null','꽃다발 테스트 New',38500,'디그리아 토분&받침 : 1개','https://storage.googleapis.com/download/storage/v1/b/upload.alwaysbom.xyz/o/flower%2FIJUsscvRDc-flower7-1.jpg?generation=1617563985267365&alt=media',to_date('2021/04/11','YYYY/MM/DD'),null,'꽃다발',0,1,'M',null,61);
Insert into BOM.OITEM (IDX,ORDERS_IDX,LETTER_CONTENT,NAME,PRICE,OPTIONS,IMAGE,REQUEST_DATE,DELIVERY_START_DATE,CATEGORY,REVIEW_CHECK,QUANTITY,FSIZE,REVIEW_IDX,ITEM_IDX) values (46,51,null,'화보용 랜덤 다발',60300,'빈티지 블랙 가드닝 가위 : 1개, ','https://storage.googleapis.com/download/storage/v1/b/upload.alwaysbom.xyz/o/flower%2FreXDTYNmHg-flower4-1.jpg?generation=1617294805658528&alt=media',to_date('2021/04/05','YYYY/MM/DD'),null,'꽃다발',0,1,'XL',null,46);
Insert into BOM.OITEM (IDX,ORDERS_IDX,LETTER_CONTENT,NAME,PRICE,OPTIONS,IMAGE,REQUEST_DATE,DELIVERY_START_DATE,CATEGORY,REVIEW_CHECK,QUANTITY,FSIZE,REVIEW_IDX,ITEM_IDX) values (47,51,'앞으로 꽃길만 걸어!','꽃다발 테스트',22500,null,'https://storage.googleapis.com/download/storage/v1/b/upload.alwaysbom.xyz/o/flower%2FkTYfliKzrI-flower8-3.jpg?generation=1617331635438137&alt=media',to_date('2021/04/12','YYYY/MM/DD'),null,'꽃다발',0,2,'M',null,61);
Insert into BOM.OITEM (IDX,ORDERS_IDX,LETTER_CONTENT,NAME,PRICE,OPTIONS,IMAGE,REQUEST_DATE,DELIVERY_START_DATE,CATEGORY,REVIEW_CHECK,QUANTITY,FSIZE,REVIEW_IDX,ITEM_IDX) values (66,61,'null','푸른꽃',17500,null,'https://storage.googleapis.com/download/storage/v1/b/upload.alwaysbom.xyz/o/flower%2FgHFiriSnDb-151309049_211637754002622_1029013859142911748_n.jpg?generation=1617565125165320&alt=media',to_date('2021/04/09','YYYY/MM/DD'),null,'꽃다발',0,1,'S',null,62);
Insert into BOM.OITEM (IDX,ORDERS_IDX,LETTER_CONTENT,NAME,PRICE,OPTIONS,IMAGE,REQUEST_DATE,DELIVERY_START_DATE,CATEGORY,REVIEW_CHECK,QUANTITY,FSIZE,REVIEW_IDX,ITEM_IDX) values (100,112,null,'망고빛 거베라 에디션',100400,'플로리스트 툴 전용 가죽 파우치 : 1개, ','https://storage.googleapis.com/download/storage/v1/b/upload.alwaysbom.xyz/o/flower%2FMldUMMFxEa-flower2-1.jpg?generation=1617889280085111&alt=media',to_date('2021/04/14','YYYY/MM/DD'),null,'꽃다발',1,1,'XL',160,65);
Insert into BOM.OITEM (IDX,ORDERS_IDX,LETTER_CONTENT,NAME,PRICE,OPTIONS,IMAGE,REQUEST_DATE,DELIVERY_START_DATE,CATEGORY,REVIEW_CHECK,QUANTITY,FSIZE,REVIEW_IDX,ITEM_IDX) values (197,193,'ggg','딱좋은 M 꽃구독',57200,'웬디 엠버 글라스 화병 : 1개, ','https://storage.googleapis.com/download/storage/v1/b/upload.alwaysbom.xyz/o/subs%2FXCsiJkEUXt-0_2.jpg?generation=1618132258757991&alt=media',null,null,'정기구독',1,1,'M',314,45);
Insert into BOM.OITEM (IDX,ORDERS_IDX,LETTER_CONTENT,NAME,PRICE,OPTIONS,IMAGE,REQUEST_DATE,DELIVERY_START_DATE,CATEGORY,REVIEW_CHECK,QUANTITY,FSIZE,REVIEW_IDX,ITEM_IDX) values (101,112,null,'망고빛 거베라 에디션',52400,null,'https://storage.googleapis.com/download/storage/v1/b/upload.alwaysbom.xyz/o/flower%2FMldUMMFxEa-flower2-1.jpg?generation=1617889280085111&alt=media',to_date('2021/04/12','YYYY/MM/DD'),null,'꽃다발',1,1,'XL',1,65);
Insert into BOM.OITEM (IDX,ORDERS_IDX,LETTER_CONTENT,NAME,PRICE,OPTIONS,IMAGE,REQUEST_DATE,DELIVERY_START_DATE,CATEGORY,REVIEW_CHECK,QUANTITY,FSIZE,REVIEW_IDX,ITEM_IDX) values (102,112,null,'망고빛 거베라 에디션',52400,null,'https://storage.googleapis.com/download/storage/v1/b/upload.alwaysbom.xyz/o/flower%2FMldUMMFxEa-flower2-1.jpg?generation=1617889280085111&alt=media',null,null,'꽃다발',1,1,'XL',159,65);
Insert into BOM.OITEM (IDX,ORDERS_IDX,LETTER_CONTENT,NAME,PRICE,OPTIONS,IMAGE,REQUEST_DATE,DELIVERY_START_DATE,CATEGORY,REVIEW_CHECK,QUANTITY,FSIZE,REVIEW_IDX,ITEM_IDX) values (103,112,null,'라일락 에디션',42200,'투명한 화병 : 1개, ','https://storage.googleapis.com/download/storage/v1/b/upload.alwaysbom.xyz/o/flower%2FEBAueObLxX-flower3-1.jpg?generation=1617893819521268&alt=media',to_date('2021/04/12','YYYY/MM/DD'),null,'꽃다발',1,1,'M',161,64);
Insert into BOM.OITEM (IDX,ORDERS_IDX,LETTER_CONTENT,NAME,PRICE,OPTIONS,IMAGE,REQUEST_DATE,DELIVERY_START_DATE,CATEGORY,REVIEW_CHECK,QUANTITY,FSIZE,REVIEW_IDX,ITEM_IDX) values (98,112,'null','캄파넬라 에디션',67850,'우드 꽃가위 : 1개, ','https://storage.googleapis.com/download/storage/v1/b/upload.alwaysbom.xyz/o/flower%2FefQUXUoWIl-flower1-2.jpg?generation=1617891279584834&alt=media',to_date('2021/04/14','YYYY/MM/DD'),null,'꽃다발',1,1,'XL',250,63);
Insert into BOM.OITEM (IDX,ORDERS_IDX,LETTER_CONTENT,NAME,PRICE,OPTIONS,IMAGE,REQUEST_DATE,DELIVERY_START_DATE,CATEGORY,REVIEW_CHECK,QUANTITY,FSIZE,REVIEW_IDX,ITEM_IDX) values (99,112,null,'망고빛 거베라 에디션',75400,'미니멀 도자기 화병 : 1개, ','https://storage.googleapis.com/download/storage/v1/b/upload.alwaysbom.xyz/o/flower%2FMldUMMFxEa-flower2-1.jpg?generation=1617889280085111&alt=media',to_date('2021/04/12','YYYY/MM/DD'),null,'꽃다발',0,1,'XL',1,65);
Insert into BOM.OITEM (IDX,ORDERS_IDX,LETTER_CONTENT,NAME,PRICE,OPTIONS,IMAGE,REQUEST_DATE,DELIVERY_START_DATE,CATEGORY,REVIEW_CHECK,QUANTITY,FSIZE,REVIEW_IDX,ITEM_IDX) values (104,112,null,'망고빛 거베라 에디션',52400,null,'https://storage.googleapis.com/download/storage/v1/b/upload.alwaysbom.xyz/o/flower%2FMldUMMFxEa-flower2-1.jpg?generation=1617889280085111&alt=media',to_date('2021/04/12','YYYY/MM/DD'),null,'꽃다발',0,1,'XL',1,65);
Insert into BOM.OITEM (IDX,ORDERS_IDX,LETTER_CONTENT,NAME,PRICE,OPTIONS,IMAGE,REQUEST_DATE,DELIVERY_START_DATE,CATEGORY,REVIEW_CHECK,QUANTITY,FSIZE,REVIEW_IDX,ITEM_IDX) values (105,112,null,'망고빛 거베라 에디션',62400,'투명한 화병 : 1개, ','https://storage.googleapis.com/download/storage/v1/b/upload.alwaysbom.xyz/o/flower%2FMldUMMFxEa-flower2-1.jpg?generation=1617889280085111&alt=media',to_date('2021/04/15','YYYY/MM/DD'),null,'꽃다발',1,1,'XL',1,65);
Insert into BOM.OITEM (IDX,ORDERS_IDX,LETTER_CONTENT,NAME,PRICE,OPTIONS,IMAGE,REQUEST_DATE,DELIVERY_START_DATE,CATEGORY,REVIEW_CHECK,QUANTITY,FSIZE,REVIEW_IDX,ITEM_IDX) values (106,112,null,'망고빛 거베라 에디션',52400,null,'https://storage.googleapis.com/download/storage/v1/b/upload.alwaysbom.xyz/o/flower%2FMldUMMFxEa-flower2-1.jpg?generation=1617889280085111&alt=media',to_date('2021/04/12','YYYY/MM/DD'),null,'꽃다발',1,1,'XL',248,65);
Insert into BOM.OITEM (IDX,ORDERS_IDX,LETTER_CONTENT,NAME,PRICE,OPTIONS,IMAGE,REQUEST_DATE,DELIVERY_START_DATE,CATEGORY,REVIEW_CHECK,QUANTITY,FSIZE,REVIEW_IDX,ITEM_IDX) values (107,112,null,'푸른꽃',65500,'플로리스트 툴 전용 가죽 파우치 : 1개, ','https://storage.googleapis.com/download/storage/v1/b/upload.alwaysbom.xyz/o/flower%2FgHFiriSnDb-151309049_211637754002622_1029013859142911748_n.jpg?generation=1617565125165320&alt=media',to_date('2021/04/13','YYYY/MM/DD'),null,'꽃다발',1,1,'S',269,62);
Insert into BOM.OITEM (IDX,ORDERS_IDX,LETTER_CONTENT,NAME,PRICE,OPTIONS,IMAGE,REQUEST_DATE,DELIVERY_START_DATE,CATEGORY,REVIEW_CHECK,QUANTITY,FSIZE,REVIEW_IDX,ITEM_IDX) values (108,112,null,'망고빛 거베라 에디션',52400,null,'https://storage.googleapis.com/download/storage/v1/b/upload.alwaysbom.xyz/o/flower%2FMldUMMFxEa-flower2-1.jpg?generation=1617889280085111&alt=media',null,null,'꽃다발',0,1,'XL',null,65);
Insert into BOM.OITEM (IDX,ORDERS_IDX,LETTER_CONTENT,NAME,PRICE,OPTIONS,IMAGE,REQUEST_DATE,DELIVERY_START_DATE,CATEGORY,REVIEW_CHECK,QUANTITY,FSIZE,REVIEW_IDX,ITEM_IDX) values (109,112,null,'망고빛 거베라 에디션',52400,null,'https://storage.googleapis.com/download/storage/v1/b/upload.alwaysbom.xyz/o/flower%2FMldUMMFxEa-flower2-1.jpg?generation=1617889280085111&alt=media',to_date('2021/04/12','YYYY/MM/DD'),null,'꽃다발',0,1,'XL',1,65);
Insert into BOM.OITEM (IDX,ORDERS_IDX,LETTER_CONTENT,NAME,PRICE,OPTIONS,IMAGE,REQUEST_DATE,DELIVERY_START_DATE,CATEGORY,REVIEW_CHECK,QUANTITY,FSIZE,REVIEW_IDX,ITEM_IDX) values (110,112,null,'캄파넬라 에디션',67850,'우드 꽃가위 : 1개, ','https://storage.googleapis.com/download/storage/v1/b/upload.alwaysbom.xyz/o/flower%2FefQUXUoWIl-flower1-2.jpg?generation=1617891279584834&alt=media',null,null,'꽃다발',1,1,'XL',251,63);
Insert into BOM.OITEM (IDX,ORDERS_IDX,LETTER_CONTENT,NAME,PRICE,OPTIONS,IMAGE,REQUEST_DATE,DELIVERY_START_DATE,CATEGORY,REVIEW_CHECK,QUANTITY,FSIZE,REVIEW_IDX,ITEM_IDX) values (111,112,null,'캄파넬라 에디션',80400,'미니멀 도자기 화병 : 1개, ','https://storage.googleapis.com/download/storage/v1/b/upload.alwaysbom.xyz/o/flower%2FefQUXUoWIl-flower1-2.jpg?generation=1617891279584834&alt=media',to_date('2021/04/13','YYYY/MM/DD'),null,'꽃다발',1,1,'XL',252,63);
Insert into BOM.OITEM (IDX,ORDERS_IDX,LETTER_CONTENT,NAME,PRICE,OPTIONS,IMAGE,REQUEST_DATE,DELIVERY_START_DATE,CATEGORY,REVIEW_CHECK,QUANTITY,FSIZE,REVIEW_IDX,ITEM_IDX) values (112,112,null,'캄파넬라 에디션',105400,'플로리스트 툴 전용 가죽 파우치 : 1개, ','https://storage.googleapis.com/download/storage/v1/b/upload.alwaysbom.xyz/o/flower%2FefQUXUoWIl-flower1-2.jpg?generation=1617891279584834&alt=media',to_date('2021/04/13','YYYY/MM/DD'),null,'꽃다발',1,1,'XL',253,63);
Insert into BOM.OITEM (IDX,ORDERS_IDX,LETTER_CONTENT,NAME,PRICE,OPTIONS,IMAGE,REQUEST_DATE,DELIVERY_START_DATE,CATEGORY,REVIEW_CHECK,QUANTITY,FSIZE,REVIEW_IDX,ITEM_IDX) values (113,112,null,'캄파넬라 에디션',80400,'미니멀 도자기 화병 : 1개, ','https://storage.googleapis.com/download/storage/v1/b/upload.alwaysbom.xyz/o/flower%2FefQUXUoWIl-flower1-2.jpg?generation=1617891279584834&alt=media',to_date('2021/04/13','YYYY/MM/DD'),null,'꽃다발',1,1,'XL',254,63);
Insert into BOM.OITEM (IDX,ORDERS_IDX,LETTER_CONTENT,NAME,PRICE,OPTIONS,IMAGE,REQUEST_DATE,DELIVERY_START_DATE,CATEGORY,REVIEW_CHECK,QUANTITY,FSIZE,REVIEW_IDX,ITEM_IDX) values (114,112,null,'캄파넬라 에디션',67850,'우드 꽃가위 : 1개, ','https://storage.googleapis.com/download/storage/v1/b/upload.alwaysbom.xyz/o/flower%2FefQUXUoWIl-flower1-2.jpg?generation=1617891279584834&alt=media',to_date('2021/04/14','YYYY/MM/DD'),null,'꽃다발',1,1,'XL',255,63);
Insert into BOM.OITEM (IDX,ORDERS_IDX,LETTER_CONTENT,NAME,PRICE,OPTIONS,IMAGE,REQUEST_DATE,DELIVERY_START_DATE,CATEGORY,REVIEW_CHECK,QUANTITY,FSIZE,REVIEW_IDX,ITEM_IDX) values (115,112,null,'망고빛 거베라 에디션',52400,null,'https://storage.googleapis.com/download/storage/v1/b/upload.alwaysbom.xyz/o/flower%2FMldUMMFxEa-flower2-1.jpg?generation=1617889280085111&alt=media',to_date('2021/04/13','YYYY/MM/DD'),null,'꽃다발',0,1,'XL',null,65);
Insert into BOM.OITEM (IDX,ORDERS_IDX,LETTER_CONTENT,NAME,PRICE,OPTIONS,IMAGE,REQUEST_DATE,DELIVERY_START_DATE,CATEGORY,REVIEW_CHECK,QUANTITY,FSIZE,REVIEW_IDX,ITEM_IDX) values (116,112,null,'캄파넬라 에디션',67400,'투명한 화병 : 1개, ','https://storage.googleapis.com/download/storage/v1/b/upload.alwaysbom.xyz/o/flower%2FFNmnKrvdRM-flower1-3.jpg?generation=1617567576967405&alt=media',to_date('2021/04/13','YYYY/MM/DD'),null,'꽃다발',1,1,'XL',256,63);
Insert into BOM.OITEM (IDX,ORDERS_IDX,LETTER_CONTENT,NAME,PRICE,OPTIONS,IMAGE,REQUEST_DATE,DELIVERY_START_DATE,CATEGORY,REVIEW_CHECK,QUANTITY,FSIZE,REVIEW_IDX,ITEM_IDX) values (117,112,null,'캄파넬라 에디션',80400,'미니멀 도자기 화병 : 1개, ','https://storage.googleapis.com/download/storage/v1/b/upload.alwaysbom.xyz/o/flower%2FFNmnKrvdRM-flower1-3.jpg?generation=1617567576967405&alt=media',to_date('2021/04/13','YYYY/MM/DD'),null,'꽃다발',1,1,'XL',257,63);
Insert into BOM.OITEM (IDX,ORDERS_IDX,LETTER_CONTENT,NAME,PRICE,OPTIONS,IMAGE,REQUEST_DATE,DELIVERY_START_DATE,CATEGORY,REVIEW_CHECK,QUANTITY,FSIZE,REVIEW_IDX,ITEM_IDX) values (118,112,null,'캄파넬라 에디션',80400,'미니멀 도자기 화병 : 1개, ','https://storage.googleapis.com/download/storage/v1/b/upload.alwaysbom.xyz/o/flower%2FefQUXUoWIl-flower1-2.jpg?generation=1617891279584834&alt=media',to_date('2021/04/13','YYYY/MM/DD'),null,'꽃다발',0,1,'XL',null,63);
Insert into BOM.OITEM (IDX,ORDERS_IDX,LETTER_CONTENT,NAME,PRICE,OPTIONS,IMAGE,REQUEST_DATE,DELIVERY_START_DATE,CATEGORY,REVIEW_CHECK,QUANTITY,FSIZE,REVIEW_IDX,ITEM_IDX) values (119,112,null,'라일락 에디션',55200,'미니멀 도자기 화병 : 1개, ','https://storage.googleapis.com/download/storage/v1/b/upload.alwaysbom.xyz/o/flower%2FEBAueObLxX-flower3-1.jpg?generation=1617893819521268&alt=media',to_date('2021/04/13','YYYY/MM/DD'),null,'꽃다발',0,1,'M',180,64);
Insert into BOM.OITEM (IDX,ORDERS_IDX,LETTER_CONTENT,NAME,PRICE,OPTIONS,IMAGE,REQUEST_DATE,DELIVERY_START_DATE,CATEGORY,REVIEW_CHECK,QUANTITY,FSIZE,REVIEW_IDX,ITEM_IDX) values (127,119,'null','라일락 에디션',32200,null,'https://storage.googleapis.com/download/storage/v1/b/upload.alwaysbom.xyz/o/flower%2FEBAueObLxX-flower3-1.jpg?generation=1617893819521268&alt=media',null,null,'꽃다발',0,1,'M',null,64);
Insert into BOM.OITEM (IDX,ORDERS_IDX,LETTER_CONTENT,NAME,PRICE,OPTIONS,IMAGE,REQUEST_DATE,DELIVERY_START_DATE,CATEGORY,REVIEW_CHECK,QUANTITY,FSIZE,REVIEW_IDX,ITEM_IDX) values (120,112,null,'캄파넬라 에디션',274500,null,'https://storage.googleapis.com/download/storage/v1/b/upload.alwaysbom.xyz/o/flower%2FefQUXUoWIl-flower1-2.jpg?generation=1617891279584834&alt=media',null,null,'꽃다발',0,5,'XL',null,63);
Insert into BOM.OITEM (IDX,ORDERS_IDX,LETTER_CONTENT,NAME,PRICE,OPTIONS,IMAGE,REQUEST_DATE,DELIVERY_START_DATE,CATEGORY,REVIEW_CHECK,QUANTITY,FSIZE,REVIEW_IDX,ITEM_IDX) values (130,122,null,'라일락 에디션',39700,'투명한 화병 : 1개','https://storage.googleapis.com/download/storage/v1/b/upload.alwaysbom.xyz/o/flower%2FEBAueObLxX-flower3-1.jpg?generation=1617893819521268&alt=media',to_date('2021/04/14','YYYY/MM/DD'),null,'꽃다발',0,1,'M',null,64);
Insert into BOM.OITEM (IDX,ORDERS_IDX,LETTER_CONTENT,NAME,PRICE,OPTIONS,IMAGE,REQUEST_DATE,DELIVERY_START_DATE,CATEGORY,REVIEW_CHECK,QUANTITY,FSIZE,REVIEW_IDX,ITEM_IDX) values (131,123,'ee','라일락 에디션',80200,'플로리스트 툴 전용 가죽 파우치 : 1개','https://storage.googleapis.com/download/storage/v1/b/upload.alwaysbom.xyz/o/flower%2FEBAueObLxX-flower3-1.jpg?generation=1617893819521268&alt=media',to_date('2021/04/14','YYYY/MM/DD'),null,'꽃다발',0,1,'M',null,64);
Insert into BOM.OITEM (IDX,ORDERS_IDX,LETTER_CONTENT,NAME,PRICE,OPTIONS,IMAGE,REQUEST_DATE,DELIVERY_START_DATE,CATEGORY,REVIEW_CHECK,QUANTITY,FSIZE,REVIEW_IDX,ITEM_IDX) values (132,124,'0.','라일락 에디션',32200,null,'https://storage.googleapis.com/download/storage/v1/b/upload.alwaysbom.xyz/o/flower%2FEBAueObLxX-flower3-1.jpg?generation=1617893819521268&alt=media',to_date('2021/04/09','YYYY/MM/DD'),null,'꽃다발',1,1,'M',313,64);
Insert into BOM.OITEM (IDX,ORDERS_IDX,LETTER_CONTENT,NAME,PRICE,OPTIONS,IMAGE,REQUEST_DATE,DELIVERY_START_DATE,CATEGORY,REVIEW_CHECK,QUANTITY,FSIZE,REVIEW_IDX,ITEM_IDX) values (133,125,'안녕하세요
선물이에요','썸머가든 에디션',50500,null,'https://storage.googleapis.com/download/storage/v1/b/upload.alwaysbom.xyz/o/flower%2FHJBPEqdHuA-163349572_1082848412217844_7573858031262598452_n.jpg?generation=1617295043509883&alt=media',to_date('2021/04/10','YYYY/MM/DD'),null,'꽃다발',0,1,'XL',null,43);
Insert into BOM.OITEM (IDX,ORDERS_IDX,LETTER_CONTENT,NAME,PRICE,OPTIONS,IMAGE,REQUEST_DATE,DELIVERY_START_DATE,CATEGORY,REVIEW_CHECK,QUANTITY,FSIZE,REVIEW_IDX,ITEM_IDX) values (141,126,'ㅏㅏ','가벼운S꽃구독',72400,'투명한 화병 : ','https://storage.googleapis.com/download/storage/v1/b/upload.alwaysbom.xyz/o/subs%2FGRdiPvMkca-sub_banner%20(8).jpg?generation=1617425996237664&alt=media',to_date('2021/04/13','YYYY/MM/DD'),null,'정기구독',0,1,'S',null,47);
Insert into BOM.OITEM (IDX,ORDERS_IDX,LETTER_CONTENT,NAME,PRICE,OPTIONS,IMAGE,REQUEST_DATE,DELIVERY_START_DATE,CATEGORY,REVIEW_CHECK,QUANTITY,FSIZE,REVIEW_IDX,ITEM_IDX) values (143,128,'null','투명한 화병',12500,null,'https://storage.googleapis.com/download/storage/v1/b/upload.alwaysbom.xyz/o/product%2FIqfWOrtizl-0_1.png?generation=1617242676931718&alt=media',to_date('2021/04/10','YYYY/MM/DD'),null,'소품샵',1,1,'M',231,42);
Insert into BOM.OITEM (IDX,ORDERS_IDX,LETTER_CONTENT,NAME,PRICE,OPTIONS,IMAGE,REQUEST_DATE,DELIVERY_START_DATE,CATEGORY,REVIEW_CHECK,QUANTITY,FSIZE,REVIEW_IDX,ITEM_IDX) values (161,158,'안녕~~','투명한 화병',12500,null,'https://storage.googleapis.com/download/storage/v1/b/upload.alwaysbom.xyz/o/product%2FIqfWOrtizl-0_1.png?generation=1617242676931718&alt=media',to_date('2021/04/10','YYYY/MM/DD'),null,'소품샵',1,1,'M',232,42);
Insert into BOM.OITEM (IDX,ORDERS_IDX,LETTER_CONTENT,NAME,PRICE,OPTIONS,IMAGE,REQUEST_DATE,DELIVERY_START_DATE,CATEGORY,REVIEW_CHECK,QUANTITY,FSIZE,REVIEW_IDX,ITEM_IDX) values (164,161,'null','디그리아 토분&받침',8500,null,'https://storage.googleapis.com/download/storage/v1/b/upload.alwaysbom.xyz/o/product%2FwcEtVXAiUg-vase2-1.jpg?generation=1617281435026506&alt=media',to_date('2021/04/12','YYYY/MM/DD'),null,'소품샵',1,1,'S',283,43);
Insert into BOM.OITEM (IDX,ORDERS_IDX,LETTER_CONTENT,NAME,PRICE,OPTIONS,IMAGE,REQUEST_DATE,DELIVERY_START_DATE,CATEGORY,REVIEW_CHECK,QUANTITY,FSIZE,REVIEW_IDX,ITEM_IDX) values (165,162,null,'꽃다발 테스트',21000,'빈티지 블랙 가드닝 가위 : 1개','https://storage.googleapis.com/download/storage/v1/b/upload.alwaysbom.xyz/o/flower%2FkTYfliKzrI-flower8-3.jpg?generation=1617331635438137&alt=media',to_date('2021/04/10','YYYY/MM/DD'),null,'꽃다발',1,1,'L',234,61);
Insert into BOM.OITEM (IDX,ORDERS_IDX,LETTER_CONTENT,NAME,PRICE,OPTIONS,IMAGE,REQUEST_DATE,DELIVERY_START_DATE,CATEGORY,REVIEW_CHECK,QUANTITY,FSIZE,REVIEW_IDX,ITEM_IDX) values (169,166,'null','가벼운S꽃구독',62400,null,'https://storage.googleapis.com/download/storage/v1/b/upload.alwaysbom.xyz/o/subs%2FGRdiPvMkca-sub_banner%20(8).jpg?generation=1617425996237664&alt=media',to_date('2021/04/15','YYYY/MM/DD'),null,'정기구독',0,1,'S',null,47);
Insert into BOM.OITEM (IDX,ORDERS_IDX,LETTER_CONTENT,NAME,PRICE,OPTIONS,IMAGE,REQUEST_DATE,DELIVERY_START_DATE,CATEGORY,REVIEW_CHECK,QUANTITY,FSIZE,REVIEW_IDX,ITEM_IDX) values (170,167,'null','가벼운S꽃구독',62400,null,'https://storage.googleapis.com/download/storage/v1/b/upload.alwaysbom.xyz/o/subs%2FGRdiPvMkca-sub_banner%20(8).jpg?generation=1617425996237664&alt=media',to_date('2021/04/16','YYYY/MM/DD'),null,'정기구독',0,1,'S',null,47);
Insert into BOM.OITEM (IDX,ORDERS_IDX,LETTER_CONTENT,NAME,PRICE,OPTIONS,IMAGE,REQUEST_DATE,DELIVERY_START_DATE,CATEGORY,REVIEW_CHECK,QUANTITY,FSIZE,REVIEW_IDX,ITEM_IDX) values (171,168,'null','가벼운S꽃구독',62400,null,'https://storage.googleapis.com/download/storage/v1/b/upload.alwaysbom.xyz/o/subs%2FGRdiPvMkca-sub_banner%20(8).jpg?generation=1617425996237664&alt=media',to_date('2021/04/13','YYYY/MM/DD'),null,'정기구독',0,1,'S',null,47);
Insert into BOM.OITEM (IDX,ORDERS_IDX,LETTER_CONTENT,NAME,PRICE,OPTIONS,IMAGE,REQUEST_DATE,DELIVERY_START_DATE,CATEGORY,REVIEW_CHECK,QUANTITY,FSIZE,REVIEW_IDX,ITEM_IDX) values (172,169,'null','망고빛 거베라 에디션',52400,null,'https://storage.googleapis.com/download/storage/v1/b/upload.alwaysbom.xyz/o/flower%2FMldUMMFxEa-flower2-1.jpg?generation=1617889280085111&alt=media',to_date('2021/04/15','YYYY/MM/DD'),null,'꽃다발',1,1,'XL',291,65);
Insert into BOM.OITEM (IDX,ORDERS_IDX,LETTER_CONTENT,NAME,PRICE,OPTIONS,IMAGE,REQUEST_DATE,DELIVERY_START_DATE,CATEGORY,REVIEW_CHECK,QUANTITY,FSIZE,REVIEW_IDX,ITEM_IDX) values (173,170,'null','라일락 에디션',32200,null,'https://storage.googleapis.com/download/storage/v1/b/upload.alwaysbom.xyz/o/flower%2FEBAueObLxX-flower3-1.jpg?generation=1617893819521268&alt=media',to_date('2021/04/16','YYYY/MM/DD'),null,'꽃다발',0,1,'M',null,64);
Insert into BOM.OITEM (IDX,ORDERS_IDX,LETTER_CONTENT,NAME,PRICE,OPTIONS,IMAGE,REQUEST_DATE,DELIVERY_START_DATE,CATEGORY,REVIEW_CHECK,QUANTITY,FSIZE,REVIEW_IDX,ITEM_IDX) values (174,171,'null','망고빛 거베라 에디션',52400,null,'https://storage.googleapis.com/download/storage/v1/b/upload.alwaysbom.xyz/o/flower%2FMldUMMFxEa-flower2-1.jpg?generation=1617889280085111&alt=media',to_date('2021/04/16','YYYY/MM/DD'),null,'꽃다발',0,1,'XL',null,65);
Insert into BOM.OITEM (IDX,ORDERS_IDX,LETTER_CONTENT,NAME,PRICE,OPTIONS,IMAGE,REQUEST_DATE,DELIVERY_START_DATE,CATEGORY,REVIEW_CHECK,QUANTITY,FSIZE,REVIEW_IDX,ITEM_IDX) values (68,63,'null','가벼운S꽃구독',72400,'투명한 화병 : ','https://storage.googleapis.com/download/storage/v1/b/upload.alwaysbom.xyz/o/subs%2FGRdiPvMkca-sub_banner%20(8).jpg?generation=1617425996237664&alt=media',to_date('2021/04/14','YYYY/MM/DD'),null,'정기구독',0,1,'S',68,47);
Insert into BOM.OITEM (IDX,ORDERS_IDX,LETTER_CONTENT,NAME,PRICE,OPTIONS,IMAGE,REQUEST_DATE,DELIVERY_START_DATE,CATEGORY,REVIEW_CHECK,QUANTITY,FSIZE,REVIEW_IDX,ITEM_IDX) values (175,172,'null','딱좋은 M 꽃구독',37400,null,'https://storage.googleapis.com/download/storage/v1/b/upload.alwaysbom.xyz/o/subs%2FLWKAuokpFu-sub_banner%20(5).jpg?generation=1617425550973899&alt=media',to_date('2021/04/13','YYYY/MM/DD'),null,'정기구독',1,1,'S',258,45);
Insert into BOM.OITEM (IDX,ORDERS_IDX,LETTER_CONTENT,NAME,PRICE,OPTIONS,IMAGE,REQUEST_DATE,DELIVERY_START_DATE,CATEGORY,REVIEW_CHECK,QUANTITY,FSIZE,REVIEW_IDX,ITEM_IDX) values (181,178,'s','가벼운 S 꽃구독',32400,null,'https://storage.googleapis.com/download/storage/v1/b/upload.alwaysbom.xyz/o/subs%2FkYzSUmafAc-0_1_9FJlidF.jpg?generation=1618127881043760&alt=media',null,null,'정기구독',0,1,'S',null,47);
Insert into BOM.OITEM (IDX,ORDERS_IDX,LETTER_CONTENT,NAME,PRICE,OPTIONS,IMAGE,REQUEST_DATE,DELIVERY_START_DATE,CATEGORY,REVIEW_CHECK,QUANTITY,FSIZE,REVIEW_IDX,ITEM_IDX) values (182,179,'s','가벼운 S 꽃구독',32400,null,'https://storage.googleapis.com/download/storage/v1/b/upload.alwaysbom.xyz/o/subs%2FkYzSUmafAc-0_1_9FJlidF.jpg?generation=1618127881043760&alt=media',null,null,'정기구독',0,1,'S',null,47);
Insert into BOM.OITEM (IDX,ORDERS_IDX,LETTER_CONTENT,NAME,PRICE,OPTIONS,IMAGE,REQUEST_DATE,DELIVERY_START_DATE,CATEGORY,REVIEW_CHECK,QUANTITY,FSIZE,REVIEW_IDX,ITEM_IDX) values (183,180,'편지입니다','가벼운 S 꽃구독',32400,null,'https://storage.googleapis.com/download/storage/v1/b/upload.alwaysbom.xyz/o/subs%2FkYzSUmafAc-0_1_9FJlidF.jpg?generation=1618127881043760&alt=media',to_date('2021/04/15','YYYY/MM/DD'),null,'정기구독',0,1,'S',null,47);
Insert into BOM.OITEM (IDX,ORDERS_IDX,LETTER_CONTENT,NAME,PRICE,OPTIONS,IMAGE,REQUEST_DATE,DELIVERY_START_DATE,CATEGORY,REVIEW_CHECK,QUANTITY,FSIZE,REVIEW_IDX,ITEM_IDX) values (184,181,'정기구독','가벼운 S 꽃구독',42400,'투명한 화병 : 1개, ','https://storage.googleapis.com/download/storage/v1/b/upload.alwaysbom.xyz/o/subs%2FkYzSUmafAc-0_1_9FJlidF.jpg?generation=1618127881043760&alt=media',null,null,'정기구독',0,1,'S',null,47);
Insert into BOM.OITEM (IDX,ORDERS_IDX,LETTER_CONTENT,NAME,PRICE,OPTIONS,IMAGE,REQUEST_DATE,DELIVERY_START_DATE,CATEGORY,REVIEW_CHECK,QUANTITY,FSIZE,REVIEW_IDX,ITEM_IDX) values (185,181,'상품','망고 튤립',113650,'빈티지 블랙 가드닝 가위 : 1개, 우드 꽃가위 : 1개, ','https://storage.googleapis.com/download/storage/v1/b/upload.alwaysbom.xyz/o/flower%2FHbqOszIngm-flower4-1.jpg?generation=1618145059296675&alt=media',to_date('2021/04/17','YYYY/MM/DD'),null,'꽃다발',0,3,'M',null,83);
Insert into BOM.OITEM (IDX,ORDERS_IDX,LETTER_CONTENT,NAME,PRICE,OPTIONS,IMAGE,REQUEST_DATE,DELIVERY_START_DATE,CATEGORY,REVIEW_CHECK,QUANTITY,FSIZE,REVIEW_IDX,ITEM_IDX) values (186,182,'ㅇ','망고 튤립',80400,'플로리스트 툴 전용 가죽 파우치 : 1개','https://storage.googleapis.com/download/storage/v1/b/upload.alwaysbom.xyz/o/flower%2FHbqOszIngm-flower4-1.jpg?generation=1618145059296675&alt=media',to_date('2021/04/21','YYYY/MM/DD'),null,'꽃다발',0,1,'M',null,83);
Insert into BOM.OITEM (IDX,ORDERS_IDX,LETTER_CONTENT,NAME,PRICE,OPTIONS,IMAGE,REQUEST_DATE,DELIVERY_START_DATE,CATEGORY,REVIEW_CHECK,QUANTITY,FSIZE,REVIEW_IDX,ITEM_IDX) values (187,183,'null','가벼운 S 꽃구독',32400,null,'https://storage.googleapis.com/download/storage/v1/b/upload.alwaysbom.xyz/o/subs%2FkYzSUmafAc-0_1_9FJlidF.jpg?generation=1618127881043760&alt=media',to_date('2021/04/14','YYYY/MM/DD'),null,'정기구독',1,1,'S',308,47);
Insert into BOM.OITEM (IDX,ORDERS_IDX,LETTER_CONTENT,NAME,PRICE,OPTIONS,IMAGE,REQUEST_DATE,DELIVERY_START_DATE,CATEGORY,REVIEW_CHECK,QUANTITY,FSIZE,REVIEW_IDX,ITEM_IDX) values (188,184,'null','망고 튤립',32400,null,'https://storage.googleapis.com/download/storage/v1/b/upload.alwaysbom.xyz/o/flower%2FHbqOszIngm-flower4-1.jpg?generation=1618145059296675&alt=media',to_date('2021/04/15','YYYY/MM/DD'),null,'꽃다발',1,1,'M',298,83);
Insert into BOM.OITEM (IDX,ORDERS_IDX,LETTER_CONTENT,NAME,PRICE,OPTIONS,IMAGE,REQUEST_DATE,DELIVERY_START_DATE,CATEGORY,REVIEW_CHECK,QUANTITY,FSIZE,REVIEW_IDX,ITEM_IDX) values (189,185,'null','라일락 에디션',80200,'플로리스트 툴 전용 가죽 파우치 : 1개, ','https://storage.googleapis.com/download/storage/v1/b/upload.alwaysbom.xyz/o/flower%2FEBAueObLxX-flower3-1.jpg?generation=1617893819521268&alt=media',to_date('2021/04/15','YYYY/MM/DD'),null,'꽃다발',1,1,'M',302,64);
Insert into BOM.OITEM (IDX,ORDERS_IDX,LETTER_CONTENT,NAME,PRICE,OPTIONS,IMAGE,REQUEST_DATE,DELIVERY_START_DATE,CATEGORY,REVIEW_CHECK,QUANTITY,FSIZE,REVIEW_IDX,ITEM_IDX) values (190,186,'null','캄파넬라 에디션',57400,null,'https://storage.googleapis.com/download/storage/v1/b/upload.alwaysbom.xyz/o/flower%2FefQUXUoWIl-flower1-2.jpg?generation=1617891279584834&alt=media',to_date('2021/04/22','YYYY/MM/DD'),null,'꽃다발',1,1,'XL',301,63);
Insert into BOM.OITEM (IDX,ORDERS_IDX,LETTER_CONTENT,NAME,PRICE,OPTIONS,IMAGE,REQUEST_DATE,DELIVERY_START_DATE,CATEGORY,REVIEW_CHECK,QUANTITY,FSIZE,REVIEW_IDX,ITEM_IDX) values (191,187,'null','망고빛 거베라 에디션',52400,null,'https://storage.googleapis.com/download/storage/v1/b/upload.alwaysbom.xyz/o/flower%2FMldUMMFxEa-flower2-1.jpg?generation=1617889280085111&alt=media',to_date('2021/04/26','YYYY/MM/DD'),null,'꽃다발',1,1,'XL',300,65);
Insert into BOM.OITEM (IDX,ORDERS_IDX,LETTER_CONTENT,NAME,PRICE,OPTIONS,IMAGE,REQUEST_DATE,DELIVERY_START_DATE,CATEGORY,REVIEW_CHECK,QUANTITY,FSIZE,REVIEW_IDX,ITEM_IDX) values (90,98,'ㅇㅇ','캄파넬라 에디션',68400,'빈티지 블랙 가드닝 가위 : 1개, ','https://storage.googleapis.com/download/storage/v1/b/upload.alwaysbom.xyz/o/flower%2FefQUXUoWIl-flower1-2.jpg?generation=1617891279584834&alt=media',to_date('2021/04/20','YYYY/MM/DD'),null,'꽃다발',0,1,'XL',null,63);
Insert into BOM.OITEM (IDX,ORDERS_IDX,LETTER_CONTENT,NAME,PRICE,OPTIONS,IMAGE,REQUEST_DATE,DELIVERY_START_DATE,CATEGORY,REVIEW_CHECK,QUANTITY,FSIZE,REVIEW_IDX,ITEM_IDX) values (91,98,'ㅇㅇ','라일락 에디션',55200,'미니멀 도자기 화병 : 1개, ','https://storage.googleapis.com/download/storage/v1/b/upload.alwaysbom.xyz/o/flower%2FEBAueObLxX-flower3-1.jpg?generation=1617893819521268&alt=media',to_date('2021/04/14','YYYY/MM/DD'),null,'꽃다발',0,1,'M',91,64);
Insert into BOM.OITEM (IDX,ORDERS_IDX,LETTER_CONTENT,NAME,PRICE,OPTIONS,IMAGE,REQUEST_DATE,DELIVERY_START_DATE,CATEGORY,REVIEW_CHECK,QUANTITY,FSIZE,REVIEW_IDX,ITEM_IDX) values (92,98,'ㅇㅇ','망고빛 거베라 에디션',75400,'미니멀 도자기 화병 : 1개, ','https://storage.googleapis.com/download/storage/v1/b/upload.alwaysbom.xyz/o/flower%2FMldUMMFxEa-flower2-1.jpg?generation=1617889280085111&alt=media',to_date('2021/04/14','YYYY/MM/DD'),null,'꽃다발',0,1,'XL',null,65);
Insert into BOM.OITEM (IDX,ORDERS_IDX,LETTER_CONTENT,NAME,PRICE,OPTIONS,IMAGE,REQUEST_DATE,DELIVERY_START_DATE,CATEGORY,REVIEW_CHECK,QUANTITY,FSIZE,REVIEW_IDX,ITEM_IDX) values (88,96,'sss','캄파넬라 에디션',105400,'플로리스트 툴 전용 가죽 파우치 : 1개','https://storage.googleapis.com/download/storage/v1/b/upload.alwaysbom.xyz/o/flower%2FefQUXUoWIl-flower1-2.jpg?generation=1617891279584834&alt=media',to_date('2021/04/13','YYYY/MM/DD'),null,'꽃다발',0,1,'XL',null,63);
Insert into BOM.OITEM (IDX,ORDERS_IDX,LETTER_CONTENT,NAME,PRICE,OPTIONS,IMAGE,REQUEST_DATE,DELIVERY_START_DATE,CATEGORY,REVIEW_CHECK,QUANTITY,FSIZE,REVIEW_IDX,ITEM_IDX) values (89,97,'ㅇㅇㅇ','캄파넬라 에디션',105400,'플로리스트 툴 전용 가죽 파우치 : 1개, ','https://storage.googleapis.com/download/storage/v1/b/upload.alwaysbom.xyz/o/flower%2FefQUXUoWIl-flower1-2.jpg?generation=1617891279584834&alt=media',to_date('2021/04/13','YYYY/MM/DD'),null,'꽃다발',1,1,'XL',303,63);
Insert into BOM.OITEM (IDX,ORDERS_IDX,LETTER_CONTENT,NAME,PRICE,OPTIONS,IMAGE,REQUEST_DATE,DELIVERY_START_DATE,CATEGORY,REVIEW_CHECK,QUANTITY,FSIZE,REVIEW_IDX,ITEM_IDX) values (144,141,'s','풍성한 L 꽃구독',52400,'미니멀 도자기 화병 : 1개, ','https://storage.googleapis.com/download/storage/v1/b/upload.alwaysbom.xyz/o/subs%2FORDklPlVzD-sub_banner%20(6).jpg?generation=1617425451728172&alt=media',null,null,'정기구독',0,1,'L',null,44);
Insert into BOM.OITEM (IDX,ORDERS_IDX,LETTER_CONTENT,NAME,PRICE,OPTIONS,IMAGE,REQUEST_DATE,DELIVERY_START_DATE,CATEGORY,REVIEW_CHECK,QUANTITY,FSIZE,REVIEW_IDX,ITEM_IDX) values (145,142,'s','풍성한 L 꽃구독',52400,'미니멀 도자기 화병 : ','https://storage.googleapis.com/download/storage/v1/b/upload.alwaysbom.xyz/o/subs%2FORDklPlVzD-sub_banner%20(6).jpg?generation=1617425451728172&alt=media',to_date('2021/04/13','YYYY/MM/DD'),null,'정기구독',0,1,'S',null,44);
Insert into BOM.OITEM (IDX,ORDERS_IDX,LETTER_CONTENT,NAME,PRICE,OPTIONS,IMAGE,REQUEST_DATE,DELIVERY_START_DATE,CATEGORY,REVIEW_CHECK,QUANTITY,FSIZE,REVIEW_IDX,ITEM_IDX) values (146,143,'ㅏㅓㅏㅓ','망고빛 거베라 에디션',100400,'플로리스트 툴 전용 가죽 파우치 : 1개','https://storage.googleapis.com/download/storage/v1/b/upload.alwaysbom.xyz/o/flower%2FMldUMMFxEa-flower2-1.jpg?generation=1617889280085111&alt=media',to_date('2021/04/13','YYYY/MM/DD'),null,'꽃다발',0,1,'XL',null,65);
Insert into BOM.OITEM (IDX,ORDERS_IDX,LETTER_CONTENT,NAME,PRICE,OPTIONS,IMAGE,REQUEST_DATE,DELIVERY_START_DATE,CATEGORY,REVIEW_CHECK,QUANTITY,FSIZE,REVIEW_IDX,ITEM_IDX) values (147,144,'ㅏㅓㅏㅓ','망고빛 거베라 에디션',100400,'플로리스트 툴 전용 가죽 파우치 : 1개','https://storage.googleapis.com/download/storage/v1/b/upload.alwaysbom.xyz/o/flower%2FMldUMMFxEa-flower2-1.jpg?generation=1617889280085111&alt=media',to_date('2021/04/13','YYYY/MM/DD'),null,'꽃다발',0,1,'XL',null,65);
Insert into BOM.OITEM (IDX,ORDERS_IDX,LETTER_CONTENT,NAME,PRICE,OPTIONS,IMAGE,REQUEST_DATE,DELIVERY_START_DATE,CATEGORY,REVIEW_CHECK,QUANTITY,FSIZE,REVIEW_IDX,ITEM_IDX) values (148,145,'ㅏㅏㅏ','캄파넬라 에디션',170850,'우드 꽃가위 : 1개, 미니멀 도자기 화병 : 4개, 빈티지 블랙 가드닝 가위 : 1개','https://storage.googleapis.com/download/storage/v1/b/upload.alwaysbom.xyz/o/flower%2FFNmnKrvdRM-flower1-3.jpg?generation=1617567576967405&alt=media',to_date('2021/04/22','YYYY/MM/DD'),null,'꽃다발',0,1,'XL',null,63);
Insert into BOM.OITEM (IDX,ORDERS_IDX,LETTER_CONTENT,NAME,PRICE,OPTIONS,IMAGE,REQUEST_DATE,DELIVERY_START_DATE,CATEGORY,REVIEW_CHECK,QUANTITY,FSIZE,REVIEW_IDX,ITEM_IDX) values (149,146,'ㅏㅏㅏ','캄파넬라 에디션',170850,'우드 꽃가위 : 1개, 미니멀 도자기 화병 : 4개, 빈티지 블랙 가드닝 가위 : 1개','https://storage.googleapis.com/download/storage/v1/b/upload.alwaysbom.xyz/o/flower%2FFNmnKrvdRM-flower1-3.jpg?generation=1617567576967405&alt=media',to_date('2021/04/22','YYYY/MM/DD'),null,'꽃다발',0,1,'XL',null,63);
Insert into BOM.OITEM (IDX,ORDERS_IDX,LETTER_CONTENT,NAME,PRICE,OPTIONS,IMAGE,REQUEST_DATE,DELIVERY_START_DATE,CATEGORY,REVIEW_CHECK,QUANTITY,FSIZE,REVIEW_IDX,ITEM_IDX) values (150,147,'sss','라일락 에디션',42200,'투명한 화병 : 1개','https://storage.googleapis.com/download/storage/v1/b/upload.alwaysbom.xyz/o/flower%2FEBAueObLxX-flower3-1.jpg?generation=1617893819521268&alt=media',to_date('2021/04/21','YYYY/MM/DD'),null,'꽃다발',0,1,'M',null,64);
Insert into BOM.OITEM (IDX,ORDERS_IDX,LETTER_CONTENT,NAME,PRICE,OPTIONS,IMAGE,REQUEST_DATE,DELIVERY_START_DATE,CATEGORY,REVIEW_CHECK,QUANTITY,FSIZE,REVIEW_IDX,ITEM_IDX) values (151,148,'ss','라일락 에디션',80200,'플로리스트 툴 전용 가죽 파우치 : 1개','https://storage.googleapis.com/download/storage/v1/b/upload.alwaysbom.xyz/o/flower%2FEBAueObLxX-flower3-1.jpg?generation=1617893819521268&alt=media',to_date('2021/04/13','YYYY/MM/DD'),null,'꽃다발',0,1,'M',null,64);
Insert into BOM.OITEM (IDX,ORDERS_IDX,LETTER_CONTENT,NAME,PRICE,OPTIONS,IMAGE,REQUEST_DATE,DELIVERY_START_DATE,CATEGORY,REVIEW_CHECK,QUANTITY,FSIZE,REVIEW_IDX,ITEM_IDX) values (152,149,'ss','라일락 에디션',80200,'플로리스트 툴 전용 가죽 파우치 : 1개','https://storage.googleapis.com/download/storage/v1/b/upload.alwaysbom.xyz/o/flower%2FEBAueObLxX-flower3-1.jpg?generation=1617893819521268&alt=media',to_date('2021/04/13','YYYY/MM/DD'),null,'꽃다발',0,1,'M',null,64);
Insert into BOM.OITEM (IDX,ORDERS_IDX,LETTER_CONTENT,NAME,PRICE,OPTIONS,IMAGE,REQUEST_DATE,DELIVERY_START_DATE,CATEGORY,REVIEW_CHECK,QUANTITY,FSIZE,REVIEW_IDX,ITEM_IDX) values (153,150,'s','라일락 에디션',32200,null,'https://storage.googleapis.com/download/storage/v1/b/upload.alwaysbom.xyz/o/flower%2FEBAueObLxX-flower3-1.jpg?generation=1617893819521268&alt=media',null,null,'꽃다발',0,1,'M',null,64);
Insert into BOM.OITEM (IDX,ORDERS_IDX,LETTER_CONTENT,NAME,PRICE,OPTIONS,IMAGE,REQUEST_DATE,DELIVERY_START_DATE,CATEGORY,REVIEW_CHECK,QUANTITY,FSIZE,REVIEW_IDX,ITEM_IDX) values (154,151,'null','화보용 랜덤 다발',51800,null,'https://storage.googleapis.com/download/storage/v1/b/upload.alwaysbom.xyz/o/flower%2FreXDTYNmHg-flower4-1.jpg?generation=1617294805658528&alt=media',null,null,'꽃다발',1,1,'XL',327,46);
Insert into BOM.OITEM (IDX,ORDERS_IDX,LETTER_CONTENT,NAME,PRICE,OPTIONS,IMAGE,REQUEST_DATE,DELIVERY_START_DATE,CATEGORY,REVIEW_CHECK,QUANTITY,FSIZE,REVIEW_IDX,ITEM_IDX) values (155,152,'null','화보용 랜덤 다발',51800,null,'https://storage.googleapis.com/download/storage/v1/b/upload.alwaysbom.xyz/o/flower%2FreXDTYNmHg-flower4-1.jpg?generation=1617294805658528&alt=media',null,null,'꽃다발',0,1,'XL',null,46);
Insert into BOM.OITEM (IDX,ORDERS_IDX,LETTER_CONTENT,NAME,PRICE,OPTIONS,IMAGE,REQUEST_DATE,DELIVERY_START_DATE,CATEGORY,REVIEW_CHECK,QUANTITY,FSIZE,REVIEW_IDX,ITEM_IDX) values (156,153,'ㄴ','라일락 에디션',42200,'투명한 화병 : 1개','https://storage.googleapis.com/download/storage/v1/b/upload.alwaysbom.xyz/o/flower%2FEBAueObLxX-flower3-1.jpg?generation=1617893819521268&alt=media',to_date('2021/04/13','YYYY/MM/DD'),null,'꽃다발',0,1,'M',null,64);
Insert into BOM.OITEM (IDX,ORDERS_IDX,LETTER_CONTENT,NAME,PRICE,OPTIONS,IMAGE,REQUEST_DATE,DELIVERY_START_DATE,CATEGORY,REVIEW_CHECK,QUANTITY,FSIZE,REVIEW_IDX,ITEM_IDX) values (157,154,'ㅇㅇㅇ','라일락 에디션',55200,'미니멀 도자기 화병 : 1개, ','https://storage.googleapis.com/download/storage/v1/b/upload.alwaysbom.xyz/o/flower%2FEBAueObLxX-flower3-1.jpg?generation=1617893819521268&alt=media',to_date('2021/04/13','YYYY/MM/DD'),null,'꽃다발',0,1,'M',null,64);
Insert into BOM.OITEM (IDX,ORDERS_IDX,LETTER_CONTENT,NAME,PRICE,OPTIONS,IMAGE,REQUEST_DATE,DELIVERY_START_DATE,CATEGORY,REVIEW_CHECK,QUANTITY,FSIZE,REVIEW_IDX,ITEM_IDX) values (158,155,'ㅏ','라일락 에디션',80200,'플로리스트 툴 전용 가죽 파우치 : 1개','https://storage.googleapis.com/download/storage/v1/b/upload.alwaysbom.xyz/o/flower%2FEBAueObLxX-flower3-1.jpg?generation=1617893819521268&alt=media',to_date('2021/04/13','YYYY/MM/DD'),null,'꽃다발',0,1,'M',null,64);
Insert into BOM.OITEM (IDX,ORDERS_IDX,LETTER_CONTENT,NAME,PRICE,OPTIONS,IMAGE,REQUEST_DATE,DELIVERY_START_DATE,CATEGORY,REVIEW_CHECK,QUANTITY,FSIZE,REVIEW_IDX,ITEM_IDX) values (159,156,'ㄴ','라일락 에디션',80200,'플로리스트 툴 전용 가죽 파우치 : 1개','https://storage.googleapis.com/download/storage/v1/b/upload.alwaysbom.xyz/o/flower%2FEBAueObLxX-flower3-1.jpg?generation=1617893819521268&alt=media',to_date('2021/04/13','YYYY/MM/DD'),null,'꽃다발',0,1,'M',null,64);
Insert into BOM.OITEM (IDX,ORDERS_IDX,LETTER_CONTENT,NAME,PRICE,OPTIONS,IMAGE,REQUEST_DATE,DELIVERY_START_DATE,CATEGORY,REVIEW_CHECK,QUANTITY,FSIZE,REVIEW_IDX,ITEM_IDX) values (160,157,'ㅇㅇ','망고빛 거베라 에디션',62850,'우드 꽃가위 : 1개, ','https://storage.googleapis.com/download/storage/v1/b/upload.alwaysbom.xyz/o/flower%2FMldUMMFxEa-flower2-1.jpg?generation=1617889280085111&alt=media',to_date('2021/04/13','YYYY/MM/DD'),null,'꽃다발',0,1,'XL',null,65);
Insert into BOM.OITEM (IDX,ORDERS_IDX,LETTER_CONTENT,NAME,PRICE,OPTIONS,IMAGE,REQUEST_DATE,DELIVERY_START_DATE,CATEGORY,REVIEW_CHECK,QUANTITY,FSIZE,REVIEW_IDX,ITEM_IDX) values (162,159,'s','라일락 에디션',32200,null,'https://storage.googleapis.com/download/storage/v1/b/upload.alwaysbom.xyz/o/flower%2FEBAueObLxX-flower3-1.jpg?generation=1617893819521268&alt=media',to_date('2021/04/14','YYYY/MM/DD'),null,'꽃다발',0,1,'M',null,64);
Insert into BOM.OITEM (IDX,ORDERS_IDX,LETTER_CONTENT,NAME,PRICE,OPTIONS,IMAGE,REQUEST_DATE,DELIVERY_START_DATE,CATEGORY,REVIEW_CHECK,QUANTITY,FSIZE,REVIEW_IDX,ITEM_IDX) values (163,160,'ㄴ','가벼운S꽃구독',62400,null,'https://storage.googleapis.com/download/storage/v1/b/upload.alwaysbom.xyz/o/subs%2FGRdiPvMkca-sub_banner%20(8).jpg?generation=1617425996237664&alt=media',null,null,'정기구독',0,1,'S',null,47);
Insert into BOM.OITEM (IDX,ORDERS_IDX,LETTER_CONTENT,NAME,PRICE,OPTIONS,IMAGE,REQUEST_DATE,DELIVERY_START_DATE,CATEGORY,REVIEW_CHECK,QUANTITY,FSIZE,REVIEW_IDX,ITEM_IDX) values (176,173,'s','가벼운S꽃구독',110400,'플로리스트 툴 전용 가죽 파우치 : 1개, ','https://storage.googleapis.com/download/storage/v1/b/upload.alwaysbom.xyz/o/subs%2FGRdiPvMkca-sub_banner%20(8).jpg?generation=1617425996237664&alt=media',null,null,'정기구독',0,1,'S',null,47);
Insert into BOM.OITEM (IDX,ORDERS_IDX,LETTER_CONTENT,NAME,PRICE,OPTIONS,IMAGE,REQUEST_DATE,DELIVERY_START_DATE,CATEGORY,REVIEW_CHECK,QUANTITY,FSIZE,REVIEW_IDX,ITEM_IDX) values (177,174,'ㅇㅇㅇㅇ','라일락 에디션',42200,'투명한 화병 : 1개','https://storage.googleapis.com/download/storage/v1/b/upload.alwaysbom.xyz/o/flower%2FEBAueObLxX-flower3-1.jpg?generation=1617893819521268&alt=media',to_date('2021/04/12','YYYY/MM/DD'),null,'꽃다발',0,1,'M',null,64);
Insert into BOM.OITEM (IDX,ORDERS_IDX,LETTER_CONTENT,NAME,PRICE,OPTIONS,IMAGE,REQUEST_DATE,DELIVERY_START_DATE,CATEGORY,REVIEW_CHECK,QUANTITY,FSIZE,REVIEW_IDX,ITEM_IDX) values (178,175,'ㅇㅇㅇㅇ','라일락 에디션',42200,'투명한 화병 : 1개','https://storage.googleapis.com/download/storage/v1/b/upload.alwaysbom.xyz/o/flower%2FEBAueObLxX-flower3-1.jpg?generation=1617893819521268&alt=media',to_date('2021/04/12','YYYY/MM/DD'),null,'꽃다발',0,1,'M',null,64);
Insert into BOM.OITEM (IDX,ORDERS_IDX,LETTER_CONTENT,NAME,PRICE,OPTIONS,IMAGE,REQUEST_DATE,DELIVERY_START_DATE,CATEGORY,REVIEW_CHECK,QUANTITY,FSIZE,REVIEW_IDX,ITEM_IDX) values (64,59,'null','가벼운S꽃구독',110400,'플로리스트 툴 전용 가죽 파우치 : 1개, ','https://storage.googleapis.com/download/storage/v1/b/upload.alwaysbom.xyz/o/subs%2FGRdiPvMkca-sub_banner%20(8).jpg?generation=1617425996237664&alt=media',null,null,'정기구독',0,1,'S',null,47);
Insert into BOM.OITEM (IDX,ORDERS_IDX,LETTER_CONTENT,NAME,PRICE,OPTIONS,IMAGE,REQUEST_DATE,DELIVERY_START_DATE,CATEGORY,REVIEW_CHECK,QUANTITY,FSIZE,REVIEW_IDX,ITEM_IDX) values (67,62,'null','딱좋은 M 꽃구독',95850,'우드 꽃가위 : 1개, 플로리스트 툴 전용 가죽 파우치 : 1개, ','https://storage.googleapis.com/download/storage/v1/b/upload.alwaysbom.xyz/o/subs%2FLWKAuokpFu-sub_banner%20(5).jpg?generation=1617425550973899&alt=media',null,null,'정기구독',0,1,'M',null,45);
Insert into BOM.OITEM (IDX,ORDERS_IDX,LETTER_CONTENT,NAME,PRICE,OPTIONS,IMAGE,REQUEST_DATE,DELIVERY_START_DATE,CATEGORY,REVIEW_CHECK,QUANTITY,FSIZE,REVIEW_IDX,ITEM_IDX) values (192,188,'null','가벼운 S 꽃구독',42400,'투명한 화병 : ','https://storage.googleapis.com/download/storage/v1/b/upload.alwaysbom.xyz/o/subs%2FkYzSUmafAc-0_1_9FJlidF.jpg?generation=1618127881043760&alt=media',to_date('2021/04/20','YYYY/MM/DD'),null,'정기구독',0,1,'S',null,47);
Insert into BOM.OITEM (IDX,ORDERS_IDX,LETTER_CONTENT,NAME,PRICE,OPTIONS,IMAGE,REQUEST_DATE,DELIVERY_START_DATE,CATEGORY,REVIEW_CHECK,QUANTITY,FSIZE,REVIEW_IDX,ITEM_IDX) values (193,189,'null','웬디 엠버 글라스 화병',17300,null,'https://storage.googleapis.com/download/storage/v1/b/upload.alwaysbom.xyz/o/product%2FcOtkEzoCtI-75e2ef314767348d448372162faa72c6.jpg?generation=1618167061161456&alt=media',to_date('2021/04/15','YYYY/MM/DD'),null,'소품샵',1,1,'M',362,63);
Insert into BOM.OITEM (IDX,ORDERS_IDX,LETTER_CONTENT,NAME,PRICE,OPTIONS,IMAGE,REQUEST_DATE,DELIVERY_START_DATE,CATEGORY,REVIEW_CHECK,QUANTITY,FSIZE,REVIEW_IDX,ITEM_IDX) values (95,105,'sd','망고빛 거베라 에디션',100400,'플로리스트 툴 전용 가죽 파우치 : 1개','https://storage.googleapis.com/download/storage/v1/b/upload.alwaysbom.xyz/o/flower%2FMldUMMFxEa-flower2-1.jpg?generation=1617889280085111&alt=media',to_date('2021/04/13','YYYY/MM/DD'),null,'꽃다발',1,1,'XL',320,65);
Insert into BOM.OITEM (IDX,ORDERS_IDX,LETTER_CONTENT,NAME,PRICE,OPTIONS,IMAGE,REQUEST_DATE,DELIVERY_START_DATE,CATEGORY,REVIEW_CHECK,QUANTITY,FSIZE,REVIEW_IDX,ITEM_IDX) values (93,101,'s','가득찬 XL 꽃구독',25300,'디그리아 토분&받침 : 1개, ','https://storage.googleapis.com/download/storage/v1/b/upload.alwaysbom.xyz/o/subs%2FWNfjOnjMuV-sub_banner%20(7).jpg?generation=1617422544951452&alt=media',null,null,'정기구독',0,1,'XL',null,42);
Insert into BOM.OITEM (IDX,ORDERS_IDX,LETTER_CONTENT,NAME,PRICE,OPTIONS,IMAGE,REQUEST_DATE,DELIVERY_START_DATE,CATEGORY,REVIEW_CHECK,QUANTITY,FSIZE,REVIEW_IDX,ITEM_IDX) values (94,101,'s','가벼운S꽃구독',62400,null,'https://storage.googleapis.com/download/storage/v1/b/upload.alwaysbom.xyz/o/subs%2FGRdiPvMkca-sub_banner%20(8).jpg?generation=1617425996237664&alt=media',null,null,'정기구독',0,1,'S',null,47);
Insert into BOM.OITEM (IDX,ORDERS_IDX,LETTER_CONTENT,NAME,PRICE,OPTIONS,IMAGE,REQUEST_DATE,DELIVERY_START_DATE,CATEGORY,REVIEW_CHECK,QUANTITY,FSIZE,REVIEW_IDX,ITEM_IDX) values (96,107,'ddd','캄파넬라 에디션',105400,'플로리스트 툴 전용 가죽 파우치 : 1개','https://storage.googleapis.com/download/storage/v1/b/upload.alwaysbom.xyz/o/flower%2FefQUXUoWIl-flower1-2.jpg?generation=1617891279584834&alt=media',to_date('2021/04/13','YYYY/MM/DD'),null,'꽃다발',0,1,'XL',null,63);
Insert into BOM.OITEM (IDX,ORDERS_IDX,LETTER_CONTENT,NAME,PRICE,OPTIONS,IMAGE,REQUEST_DATE,DELIVERY_START_DATE,CATEGORY,REVIEW_CHECK,QUANTITY,FSIZE,REVIEW_IDX,ITEM_IDX) values (97,108,'dddsds','라일락 에디션',80200,'플로리스트 툴 전용 가죽 파우치 : 1개','https://storage.googleapis.com/download/storage/v1/b/upload.alwaysbom.xyz/o/flower%2FEBAueObLxX-flower3-1.jpg?generation=1617893819521268&alt=media',to_date('2021/04/12','YYYY/MM/DD'),null,'꽃다발',0,1,'M',null,64);
Insert into BOM.OITEM (IDX,ORDERS_IDX,LETTER_CONTENT,NAME,PRICE,OPTIONS,IMAGE,REQUEST_DATE,DELIVERY_START_DATE,CATEGORY,REVIEW_CHECK,QUANTITY,FSIZE,REVIEW_IDX,ITEM_IDX) values (126,118,'ew','캄파넬라 에디션',57400,null,'https://storage.googleapis.com/download/storage/v1/b/upload.alwaysbom.xyz/o/flower%2FefQUXUoWIl-flower1-2.jpg?generation=1617891279584834&alt=media',to_date('2021/04/09','YYYY/MM/DD'),null,'꽃다발',0,1,'XL',null,63);
Insert into BOM.OITEM (IDX,ORDERS_IDX,LETTER_CONTENT,NAME,PRICE,OPTIONS,IMAGE,REQUEST_DATE,DELIVERY_START_DATE,CATEGORY,REVIEW_CHECK,QUANTITY,FSIZE,REVIEW_IDX,ITEM_IDX) values (128,120,'ddd','망고빛 거베라 에디션',52400,null,'https://storage.googleapis.com/download/storage/v1/b/upload.alwaysbom.xyz/o/flower%2FMldUMMFxEa-flower2-1.jpg?generation=1617889280085111&alt=media',to_date('2021/04/16','YYYY/MM/DD'),null,'꽃다발',0,1,'XL',null,65);
Insert into BOM.OITEM (IDX,ORDERS_IDX,LETTER_CONTENT,NAME,PRICE,OPTIONS,IMAGE,REQUEST_DATE,DELIVERY_START_DATE,CATEGORY,REVIEW_CHECK,QUANTITY,FSIZE,REVIEW_IDX,ITEM_IDX) values (129,121,'d','디그리아 토분&받침',8500,null,'https://storage.googleapis.com/download/storage/v1/b/upload.alwaysbom.xyz/o/product%2FwcEtVXAiUg-vase2-1.jpg?generation=1617281435026506&alt=media',to_date('2021/04/14','YYYY/MM/DD'),null,'소품샵',0,1,'S',null,43);
Insert into BOM.OITEM (IDX,ORDERS_IDX,LETTER_CONTENT,NAME,PRICE,OPTIONS,IMAGE,REQUEST_DATE,DELIVERY_START_DATE,CATEGORY,REVIEW_CHECK,QUANTITY,FSIZE,REVIEW_IDX,ITEM_IDX) values (142,127,'null','라일락 에디션',32200,null,'https://storage.googleapis.com/download/storage/v1/b/upload.alwaysbom.xyz/o/flower%2FEBAueObLxX-flower3-1.jpg?generation=1617893819521268&alt=media',to_date('2021/04/10','YYYY/MM/DD'),null,'꽃다발',1,1,'M',175,64);
Insert into BOM.OITEM (IDX,ORDERS_IDX,LETTER_CONTENT,NAME,PRICE,OPTIONS,IMAGE,REQUEST_DATE,DELIVERY_START_DATE,CATEGORY,REVIEW_CHECK,QUANTITY,FSIZE,REVIEW_IDX,ITEM_IDX) values (194,190,'null','꽃다발 테스트',22500,'투명한 화병 : 1개','https://storage.googleapis.com/download/storage/v1/b/upload.alwaysbom.xyz/o/flower%2FkTYfliKzrI-flower8-3.jpg?generation=1617331635438137&alt=media',to_date('2021/04/14','YYYY/MM/DD'),null,'꽃다발',1,1,'L',304,48);
Insert into BOM.OITEM (IDX,ORDERS_IDX,LETTER_CONTENT,NAME,PRICE,OPTIONS,IMAGE,REQUEST_DATE,DELIVERY_START_DATE,CATEGORY,REVIEW_CHECK,QUANTITY,FSIZE,REVIEW_IDX,ITEM_IDX) values (195,191,null,'웬디 엠버 글라스 화병',14800,null,'https://storage.googleapis.com/download/storage/v1/b/upload.alwaysbom.xyz/o/product%2FcOtkEzoCtI-75e2ef314767348d448372162faa72c6.jpg?generation=1618167061161456&alt=media',to_date('2021/04/12','YYYY/MM/DD'),null,'소품샵',0,1,'M',null,63);
Insert into BOM.OITEM (IDX,ORDERS_IDX,LETTER_CONTENT,NAME,PRICE,OPTIONS,IMAGE,REQUEST_DATE,DELIVERY_START_DATE,CATEGORY,REVIEW_CHECK,QUANTITY,FSIZE,REVIEW_IDX,ITEM_IDX) values (196,192,null,'웬디 엠버 글라스 화병',14800,null,'https://storage.googleapis.com/download/storage/v1/b/upload.alwaysbom.xyz/o/product%2FcOtkEzoCtI-75e2ef314767348d448372162faa72c6.jpg?generation=1618167061161456&alt=media',to_date('2021/04/13','YYYY/MM/DD'),null,'소품샵',0,1,'M',null,63);
Insert into BOM.OITEM (IDX,ORDERS_IDX,LETTER_CONTENT,NAME,PRICE,OPTIONS,IMAGE,REQUEST_DATE,DELIVERY_START_DATE,CATEGORY,REVIEW_CHECK,QUANTITY,FSIZE,REVIEW_IDX,ITEM_IDX) values (198,193,'ggg','가벼운 S 꽃구독',47200,'웬디 엠버 글라스 화병 : 1개, ','https://storage.googleapis.com/download/storage/v1/b/upload.alwaysbom.xyz/o/subs%2FkYzSUmafAc-0_1_9FJlidF.jpg?generation=1618127881043760&alt=media',null,null,'정기구독',1,1,'S',311,47);
Insert into BOM.OITEM (IDX,ORDERS_IDX,LETTER_CONTENT,NAME,PRICE,OPTIONS,IMAGE,REQUEST_DATE,DELIVERY_START_DATE,CATEGORY,REVIEW_CHECK,QUANTITY,FSIZE,REVIEW_IDX,ITEM_IDX) values (199,194,'null','풍성한 L 꽃구독',63400,'빈티지 블랙 가드닝 가위 : 1개, ','https://storage.googleapis.com/download/storage/v1/b/upload.alwaysbom.xyz/o/subs%2FwaAzlZOTpk-0_2_tSUF5tx.jpg?generation=1618133173092256&alt=media',null,null,'정기구독',1,1,'L',315,44);
Insert into BOM.OITEM (IDX,ORDERS_IDX,LETTER_CONTENT,NAME,PRICE,OPTIONS,IMAGE,REQUEST_DATE,DELIVERY_START_DATE,CATEGORY,REVIEW_CHECK,QUANTITY,FSIZE,REVIEW_IDX,ITEM_IDX) values (200,194,'ㅇ','가득찬 XL 꽃구독',87400,'미니멀 도자기 화병 : 1개, ','https://storage.googleapis.com/download/storage/v1/b/upload.alwaysbom.xyz/o/subs%2FFTOCwliQCZ-0_1_TTLYOgH.jpg?generation=1618135159125310&alt=media',null,null,'정기구독',1,1,'XL',316,42);
Insert into BOM.OITEM (IDX,ORDERS_IDX,LETTER_CONTENT,NAME,PRICE,OPTIONS,IMAGE,REQUEST_DATE,DELIVERY_START_DATE,CATEGORY,REVIEW_CHECK,QUANTITY,FSIZE,REVIEW_IDX,ITEM_IDX) values (201,194,'ㅇ','망고 튤립',38400,'디그리아 토분&받침 : 1개, ','https://storage.googleapis.com/download/storage/v1/b/upload.alwaysbom.xyz/o/flower%2FHbqOszIngm-flower4-1.jpg?generation=1618145059296675&alt=media',to_date('2021/04/13','YYYY/MM/DD'),null,'꽃다발',0,1,'M',null,83);
Insert into BOM.OITEM (IDX,ORDERS_IDX,LETTER_CONTENT,NAME,PRICE,OPTIONS,IMAGE,REQUEST_DATE,DELIVERY_START_DATE,CATEGORY,REVIEW_CHECK,QUANTITY,FSIZE,REVIEW_IDX,ITEM_IDX) values (205,198,'null','딱좋은 M 꽃구독',67200,'투명한 화병 : 1개웬디 엠버 글라스 화병 : ','https://storage.googleapis.com/download/storage/v1/b/upload.alwaysbom.xyz/o/subs%2FXCsiJkEUXt-0_2.jpg?generation=1618132258757991&alt=media',to_date('2021/04/23','YYYY/MM/DD'),null,'정기구독',1,1,'M',331,45);
Insert into BOM.OITEM (IDX,ORDERS_IDX,LETTER_CONTENT,NAME,PRICE,OPTIONS,IMAGE,REQUEST_DATE,DELIVERY_START_DATE,CATEGORY,REVIEW_CHECK,QUANTITY,FSIZE,REVIEW_IDX,ITEM_IDX) values (206,199,'null','가득찬 XL 꽃구독',72850,'우드 꽃가위 : ','https://storage.googleapis.com/download/storage/v1/b/upload.alwaysbom.xyz/o/subs%2FFTOCwliQCZ-0_1_TTLYOgH.jpg?generation=1618135159125310&alt=media',to_date('2021/04/20','YYYY/MM/DD'),null,'정기구독',1,1,'XL',333,42);
Insert into BOM.OITEM (IDX,ORDERS_IDX,LETTER_CONTENT,NAME,PRICE,OPTIONS,IMAGE,REQUEST_DATE,DELIVERY_START_DATE,CATEGORY,REVIEW_CHECK,QUANTITY,FSIZE,REVIEW_IDX,ITEM_IDX) values (207,200,'null','라일락 에디션',42200,'투명한 화병 : 1개','https://storage.googleapis.com/download/storage/v1/b/upload.alwaysbom.xyz/o/flower%2FEBAueObLxX-flower3-1.jpg?generation=1617893819521268&alt=media',to_date('2021/04/26','YYYY/MM/DD'),null,'꽃다발',1,1,'M',325,64);
Insert into BOM.OITEM (IDX,ORDERS_IDX,LETTER_CONTENT,NAME,PRICE,OPTIONS,IMAGE,REQUEST_DATE,DELIVERY_START_DATE,CATEGORY,REVIEW_CHECK,QUANTITY,FSIZE,REVIEW_IDX,ITEM_IDX) values (208,201,'null','망고 튤립',32400,null,'https://storage.googleapis.com/download/storage/v1/b/upload.alwaysbom.xyz/o/flower%2FHbqOszIngm-flower4-1.jpg?generation=1618145059296675&alt=media',to_date('2021/04/16','YYYY/MM/DD'),null,'꽃다발',1,1,'M',324,83);
Insert into BOM.OITEM (IDX,ORDERS_IDX,LETTER_CONTENT,NAME,PRICE,OPTIONS,IMAGE,REQUEST_DATE,DELIVERY_START_DATE,CATEGORY,REVIEW_CHECK,QUANTITY,FSIZE,REVIEW_IDX,ITEM_IDX) values (210,203,null,'웬디 엠버 글라스 화병',14800,null,'https://storage.googleapis.com/download/storage/v1/b/upload.alwaysbom.xyz/o/product%2FcOtkEzoCtI-75e2ef314767348d448372162faa72c6.jpg?generation=1618167061161456&alt=media',to_date('2021/04/16','YYYY/MM/DD'),null,'소품샵',1,1,'M',321,63);
Insert into BOM.OITEM (IDX,ORDERS_IDX,LETTER_CONTENT,NAME,PRICE,OPTIONS,IMAGE,REQUEST_DATE,DELIVERY_START_DATE,CATEGORY,REVIEW_CHECK,QUANTITY,FSIZE,REVIEW_IDX,ITEM_IDX) values (211,204,null,'웬디 엠버 글라스 화병',14800,null,'https://storage.googleapis.com/download/storage/v1/b/upload.alwaysbom.xyz/o/product%2FcOtkEzoCtI-75e2ef314767348d448372162faa72c6.jpg?generation=1618167061161456&alt=media',to_date('2021/04/16','YYYY/MM/DD'),null,'소품샵',1,1,'M',322,63);
Insert into BOM.OITEM (IDX,ORDERS_IDX,LETTER_CONTENT,NAME,PRICE,OPTIONS,IMAGE,REQUEST_DATE,DELIVERY_START_DATE,CATEGORY,REVIEW_CHECK,QUANTITY,FSIZE,REVIEW_IDX,ITEM_IDX) values (212,205,'null','풍성한 L 꽃구독',100400,'플로리스트 툴 전용 가죽 파우치 : ','https://storage.googleapis.com/download/storage/v1/b/upload.alwaysbom.xyz/o/subs%2FwaAzlZOTpk-0_2_tSUF5tx.jpg?generation=1618133173092256&alt=media',to_date('2021/04/22','YYYY/MM/DD'),null,'정기구독',1,1,'L',329,44);
Insert into BOM.OITEM (IDX,ORDERS_IDX,LETTER_CONTENT,NAME,PRICE,OPTIONS,IMAGE,REQUEST_DATE,DELIVERY_START_DATE,CATEGORY,REVIEW_CHECK,QUANTITY,FSIZE,REVIEW_IDX,ITEM_IDX) values (213,206,'null','딱좋은 M 꽃구독',52400,'투명한 화병 : ','https://storage.googleapis.com/download/storage/v1/b/upload.alwaysbom.xyz/o/subs%2FXCsiJkEUXt-0_2.jpg?generation=1618132258757991&alt=media',to_date('2021/04/22','YYYY/MM/DD'),null,'정기구독',1,1,'M',328,45);
Insert into BOM.OITEM (IDX,ORDERS_IDX,LETTER_CONTENT,NAME,PRICE,OPTIONS,IMAGE,REQUEST_DATE,DELIVERY_START_DATE,CATEGORY,REVIEW_CHECK,QUANTITY,FSIZE,REVIEW_IDX,ITEM_IDX) values (123,117,'ewe','라일락 에디션',55200,'미니멀 도자기 화병 : 1개, ','https://storage.googleapis.com/download/storage/v1/b/upload.alwaysbom.xyz/o/flower%2FEBAueObLxX-flower3-1.jpg?generation=1617893819521268&alt=media',to_date('2021/04/14','YYYY/MM/DD'),null,'꽃다발',0,1,'M',null,64);
Insert into BOM.OITEM (IDX,ORDERS_IDX,LETTER_CONTENT,NAME,PRICE,OPTIONS,IMAGE,REQUEST_DATE,DELIVERY_START_DATE,CATEGORY,REVIEW_CHECK,QUANTITY,FSIZE,REVIEW_IDX,ITEM_IDX) values (121,116,'ss','라일락 에디션',42200,'투명한 화병 : 1개','https://storage.googleapis.com/download/storage/v1/b/upload.alwaysbom.xyz/o/flower%2FEBAueObLxX-flower3-1.jpg?generation=1617893819521268&alt=media',to_date('2021/04/09','YYYY/MM/DD'),null,'꽃다발',0,1,'M',null,64);
Insert into BOM.OITEM (IDX,ORDERS_IDX,LETTER_CONTENT,NAME,PRICE,OPTIONS,IMAGE,REQUEST_DATE,DELIVERY_START_DATE,CATEGORY,REVIEW_CHECK,QUANTITY,FSIZE,REVIEW_IDX,ITEM_IDX) values (122,117,'null','가벼운S꽃구독',110400,'플로리스트 툴 전용 가죽 파우치 : 1개, ','https://storage.googleapis.com/download/storage/v1/b/upload.alwaysbom.xyz/o/subs%2FGRdiPvMkca-sub_banner%20(8).jpg?generation=1617425996237664&alt=media',null,null,'정기구독',0,1,'S',null,47);
Insert into BOM.OITEM (IDX,ORDERS_IDX,LETTER_CONTENT,NAME,PRICE,OPTIONS,IMAGE,REQUEST_DATE,DELIVERY_START_DATE,CATEGORY,REVIEW_CHECK,QUANTITY,FSIZE,REVIEW_IDX,ITEM_IDX) values (124,117,null,'망고빛 거베라 에디션',100400,'플로리스트 툴 전용 가죽 파우치 : 1개, ','https://storage.googleapis.com/download/storage/v1/b/upload.alwaysbom.xyz/o/flower%2FMldUMMFxEa-flower2-1.jpg?generation=1617889280085111&alt=media',to_date('2021/04/12','YYYY/MM/DD'),null,'꽃다발',0,1,'XL',null,65);
Insert into BOM.OITEM (IDX,ORDERS_IDX,LETTER_CONTENT,NAME,PRICE,OPTIONS,IMAGE,REQUEST_DATE,DELIVERY_START_DATE,CATEGORY,REVIEW_CHECK,QUANTITY,FSIZE,REVIEW_IDX,ITEM_IDX) values (125,117,null,'라일락 에디션',32200,null,'https://storage.googleapis.com/download/storage/v1/b/upload.alwaysbom.xyz/o/flower%2FEBAueObLxX-flower3-1.jpg?generation=1617893819521268&alt=media',null,null,'꽃다발',0,1,'M',null,64);
Insert into BOM.OITEM (IDX,ORDERS_IDX,LETTER_CONTENT,NAME,PRICE,OPTIONS,IMAGE,REQUEST_DATE,DELIVERY_START_DATE,CATEGORY,REVIEW_CHECK,QUANTITY,FSIZE,REVIEW_IDX,ITEM_IDX) values (166,163,null,'푸른꽃',21000,'디그리아 토분&받침 : 1개','https://storage.googleapis.com/download/storage/v1/b/upload.alwaysbom.xyz/o/flower%2FgHFiriSnDb-151309049_211637754002622_1029013859142911748_n.jpg?generation=1617565125165320&alt=media',to_date('2021/04/10','YYYY/MM/DD'),null,'꽃다발',1,1,'S',246,62);
Insert into BOM.OITEM (IDX,ORDERS_IDX,LETTER_CONTENT,NAME,PRICE,OPTIONS,IMAGE,REQUEST_DATE,DELIVERY_START_DATE,CATEGORY,REVIEW_CHECK,QUANTITY,FSIZE,REVIEW_IDX,ITEM_IDX) values (168,165,'null','가벼운S꽃구독',62400,null,'https://storage.googleapis.com/download/storage/v1/b/upload.alwaysbom.xyz/o/subs%2FGRdiPvMkca-sub_banner%20(8).jpg?generation=1617425996237664&alt=media',to_date('2021/04/21','YYYY/MM/DD'),null,'정기구독',1,1,'S',289,47);
Insert into BOM.OITEM (IDX,ORDERS_IDX,LETTER_CONTENT,NAME,PRICE,OPTIONS,IMAGE,REQUEST_DATE,DELIVERY_START_DATE,CATEGORY,REVIEW_CHECK,QUANTITY,FSIZE,REVIEW_IDX,ITEM_IDX) values (179,176,'dd','가벼운S꽃구독',62400,null,'https://storage.googleapis.com/download/storage/v1/b/upload.alwaysbom.xyz/o/subs%2FGRdiPvMkca-sub_banner%20(8).jpg?generation=1617425996237664&alt=media',null,null,'정기구독',0,1,'S',null,47);
Insert into BOM.OITEM (IDX,ORDERS_IDX,LETTER_CONTENT,NAME,PRICE,OPTIONS,IMAGE,REQUEST_DATE,DELIVERY_START_DATE,CATEGORY,REVIEW_CHECK,QUANTITY,FSIZE,REVIEW_IDX,ITEM_IDX) values (180,177,'S사이즈','가벼운S꽃구독',62400,null,'https://storage.googleapis.com/download/storage/v1/b/upload.alwaysbom.xyz/o/subs%2FGRdiPvMkca-sub_banner%20(8).jpg?generation=1617425996237664&alt=media',to_date('2021/04/13','YYYY/MM/DD'),null,'정기구독',0,1,'S',null,47);
Insert into BOM.OITEM (IDX,ORDERS_IDX,LETTER_CONTENT,NAME,PRICE,OPTIONS,IMAGE,REQUEST_DATE,DELIVERY_START_DATE,CATEGORY,REVIEW_CHECK,QUANTITY,FSIZE,REVIEW_IDX,ITEM_IDX) values (202,195,'null','라일락 에디션',42200,'투명한 화병 : 1개','https://storage.googleapis.com/download/storage/v1/b/upload.alwaysbom.xyz/o/flower%2FEBAueObLxX-flower3-1.jpg?generation=1617893819521268&alt=media',to_date('2021/04/13','YYYY/MM/DD'),null,'꽃다발',0,1,'M',null,64);
Insert into BOM.OITEM (IDX,ORDERS_IDX,LETTER_CONTENT,NAME,PRICE,OPTIONS,IMAGE,REQUEST_DATE,DELIVERY_START_DATE,CATEGORY,REVIEW_CHECK,QUANTITY,FSIZE,REVIEW_IDX,ITEM_IDX) values (203,196,'null','웬디 엠버 글라스 화병',17300,null,'https://storage.googleapis.com/download/storage/v1/b/upload.alwaysbom.xyz/o/product%2FcOtkEzoCtI-75e2ef314767348d448372162faa72c6.jpg?generation=1618167061161456&alt=media',to_date('2021/04/15','YYYY/MM/DD'),null,'소품샵',1,1,'M',318,63);
Insert into BOM.OITEM (IDX,ORDERS_IDX,LETTER_CONTENT,NAME,PRICE,OPTIONS,IMAGE,REQUEST_DATE,DELIVERY_START_DATE,CATEGORY,REVIEW_CHECK,QUANTITY,FSIZE,REVIEW_IDX,ITEM_IDX) values (204,197,null,'웬디 엠버 글라스 화병',14800,null,'https://storage.googleapis.com/download/storage/v1/b/upload.alwaysbom.xyz/o/product%2FcOtkEzoCtI-75e2ef314767348d448372162faa72c6.jpg?generation=1618167061161456&alt=media',to_date('2021/04/12','YYYY/MM/DD'),null,'소품샵',1,1,'M',319,63);
Insert into BOM.OITEM (IDX,ORDERS_IDX,LETTER_CONTENT,NAME,PRICE,OPTIONS,IMAGE,REQUEST_DATE,DELIVERY_START_DATE,CATEGORY,REVIEW_CHECK,QUANTITY,FSIZE,REVIEW_IDX,ITEM_IDX) values (209,202,'null','웬디 엠버 글라스 화병',17300,null,'https://storage.googleapis.com/download/storage/v1/b/upload.alwaysbom.xyz/o/product%2FcOtkEzoCtI-75e2ef314767348d448372162faa72c6.jpg?generation=1618167061161456&alt=media',to_date('2021/04/16','YYYY/MM/DD'),null,'소품샵',1,1,'M',323,63);
Insert into BOM.OITEM (IDX,ORDERS_IDX,LETTER_CONTENT,NAME,PRICE,OPTIONS,IMAGE,REQUEST_DATE,DELIVERY_START_DATE,CATEGORY,REVIEW_CHECK,QUANTITY,FSIZE,REVIEW_IDX,ITEM_IDX) values (214,207,'null','라일락 에디션',57200,'미니멀 도자기 화병 : 1개','https://storage.googleapis.com/download/storage/v1/b/upload.alwaysbom.xyz/o/flower%2FEBAueObLxX-flower3-1.jpg?generation=1617893819521268&alt=media',to_date('2021/04/22','YYYY/MM/DD'),null,'꽃다발',1,1,'M',337,64);
Insert into BOM.OITEM (IDX,ORDERS_IDX,LETTER_CONTENT,NAME,PRICE,OPTIONS,IMAGE,REQUEST_DATE,DELIVERY_START_DATE,CATEGORY,REVIEW_CHECK,QUANTITY,FSIZE,REVIEW_IDX,ITEM_IDX) values (215,208,'null','망고 튤립',42850,'우드 꽃가위 : 1개','https://storage.googleapis.com/download/storage/v1/b/upload.alwaysbom.xyz/o/flower%2FHbqOszIngm-flower4-1.jpg?generation=1618145059296675&alt=media',to_date('2021/04/14','YYYY/MM/DD'),null,'꽃다발',1,1,'M',336,83);
Insert into BOM.OITEM (IDX,ORDERS_IDX,LETTER_CONTENT,NAME,PRICE,OPTIONS,IMAGE,REQUEST_DATE,DELIVERY_START_DATE,CATEGORY,REVIEW_CHECK,QUANTITY,FSIZE,REVIEW_IDX,ITEM_IDX) values (216,209,'null','망고빛 거베라 에디션',62850,'우드 꽃가위 : 1개','https://storage.googleapis.com/download/storage/v1/b/upload.alwaysbom.xyz/o/flower%2FMldUMMFxEa-flower2-1.jpg?generation=1617889280085111&alt=media',to_date('2021/04/21','YYYY/MM/DD'),null,'꽃다발',1,1,'XL',335,65);
Insert into BOM.OITEM (IDX,ORDERS_IDX,LETTER_CONTENT,NAME,PRICE,OPTIONS,IMAGE,REQUEST_DATE,DELIVERY_START_DATE,CATEGORY,REVIEW_CHECK,QUANTITY,FSIZE,REVIEW_IDX,ITEM_IDX) values (217,210,'null','캄파넬라 에디션',68400,'빈티지 블랙 가드닝 가위 : 1개','https://storage.googleapis.com/download/storage/v1/b/upload.alwaysbom.xyz/o/flower%2FefQUXUoWIl-flower1-2.jpg?generation=1617891279584834&alt=media',to_date('2021/04/23','YYYY/MM/DD'),null,'꽃다발',1,1,'XL',332,63);
Insert into BOM.OITEM (IDX,ORDERS_IDX,LETTER_CONTENT,NAME,PRICE,OPTIONS,IMAGE,REQUEST_DATE,DELIVERY_START_DATE,CATEGORY,REVIEW_CHECK,QUANTITY,FSIZE,REVIEW_IDX,ITEM_IDX) values (218,211,'null','웬디 엠버 글라스 화병',17300,null,'https://storage.googleapis.com/download/storage/v1/b/upload.alwaysbom.xyz/o/product%2FcOtkEzoCtI-75e2ef314767348d448372162faa72c6.jpg?generation=1618167061161456&alt=media',to_date('2021/04/20','YYYY/MM/DD'),null,'소품샵',1,1,'M',330,63);
Insert into BOM.OITEM (IDX,ORDERS_IDX,LETTER_CONTENT,NAME,PRICE,OPTIONS,IMAGE,REQUEST_DATE,DELIVERY_START_DATE,CATEGORY,REVIEW_CHECK,QUANTITY,FSIZE,REVIEW_IDX,ITEM_IDX) values (219,212,null,'웬디 엠버 글라스 화병',14800,null,'https://storage.googleapis.com/download/storage/v1/b/upload.alwaysbom.xyz/o/product%2FcOtkEzoCtI-75e2ef314767348d448372162faa72c6.jpg?generation=1618167061161456&alt=media',to_date('2021/04/16','YYYY/MM/DD'),null,'소품샵',1,1,'M',334,63);
Insert into BOM.OITEM (IDX,ORDERS_IDX,LETTER_CONTENT,NAME,PRICE,OPTIONS,IMAGE,REQUEST_DATE,DELIVERY_START_DATE,CATEGORY,REVIEW_CHECK,QUANTITY,FSIZE,REVIEW_IDX,ITEM_IDX) values (220,213,'null','가벼운 S 꽃구독',42400,'투명한 화병 : 1개, ','https://storage.googleapis.com/download/storage/v1/b/upload.alwaysbom.xyz/o/subs%2FkYzSUmafAc-0_1_9FJlidF.jpg?generation=1618127881043760&alt=media',null,null,'정기구독',1,1,'S',340,47);
Insert into BOM.OITEM (IDX,ORDERS_IDX,LETTER_CONTENT,NAME,PRICE,OPTIONS,IMAGE,REQUEST_DATE,DELIVERY_START_DATE,CATEGORY,REVIEW_CHECK,QUANTITY,FSIZE,REVIEW_IDX,ITEM_IDX) values (221,213,null,'가득찬 XL 꽃구독',62400,null,'https://storage.googleapis.com/download/storage/v1/b/upload.alwaysbom.xyz/o/subs%2FFTOCwliQCZ-0_1_TTLYOgH.jpg?generation=1618135159125310&alt=media',null,null,'정기구독',1,1,'XL',341,42);
Insert into BOM.OITEM (IDX,ORDERS_IDX,LETTER_CONTENT,NAME,PRICE,OPTIONS,IMAGE,REQUEST_DATE,DELIVERY_START_DATE,CATEGORY,REVIEW_CHECK,QUANTITY,FSIZE,REVIEW_IDX,ITEM_IDX) values (222,213,null,'풍성한 L 꽃구독',67200,'웬디 엠버 글라스 화병 : 1개, ','https://storage.googleapis.com/download/storage/v1/b/upload.alwaysbom.xyz/o/subs%2FwaAzlZOTpk-0_2_tSUF5tx.jpg?generation=1618133173092256&alt=media',null,null,'정기구독',1,1,'L',343,44);
Insert into BOM.OITEM (IDX,ORDERS_IDX,LETTER_CONTENT,NAME,PRICE,OPTIONS,IMAGE,REQUEST_DATE,DELIVERY_START_DATE,CATEGORY,REVIEW_CHECK,QUANTITY,FSIZE,REVIEW_IDX,ITEM_IDX) values (223,213,null,'딱좋은 M 꽃구독',90400,'플로리스트 툴 전용 가죽 파우치 : 1개, ','https://storage.googleapis.com/download/storage/v1/b/upload.alwaysbom.xyz/o/subs%2FXCsiJkEUXt-0_2.jpg?generation=1618132258757991&alt=media',null,null,'정기구독',1,1,'M',344,45);
Insert into BOM.OITEM (IDX,ORDERS_IDX,LETTER_CONTENT,NAME,PRICE,OPTIONS,IMAGE,REQUEST_DATE,DELIVERY_START_DATE,CATEGORY,REVIEW_CHECK,QUANTITY,FSIZE,REVIEW_IDX,ITEM_IDX) values (224,214,null,'가벼운 S 꽃구독',29900,null,'https://storage.googleapis.com/download/storage/v1/b/upload.alwaysbom.xyz/o/subs%2FkYzSUmafAc-0_1_9FJlidF.jpg?generation=1618127881043760&alt=media',to_date('2021/04/13','YYYY/MM/DD'),null,'정기구독',1,1,'S',342,47);
Insert into BOM.OITEM (IDX,ORDERS_IDX,LETTER_CONTENT,NAME,PRICE,OPTIONS,IMAGE,REQUEST_DATE,DELIVERY_START_DATE,CATEGORY,REVIEW_CHECK,QUANTITY,FSIZE,REVIEW_IDX,ITEM_IDX) values (225,215,'null','라일락 에디션',42200,'투명한 화병 : 1개, ','https://storage.googleapis.com/download/storage/v1/b/upload.alwaysbom.xyz/o/flower%2FEBAueObLxX-flower3-1.jpg?generation=1617893819521268&alt=media',to_date('2021/04/12','YYYY/MM/DD'),null,'꽃다발',1,1,'M',346,64);
Insert into BOM.OITEM (IDX,ORDERS_IDX,LETTER_CONTENT,NAME,PRICE,OPTIONS,IMAGE,REQUEST_DATE,DELIVERY_START_DATE,CATEGORY,REVIEW_CHECK,QUANTITY,FSIZE,REVIEW_IDX,ITEM_IDX) values (226,215,null,'망고 튤립',32400,null,'https://storage.googleapis.com/download/storage/v1/b/upload.alwaysbom.xyz/o/flower%2FHbqOszIngm-flower4-1.jpg?generation=1618145059296675&alt=media',to_date('2021/04/13','YYYY/MM/DD'),null,'꽃다발',1,1,'M',347,83);
Insert into BOM.OITEM (IDX,ORDERS_IDX,LETTER_CONTENT,NAME,PRICE,OPTIONS,IMAGE,REQUEST_DATE,DELIVERY_START_DATE,CATEGORY,REVIEW_CHECK,QUANTITY,FSIZE,REVIEW_IDX,ITEM_IDX) values (227,215,null,'망고빛 거베라 에디션',62400,'투명한 화병 : 1개, ','https://storage.googleapis.com/download/storage/v1/b/upload.alwaysbom.xyz/o/flower%2FMldUMMFxEa-flower2-1.jpg?generation=1617889280085111&alt=media',to_date('2021/04/13','YYYY/MM/DD'),null,'꽃다발',1,1,'XL',349,65);
Insert into BOM.OITEM (IDX,ORDERS_IDX,LETTER_CONTENT,NAME,PRICE,OPTIONS,IMAGE,REQUEST_DATE,DELIVERY_START_DATE,CATEGORY,REVIEW_CHECK,QUANTITY,FSIZE,REVIEW_IDX,ITEM_IDX) values (228,216,'null','플로리스트 툴 전용 가죽 파우치',50500,null,'https://storage.googleapis.com/download/storage/v1/b/upload.alwaysbom.xyz/o/product%2FrzqZfBCaqN-goods2-1.jpg?generation=1617215485907395&alt=media',to_date('2021/04/13','YYYY/MM/DD'),null,'소품샵',1,1,null,358,41);
Insert into BOM.OITEM (IDX,ORDERS_IDX,LETTER_CONTENT,NAME,PRICE,OPTIONS,IMAGE,REQUEST_DATE,DELIVERY_START_DATE,CATEGORY,REVIEW_CHECK,QUANTITY,FSIZE,REVIEW_IDX,ITEM_IDX) values (229,216,null,'미니멀 도자기 화병',27500,null,'https://storage.googleapis.com/download/storage/v1/b/upload.alwaysbom.xyz/o/product%2FvKrYgHvfeu-vase1-1.jpg?generation=1617280460183296&alt=media',to_date('2021/04/13','YYYY/MM/DD'),null,'소품샵',1,1,'S',359,23);
Insert into BOM.OITEM (IDX,ORDERS_IDX,LETTER_CONTENT,NAME,PRICE,OPTIONS,IMAGE,REQUEST_DATE,DELIVERY_START_DATE,CATEGORY,REVIEW_CHECK,QUANTITY,FSIZE,REVIEW_IDX,ITEM_IDX) values (245,225,'null','망고 튤립',32400,null,'https://storage.googleapis.com/download/storage/v1/b/upload.alwaysbom.xyz/o/flower%2FHbqOszIngm-flower4-1.jpg?generation=1618145059296675&alt=media',to_date('2021/04/16','YYYY/MM/DD'),null,'꽃다발',0,1,'M',null,83);
Insert into BOM.OITEM (IDX,ORDERS_IDX,LETTER_CONTENT,NAME,PRICE,OPTIONS,IMAGE,REQUEST_DATE,DELIVERY_START_DATE,CATEGORY,REVIEW_CHECK,QUANTITY,FSIZE,REVIEW_IDX,ITEM_IDX) values (258,235,'null','가벼운 S 꽃구독',125400,'디그리아 토분&받침 : 3개, 미니멀 도자기 화병 : 3개','https://storage.googleapis.com/download/storage/v1/b/upload.alwaysbom.xyz/o/subs%2FkYzSUmafAc-0_1_9FJlidF.jpg?generation=1618127881043760&alt=media',to_date('2021/04/16','YYYY/MM/DD'),null,'정기구독',0,1,'S',null,47);
Insert into BOM.OITEM (IDX,ORDERS_IDX,LETTER_CONTENT,NAME,PRICE,OPTIONS,IMAGE,REQUEST_DATE,DELIVERY_START_DATE,CATEGORY,REVIEW_CHECK,QUANTITY,FSIZE,REVIEW_IDX,ITEM_IDX) values (259,236,'null','가벼운 S 꽃구독',32400,null,'https://storage.googleapis.com/download/storage/v1/b/upload.alwaysbom.xyz/o/subs%2FkYzSUmafAc-0_1_9FJlidF.jpg?generation=1618127881043760&alt=media',to_date('2021/04/15','YYYY/MM/DD'),null,'정기구독',0,1,'S',null,47);
Insert into BOM.OITEM (IDX,ORDERS_IDX,LETTER_CONTENT,NAME,PRICE,OPTIONS,IMAGE,REQUEST_DATE,DELIVERY_START_DATE,CATEGORY,REVIEW_CHECK,QUANTITY,FSIZE,REVIEW_IDX,ITEM_IDX) values (262,239,'null','가벼운 S 꽃구독',90400,'플로리스트 툴 전용 가죽 파우치 : 1개, 투명한 화병 : 1개','https://storage.googleapis.com/download/storage/v1/b/upload.alwaysbom.xyz/o/subs%2FkYzSUmafAc-0_1_9FJlidF.jpg?generation=1618127881043760&alt=media',to_date('2021/04/21','YYYY/MM/DD'),null,'정기구독',0,1,'S',null,47);
Insert into BOM.OITEM (IDX,ORDERS_IDX,LETTER_CONTENT,NAME,PRICE,OPTIONS,IMAGE,REQUEST_DATE,DELIVERY_START_DATE,CATEGORY,REVIEW_CHECK,QUANTITY,FSIZE,REVIEW_IDX,ITEM_IDX) values (230,216,null,'웬디 엠버 글라스 화병',17300,null,'https://storage.googleapis.com/download/storage/v1/b/upload.alwaysbom.xyz/o/product%2FcOtkEzoCtI-75e2ef314767348d448372162faa72c6.jpg?generation=1618167061161456&alt=media',to_date('2021/04/13','YYYY/MM/DD'),null,'소품샵',1,1,'M',360,63);
Insert into BOM.OITEM (IDX,ORDERS_IDX,LETTER_CONTENT,NAME,PRICE,OPTIONS,IMAGE,REQUEST_DATE,DELIVERY_START_DATE,CATEGORY,REVIEW_CHECK,QUANTITY,FSIZE,REVIEW_IDX,ITEM_IDX) values (231,216,null,'디그리아 토분&받침',8500,null,'https://storage.googleapis.com/download/storage/v1/b/upload.alwaysbom.xyz/o/product%2FwcEtVXAiUg-vase2-1.jpg?generation=1617281435026506&alt=media',to_date('2021/04/20','YYYY/MM/DD'),null,'소품샵',1,1,'S',361,43);
Insert into BOM.OITEM (IDX,ORDERS_IDX,LETTER_CONTENT,NAME,PRICE,OPTIONS,IMAGE,REQUEST_DATE,DELIVERY_START_DATE,CATEGORY,REVIEW_CHECK,QUANTITY,FSIZE,REVIEW_IDX,ITEM_IDX) values (232,217,'null','썸머가든 에디션',60500,'투명한 화병 : 1개, ','https://storage.googleapis.com/download/storage/v1/b/upload.alwaysbom.xyz/o/flower%2FHJBPEqdHuA-163349572_1082848412217844_7573858031262598452_n.jpg?generation=1617295043509883&alt=media',to_date('2021/04/13','YYYY/MM/DD'),null,'꽃다발',1,1,'XL',350,43);
Insert into BOM.OITEM (IDX,ORDERS_IDX,LETTER_CONTENT,NAME,PRICE,OPTIONS,IMAGE,REQUEST_DATE,DELIVERY_START_DATE,CATEGORY,REVIEW_CHECK,QUANTITY,FSIZE,REVIEW_IDX,ITEM_IDX) values (233,217,null,'캄파넬라 에디션',57400,null,'https://storage.googleapis.com/download/storage/v1/b/upload.alwaysbom.xyz/o/flower%2FefQUXUoWIl-flower1-2.jpg?generation=1617891279584834&alt=media',to_date('2021/04/15','YYYY/MM/DD'),null,'꽃다발',1,1,'XL',351,63);
Insert into BOM.OITEM (IDX,ORDERS_IDX,LETTER_CONTENT,NAME,PRICE,OPTIONS,IMAGE,REQUEST_DATE,DELIVERY_START_DATE,CATEGORY,REVIEW_CHECK,QUANTITY,FSIZE,REVIEW_IDX,ITEM_IDX) values (234,217,null,'라일락 에디션',32200,null,'https://storage.googleapis.com/download/storage/v1/b/upload.alwaysbom.xyz/o/flower%2FEBAueObLxX-flower3-1.jpg?generation=1617893819521268&alt=media',to_date('2021/04/13','YYYY/MM/DD'),null,'꽃다발',1,1,'M',352,64);
Insert into BOM.OITEM (IDX,ORDERS_IDX,LETTER_CONTENT,NAME,PRICE,OPTIONS,IMAGE,REQUEST_DATE,DELIVERY_START_DATE,CATEGORY,REVIEW_CHECK,QUANTITY,FSIZE,REVIEW_IDX,ITEM_IDX) values (235,217,null,'망고빛 거베라 에디션',52400,null,'https://storage.googleapis.com/download/storage/v1/b/upload.alwaysbom.xyz/o/flower%2FMldUMMFxEa-flower2-1.jpg?generation=1617889280085111&alt=media',to_date('2021/04/13','YYYY/MM/DD'),null,'꽃다발',1,1,'XL',353,65);
Insert into BOM.OITEM (IDX,ORDERS_IDX,LETTER_CONTENT,NAME,PRICE,OPTIONS,IMAGE,REQUEST_DATE,DELIVERY_START_DATE,CATEGORY,REVIEW_CHECK,QUANTITY,FSIZE,REVIEW_IDX,ITEM_IDX) values (236,217,null,'망고 튤립',32400,null,'https://storage.googleapis.com/download/storage/v1/b/upload.alwaysbom.xyz/o/flower%2FHbqOszIngm-flower4-1.jpg?generation=1618145059296675&alt=media',to_date('2021/04/13','YYYY/MM/DD'),null,'꽃다발',0,1,'M',null,83);
Insert into BOM.OITEM (IDX,ORDERS_IDX,LETTER_CONTENT,NAME,PRICE,OPTIONS,IMAGE,REQUEST_DATE,DELIVERY_START_DATE,CATEGORY,REVIEW_CHECK,QUANTITY,FSIZE,REVIEW_IDX,ITEM_IDX) values (237,217,null,'화보용 랜덤 다발',99800,'플로리스트 툴 전용 가죽 파우치 : 1개, ','https://storage.googleapis.com/download/storage/v1/b/upload.alwaysbom.xyz/o/flower%2FreXDTYNmHg-flower4-1.jpg?generation=1617294805658528&alt=media',to_date('2021/04/13','YYYY/MM/DD'),null,'꽃다발',0,1,'XL',null,46);
Insert into BOM.OITEM (IDX,ORDERS_IDX,LETTER_CONTENT,NAME,PRICE,OPTIONS,IMAGE,REQUEST_DATE,DELIVERY_START_DATE,CATEGORY,REVIEW_CHECK,QUANTITY,FSIZE,REVIEW_IDX,ITEM_IDX) values (246,226,'ddddddddd','망고빛 거베라 에디션',62400,'투명한 화병 : 1개','https://storage.googleapis.com/download/storage/v1/b/upload.alwaysbom.xyz/o/flower%2FMldUMMFxEa-flower2-1.jpg?generation=1617889280085111&alt=media',to_date('2021/04/13','YYYY/MM/DD'),null,'꽃다발',0,1,'XL',null,65);
Insert into BOM.OITEM (IDX,ORDERS_IDX,LETTER_CONTENT,NAME,PRICE,OPTIONS,IMAGE,REQUEST_DATE,DELIVERY_START_DATE,CATEGORY,REVIEW_CHECK,QUANTITY,FSIZE,REVIEW_IDX,ITEM_IDX) values (247,227,'zz','망고 튤립',42400,'투명한 화병 : 1개, ','https://storage.googleapis.com/download/storage/v1/b/upload.alwaysbom.xyz/o/flower%2FHbqOszIngm-flower4-1.jpg?generation=1618145059296675&alt=media',to_date('2021/04/13','YYYY/MM/DD'),null,'꽃다발',1,1,'M',365,83);
Insert into BOM.OITEM (IDX,ORDERS_IDX,LETTER_CONTENT,NAME,PRICE,OPTIONS,IMAGE,REQUEST_DATE,DELIVERY_START_DATE,CATEGORY,REVIEW_CHECK,QUANTITY,FSIZE,REVIEW_IDX,ITEM_IDX) values (238,218,'null','웬디 엠버 글라스 화병',17300,null,'https://storage.googleapis.com/download/storage/v1/b/upload.alwaysbom.xyz/o/product%2FcOtkEzoCtI-75e2ef314767348d448372162faa72c6.jpg?generation=1618167061161456&alt=media',to_date('2021/04/13','YYYY/MM/DD'),null,'소품샵',0,1,'M',null,63);
Insert into BOM.OITEM (IDX,ORDERS_IDX,LETTER_CONTENT,NAME,PRICE,OPTIONS,IMAGE,REQUEST_DATE,DELIVERY_START_DATE,CATEGORY,REVIEW_CHECK,QUANTITY,FSIZE,REVIEW_IDX,ITEM_IDX) values (239,219,'null','디그리아 토분&받침',8500,null,'https://storage.googleapis.com/download/storage/v1/b/upload.alwaysbom.xyz/o/product%2FwcEtVXAiUg-vase2-1.jpg?generation=1617281435026506&alt=media',to_date('2021/04/17','YYYY/MM/DD'),null,'소품샵',0,1,'S',null,43);
Insert into BOM.OITEM (IDX,ORDERS_IDX,LETTER_CONTENT,NAME,PRICE,OPTIONS,IMAGE,REQUEST_DATE,DELIVERY_START_DATE,CATEGORY,REVIEW_CHECK,QUANTITY,FSIZE,REVIEW_IDX,ITEM_IDX) values (240,220,'null','투명한 화병',12500,null,'https://storage.googleapis.com/download/storage/v1/b/upload.alwaysbom.xyz/o/product%2FIqfWOrtizl-0_1.png?generation=1617242676931718&alt=media',to_date('2021/04/15','YYYY/MM/DD'),null,'소품샵',0,1,'M',null,42);
Insert into BOM.OITEM (IDX,ORDERS_IDX,LETTER_CONTENT,NAME,PRICE,OPTIONS,IMAGE,REQUEST_DATE,DELIVERY_START_DATE,CATEGORY,REVIEW_CHECK,QUANTITY,FSIZE,REVIEW_IDX,ITEM_IDX) values (241,221,'null','플로리스트 툴 전용 가죽 파우치',50500,null,'https://storage.googleapis.com/download/storage/v1/b/upload.alwaysbom.xyz/o/product%2FrzqZfBCaqN-goods2-1.jpg?generation=1617215485907395&alt=media',to_date('2021/04/12','YYYY/MM/DD'),null,'소품샵',0,1,null,null,41);
Insert into BOM.OITEM (IDX,ORDERS_IDX,LETTER_CONTENT,NAME,PRICE,OPTIONS,IMAGE,REQUEST_DATE,DELIVERY_START_DATE,CATEGORY,REVIEW_CHECK,QUANTITY,FSIZE,REVIEW_IDX,ITEM_IDX) values (242,222,'null','미니멀 도자기 화병',27500,null,'https://storage.googleapis.com/download/storage/v1/b/upload.alwaysbom.xyz/o/product%2FvKrYgHvfeu-vase1-1.jpg?generation=1617280460183296&alt=media',to_date('2021/04/21','YYYY/MM/DD'),null,'소품샵',0,1,'S',null,23);
Insert into BOM.OITEM (IDX,ORDERS_IDX,LETTER_CONTENT,NAME,PRICE,OPTIONS,IMAGE,REQUEST_DATE,DELIVERY_START_DATE,CATEGORY,REVIEW_CHECK,QUANTITY,FSIZE,REVIEW_IDX,ITEM_IDX) values (243,223,'null','우드 꽃가위',12950,null,'https://storage.googleapis.com/download/storage/v1/b/upload.alwaysbom.xyz/o/product%2FSiwruBITjS-goods1-1.jpg?generation=1617254459412852&alt=media',to_date('2021/04/14','YYYY/MM/DD'),null,'소품샵',0,1,null,null,22);
Insert into BOM.OITEM (IDX,ORDERS_IDX,LETTER_CONTENT,NAME,PRICE,OPTIONS,IMAGE,REQUEST_DATE,DELIVERY_START_DATE,CATEGORY,REVIEW_CHECK,QUANTITY,FSIZE,REVIEW_IDX,ITEM_IDX) values (244,224,'null','빈티지 블랙 가드닝 가위',13500,null,'https://storage.googleapis.com/download/storage/v1/b/upload.alwaysbom.xyz/o/product%2FnYsRpObJun-goods3-1.jpg?generation=1617259895473102&alt=media',to_date('2021/04/22','YYYY/MM/DD'),null,'소품샵',0,1,null,null,2);
Insert into BOM.OITEM (IDX,ORDERS_IDX,LETTER_CONTENT,NAME,PRICE,OPTIONS,IMAGE,REQUEST_DATE,DELIVERY_START_DATE,CATEGORY,REVIEW_CHECK,QUANTITY,FSIZE,REVIEW_IDX,ITEM_IDX) values (260,237,'유나','망고 튤립',42400,'투명한 화병 : 1개','https://storage.googleapis.com/download/storage/v1/b/upload.alwaysbom.xyz/o/flower%2FHbqOszIngm-flower4-1.jpg?generation=1618145059296675&alt=media',to_date('2021/04/14','YYYY/MM/DD'),null,'꽃다발',0,1,'M',null,83);
Insert into BOM.OITEM (IDX,ORDERS_IDX,LETTER_CONTENT,NAME,PRICE,OPTIONS,IMAGE,REQUEST_DATE,DELIVERY_START_DATE,CATEGORY,REVIEW_CHECK,QUANTITY,FSIZE,REVIEW_IDX,ITEM_IDX) values (261,238,'안녕','파스텔 거베라',45710,'투명한 화병 : 1개','https://storage.googleapis.com/download/storage/v1/b/upload.alwaysbom.xyz/o/flower%2FxjiElclpzT-0_1_KpiCNft.png?generation=1618238775575235&alt=media',to_date('2021/04/14','YYYY/MM/DD'),null,'꽃다발',0,1,'S',null,42);
Insert into BOM.OITEM (IDX,ORDERS_IDX,LETTER_CONTENT,NAME,PRICE,OPTIONS,IMAGE,REQUEST_DATE,DELIVERY_START_DATE,CATEGORY,REVIEW_CHECK,QUANTITY,FSIZE,REVIEW_IDX,ITEM_IDX) values (249,229,'null','망고빛 거베라 에디션',52400,null,'https://storage.googleapis.com/download/storage/v1/b/upload.alwaysbom.xyz/o/flower%2FMldUMMFxEa-flower2-1.jpg?generation=1617889280085111&alt=media',to_date('2021/04/13','YYYY/MM/DD'),null,'꽃다발',0,1,'XL',null,65);
Insert into BOM.OITEM (IDX,ORDERS_IDX,LETTER_CONTENT,NAME,PRICE,OPTIONS,IMAGE,REQUEST_DATE,DELIVERY_START_DATE,CATEGORY,REVIEW_CHECK,QUANTITY,FSIZE,REVIEW_IDX,ITEM_IDX) values (250,230,'jj','가벼운 S 꽃구독',43400,'빈티지 블랙 가드닝 가위 : ','https://storage.googleapis.com/download/storage/v1/b/upload.alwaysbom.xyz/o/subs%2FkYzSUmafAc-0_1_9FJlidF.jpg?generation=1618127881043760&alt=media',to_date('2021/04/13','YYYY/MM/DD'),null,'정기구독',0,1,'S',null,47);
Insert into BOM.OITEM (IDX,ORDERS_IDX,LETTER_CONTENT,NAME,PRICE,OPTIONS,IMAGE,REQUEST_DATE,DELIVERY_START_DATE,CATEGORY,REVIEW_CHECK,QUANTITY,FSIZE,REVIEW_IDX,ITEM_IDX) values (251,231,'편지입니다
','가벼운 S 꽃구독',155400,'미니멀 도자기 화병 : 3개, 플로리스트 툴 전용 가죽 파우치 : 1개, ','https://storage.googleapis.com/download/storage/v1/b/upload.alwaysbom.xyz/o/subs%2FkYzSUmafAc-0_1_9FJlidF.jpg?generation=1618127881043760&alt=media',null,null,'정기구독',0,1,'S',null,47);
Insert into BOM.OITEM (IDX,ORDERS_IDX,LETTER_CONTENT,NAME,PRICE,OPTIONS,IMAGE,REQUEST_DATE,DELIVERY_START_DATE,CATEGORY,REVIEW_CHECK,QUANTITY,FSIZE,REVIEW_IDX,ITEM_IDX) values (252,231,'편지보내요','망고빛 거베라 에디션',88400,'미니멀 도자기 화병 : 1개, 빈티지 블랙 가드닝 가위 : 1개, ','https://storage.googleapis.com/download/storage/v1/b/upload.alwaysbom.xyz/o/flower%2FMldUMMFxEa-flower2-1.jpg?generation=1617889280085111&alt=media',to_date('2021/04/15','YYYY/MM/DD'),null,'꽃다발',0,1,'XL',null,65);
Insert into BOM.OITEM (IDX,ORDERS_IDX,LETTER_CONTENT,NAME,PRICE,OPTIONS,IMAGE,REQUEST_DATE,DELIVERY_START_DATE,CATEGORY,REVIEW_CHECK,QUANTITY,FSIZE,REVIEW_IDX,ITEM_IDX) values (253,232,'편지편지','햇살 로즈 에디션',71210,'웬디 엠버 글라스 화병 : 1개','https://storage.googleapis.com/download/storage/v1/b/upload.alwaysbom.xyz/o/flower%2FDzIUGIUtTE-0_1.jpg?generation=1618241582228576&alt=media',to_date('2021/04/14','YYYY/MM/DD'),null,'꽃다발',1,1,'XL',364,3);
Insert into BOM.OITEM (IDX,ORDERS_IDX,LETTER_CONTENT,NAME,PRICE,OPTIONS,IMAGE,REQUEST_DATE,DELIVERY_START_DATE,CATEGORY,REVIEW_CHECK,QUANTITY,FSIZE,REVIEW_IDX,ITEM_IDX) values (254,233,'ㅏㅏ','라벤더블루 수국',38400,'디그리아 토분&받침 : 1개','https://storage.googleapis.com/download/storage/v1/b/upload.alwaysbom.xyz/o/flower%2FliHJCECvOV-0_3_nXQck4K.jpg?generation=1618240218504135&alt=media',to_date('2021/04/14','YYYY/MM/DD'),null,'꽃다발',0,1,'M',null,41);
Insert into BOM.OITEM (IDX,ORDERS_IDX,LETTER_CONTENT,NAME,PRICE,OPTIONS,IMAGE,REQUEST_DATE,DELIVERY_START_DATE,CATEGORY,REVIEW_CHECK,QUANTITY,FSIZE,REVIEW_IDX,ITEM_IDX) values (255,234,'null','풍성한 L 꽃구독',62850,'우드 꽃가위 : 1개, ','https://storage.googleapis.com/download/storage/v1/b/upload.alwaysbom.xyz/o/subs%2FwaAzlZOTpk-0_2_tSUF5tx.jpg?generation=1618133173092256&alt=media',null,null,'정기구독',0,1,'L',null,44);
Insert into BOM.OITEM (IDX,ORDERS_IDX,LETTER_CONTENT,NAME,PRICE,OPTIONS,IMAGE,REQUEST_DATE,DELIVERY_START_DATE,CATEGORY,REVIEW_CHECK,QUANTITY,FSIZE,REVIEW_IDX,ITEM_IDX) values (256,234,null,'딱좋은 M 꽃구독',67400,'미니멀 도자기 화병 : 1개, ','https://storage.googleapis.com/download/storage/v1/b/upload.alwaysbom.xyz/o/subs%2FXCsiJkEUXt-0_2.jpg?generation=1618132258757991&alt=media',null,null,'정기구독',0,1,'M',null,45);
Insert into BOM.OITEM (IDX,ORDERS_IDX,LETTER_CONTENT,NAME,PRICE,OPTIONS,IMAGE,REQUEST_DATE,DELIVERY_START_DATE,CATEGORY,REVIEW_CHECK,QUANTITY,FSIZE,REVIEW_IDX,ITEM_IDX) values (257,234,null,'스프링가든 에디션',41710,'디그리아 토분&받침 : 1개, ','https://storage.googleapis.com/download/storage/v1/b/upload.alwaysbom.xyz/o/flower%2FmdghoxsWQy-0_2.png?generation=1618233263465751&alt=media',to_date('2021/04/14','YYYY/MM/DD'),null,'꽃다발',0,1,'L',null,48);
Insert into BOM.OITEM (IDX,ORDERS_IDX,LETTER_CONTENT,NAME,PRICE,OPTIONS,IMAGE,REQUEST_DATE,DELIVERY_START_DATE,CATEGORY,REVIEW_CHECK,QUANTITY,FSIZE,REVIEW_IDX,ITEM_IDX) values (263,240,'null','망고빛 거베라 에디션',58400,'디그리아 토분&받침 : 1개','https://storage.googleapis.com/download/storage/v1/b/upload.alwaysbom.xyz/o/flower%2FMldUMMFxEa-flower2-1.jpg?generation=1617889280085111&alt=media',to_date('2021/04/13','YYYY/MM/DD'),null,'꽃다발',0,1,'XL',null,65);
Insert into BOM.OITEM (IDX,ORDERS_IDX,LETTER_CONTENT,NAME,PRICE,OPTIONS,IMAGE,REQUEST_DATE,DELIVERY_START_DATE,CATEGORY,REVIEW_CHECK,QUANTITY,FSIZE,REVIEW_IDX,ITEM_IDX) values (264,241,'편지편지','가벼운 S 꽃구독',38400,'디그리아 토분&받침 : 1개','https://storage.googleapis.com/download/storage/v1/b/upload.alwaysbom.xyz/o/subs%2FkYzSUmafAc-0_1_9FJlidF.jpg?generation=1618127881043760&alt=media',to_date('2021/04/14','YYYY/MM/DD'),null,'정기구독',0,1,'S',null,47);
Insert into BOM.OITEM (IDX,ORDERS_IDX,LETTER_CONTENT,NAME,PRICE,OPTIONS,IMAGE,REQUEST_DATE,DELIVERY_START_DATE,CATEGORY,REVIEW_CHECK,QUANTITY,FSIZE,REVIEW_IDX,ITEM_IDX) values (265,242,'편지1','가벼운 S 꽃구독',38400,'디그리아 토분&받침 : 1개, ','https://storage.googleapis.com/download/storage/v1/b/upload.alwaysbom.xyz/o/subs%2FkYzSUmafAc-0_1_9FJlidF.jpg?generation=1618127881043760&alt=media',null,null,'정기구독',0,1,'S',null,47);
Insert into BOM.OITEM (IDX,ORDERS_IDX,LETTER_CONTENT,NAME,PRICE,OPTIONS,IMAGE,REQUEST_DATE,DELIVERY_START_DATE,CATEGORY,REVIEW_CHECK,QUANTITY,FSIZE,REVIEW_IDX,ITEM_IDX) values (266,242,'편지2','망고빛 거베라 에디션',127300,'미니멀 도자기 화병 : 1개, ','https://storage.googleapis.com/download/storage/v1/b/upload.alwaysbom.xyz/o/flower%2FMldUMMFxEa-flower2-1.jpg?generation=1617889280085111&alt=media',to_date('2021/04/14','YYYY/MM/DD'),null,'꽃다발',0,2,'XL',null,65);
REM INSERTING into BOM.ORDERS
SET DEFINE OFF;
Insert into BOM.ORDERS (IDX,MEMBER_ID,ODATE,RECEIVER_NAME,RECEIVER_PHONE,RECEIVER_ZIPCODE,RECEIVER_ADDR_BASE,RECEIVER_ADDR_DETAIL,RECEIVER_ADDR_EXTRA,SENDER_NAME,PAY_TYPE,PAY_TOTAL,PAY_DELIVERY,PAY_DATE,DISCOUNT_GRADE,DISCOUNT_POINT,STATUS) values (58,'yuna1880@naver.com',to_date('2020/11/03','YYYY/MM/DD'),'미노','010-5555-7876','06774','서울 서초구 강남대로 27 (양재동, AT센터) ','23층 3320호','현관 앞','Yuna','무통장입금',72400,0,to_date('2021/04/07','YYYY/MM/DD'),0,0,'배송완료');
Insert into BOM.ORDERS (IDX,MEMBER_ID,ODATE,RECEIVER_NAME,RECEIVER_PHONE,RECEIVER_ZIPCODE,RECEIVER_ADDR_BASE,RECEIVER_ADDR_DETAIL,RECEIVER_ADDR_EXTRA,SENDER_NAME,PAY_TYPE,PAY_TOTAL,PAY_DELIVERY,PAY_DATE,DISCOUNT_GRADE,DISCOUNT_POINT,STATUS) values (60,'test@test.com',to_date('2020/11/05','YYYY/MM/DD'),'유나','010-1234-1234','34672','대전 동구 판암동 497-7','123',null,'Yuna','무통장입금',38500,0,to_date('2021/04/08','YYYY/MM/DD'),0,0,'배송중');
Insert into BOM.ORDERS (IDX,MEMBER_ID,ODATE,RECEIVER_NAME,RECEIVER_PHONE,RECEIVER_ZIPCODE,RECEIVER_ADDR_BASE,RECEIVER_ADDR_DETAIL,RECEIVER_ADDR_EXTRA,SENDER_NAME,PAY_TYPE,PAY_TOTAL,PAY_DELIVERY,PAY_DATE,DISCOUNT_GRADE,DISCOUNT_POINT,STATUS) values (51,'yuna1880',to_date('2020/10/25','YYYY/MM/DD'),'유나','010-5656-5656','06675','서울 서초구 방배동 1715','늘봄마을 304동 322호','현관앞에 두고가주세요','Yuna','무통장입금',81144,0,to_date('2021/04/05','YYYY/MM/DD'),1656,0,'배송중');
Insert into BOM.ORDERS (IDX,MEMBER_ID,ODATE,RECEIVER_NAME,RECEIVER_PHONE,RECEIVER_ZIPCODE,RECEIVER_ADDR_BASE,RECEIVER_ADDR_DETAIL,RECEIVER_ADDR_EXTRA,SENDER_NAME,PAY_TYPE,PAY_TOTAL,PAY_DELIVERY,PAY_DATE,DISCOUNT_GRADE,DISCOUNT_POINT,STATUS) values (193,'jinah@bit.com',to_date('2020/11/06','YYYY/MM/DD'),'최진아','010-4564-5465','42957','대구 달성군 화원읍 류목정길 7-8 (설화리) ','103호','현관','최진아','신용카드',104400,0,to_date('2021/04/12','YYYY/MM/DD'),0,300,'배송완료');
Insert into BOM.ORDERS (IDX,MEMBER_ID,ODATE,RECEIVER_NAME,RECEIVER_PHONE,RECEIVER_ZIPCODE,RECEIVER_ADDR_BASE,RECEIVER_ADDR_DETAIL,RECEIVER_ADDR_EXTRA,SENDER_NAME,PAY_TYPE,PAY_TOTAL,PAY_DELIVERY,PAY_DATE,DISCOUNT_GRADE,DISCOUNT_POINT,STATUS) values (61,'test@test.com',to_date('2020/11/09','YYYY/MM/DD'),'유나','010-1234-1234','34672','대전 동구 판암동 497-7','123',null,'Yuna','신용카드',20500,3000,to_date('2021/04/08','YYYY/MM/DD'),0,0,'배송중');
Insert into BOM.ORDERS (IDX,MEMBER_ID,ODATE,RECEIVER_NAME,RECEIVER_PHONE,RECEIVER_ZIPCODE,RECEIVER_ADDR_BASE,RECEIVER_ADDR_DETAIL,RECEIVER_ADDR_EXTRA,SENDER_NAME,PAY_TYPE,PAY_TOTAL,PAY_DELIVERY,PAY_DATE,DISCOUNT_GRADE,DISCOUNT_POINT,STATUS) values (99,'yuna1880@naver.com',to_date('2020/11/09','YYYY/MM/DD'),'유나','010-1234-1433','48060','부산 해운대구 APEC로 17 (우동, 센텀리더스마크) ','qr','qr','Yuna','신용카드',52400,0,to_date('2021/04/09','YYYY/MM/DD'),0,0,'배송완료');
Insert into BOM.ORDERS (IDX,MEMBER_ID,ODATE,RECEIVER_NAME,RECEIVER_PHONE,RECEIVER_ZIPCODE,RECEIVER_ADDR_BASE,RECEIVER_ADDR_DETAIL,RECEIVER_ADDR_EXTRA,SENDER_NAME,PAY_TYPE,PAY_TOTAL,PAY_DELIVERY,PAY_DATE,DISCOUNT_GRADE,DISCOUNT_POINT,STATUS) values (127,'dlagksk64@naver.com',to_date('2020/11/15','YYYY/MM/DD'),'유나','010-1234-1231','28787','충북 청주시 상당구 방서동 227-11','ewq',null,'Yuna','무통장입금',32200,0,to_date('2021/04/10','YYYY/MM/DD'),0,0,'배송완료');
Insert into BOM.ORDERS (IDX,MEMBER_ID,ODATE,RECEIVER_NAME,RECEIVER_PHONE,RECEIVER_ZIPCODE,RECEIVER_ADDR_BASE,RECEIVER_ADDR_DETAIL,RECEIVER_ADDR_EXTRA,SENDER_NAME,PAY_TYPE,PAY_TOTAL,PAY_DELIVERY,PAY_DATE,DISCOUNT_GRADE,DISCOUNT_POINT,STATUS) values (102,'test@test.com',to_date('2020/11/17','YYYY/MM/DD'),'유나','010-1234-1234','34672','대전 동구 판암동 497-7','123',null,'Yuna','신용카드',62400,0,to_date('2021/04/09','YYYY/MM/DD'),0,0,'배송완료');
Insert into BOM.ORDERS (IDX,MEMBER_ID,ODATE,RECEIVER_NAME,RECEIVER_PHONE,RECEIVER_ZIPCODE,RECEIVER_ADDR_BASE,RECEIVER_ADDR_DETAIL,RECEIVER_ADDR_EXTRA,SENDER_NAME,PAY_TYPE,PAY_TOTAL,PAY_DELIVERY,PAY_DATE,DISCOUNT_GRADE,DISCOUNT_POINT,STATUS) values (103,'test@test.com',to_date('2020/11/19','YYYY/MM/DD'),'유나','010-1234-1234','34672','대전 동구 판암동 497-7','123',null,'Yuna','신용카드',52400,0,to_date('2021/04/09','YYYY/MM/DD'),0,0,'배송완료');
Insert into BOM.ORDERS (IDX,MEMBER_ID,ODATE,RECEIVER_NAME,RECEIVER_PHONE,RECEIVER_ZIPCODE,RECEIVER_ADDR_BASE,RECEIVER_ADDR_DETAIL,RECEIVER_ADDR_EXTRA,SENDER_NAME,PAY_TYPE,PAY_TOTAL,PAY_DELIVERY,PAY_DATE,DISCOUNT_GRADE,DISCOUNT_POINT,STATUS) values (104,'test@test.com',to_date('2020/11/22','YYYY/MM/DD'),'유나','010-1234-1234','34672','대전 동구 판암동 497-7','123',null,'Yuna','카카오페이',32200,0,to_date('2021/04/09','YYYY/MM/DD'),0,0,'배송완료');
Insert into BOM.ORDERS (IDX,MEMBER_ID,ODATE,RECEIVER_NAME,RECEIVER_PHONE,RECEIVER_ZIPCODE,RECEIVER_ADDR_BASE,RECEIVER_ADDR_DETAIL,RECEIVER_ADDR_EXTRA,SENDER_NAME,PAY_TYPE,PAY_TOTAL,PAY_DELIVERY,PAY_DATE,DISCOUNT_GRADE,DISCOUNT_POINT,STATUS) values (128,'hena@bit.com',to_date('2020/11/29','YYYY/MM/DD'),'송지연','010-5454-8787','05744','서울 송파구 거마로7길 1-19 (거여동) ','202호',null,'송해나','무통장입금',15500,3000,to_date('2021/04/10','YYYY/MM/DD'),0,0,'배송완료');
Insert into BOM.ORDERS (IDX,MEMBER_ID,ODATE,RECEIVER_NAME,RECEIVER_PHONE,RECEIVER_ZIPCODE,RECEIVER_ADDR_BASE,RECEIVER_ADDR_DETAIL,RECEIVER_ADDR_EXTRA,SENDER_NAME,PAY_TYPE,PAY_TOTAL,PAY_DELIVERY,PAY_DATE,DISCOUNT_GRADE,DISCOUNT_POINT,STATUS) values (112,'test@test.com',to_date('2020/12/01','YYYY/MM/DD'),'유나','010-1234-1234','34672','대전 동구 판암동 497-7','123',null,'Yuna','무통장입금',1740350,0,to_date('2021/04/09','YYYY/MM/DD'),0,0,'배송완료');
Insert into BOM.ORDERS (IDX,MEMBER_ID,ODATE,RECEIVER_NAME,RECEIVER_PHONE,RECEIVER_ZIPCODE,RECEIVER_ADDR_BASE,RECEIVER_ADDR_DETAIL,RECEIVER_ADDR_EXTRA,SENDER_NAME,PAY_TYPE,PAY_TOTAL,PAY_DELIVERY,PAY_DATE,DISCOUNT_GRADE,DISCOUNT_POINT,STATUS) values (141,'yuna1880@naver.com',to_date('2020/12/02','YYYY/MM/DD'),'유나','010-5555-3433','22852','인천 서구 로봇랜드로 33 (원창동) ','103동 2401호','현관','Yuna','신용카드',51352,0,to_date('2021/04/10','YYYY/MM/DD'),1048,0,'배송중');
Insert into BOM.ORDERS (IDX,MEMBER_ID,ODATE,RECEIVER_NAME,RECEIVER_PHONE,RECEIVER_ZIPCODE,RECEIVER_ADDR_BASE,RECEIVER_ADDR_DETAIL,RECEIVER_ADDR_EXTRA,SENDER_NAME,PAY_TYPE,PAY_TOTAL,PAY_DELIVERY,PAY_DATE,DISCOUNT_GRADE,DISCOUNT_POINT,STATUS) values (142,'yuna1880@naver.com',to_date('2020/12/04','YYYY/MM/DD'),'유나','010-5555-3433','22852','인천 서구 로봇랜드로 33 (원창동) ','103동 2401호','현관','Yuna','신용카드',51352,0,to_date('2021/04/10','YYYY/MM/DD'),1048,899,'취소완료');
Insert into BOM.ORDERS (IDX,MEMBER_ID,ODATE,RECEIVER_NAME,RECEIVER_PHONE,RECEIVER_ZIPCODE,RECEIVER_ADDR_BASE,RECEIVER_ADDR_DETAIL,RECEIVER_ADDR_EXTRA,SENDER_NAME,PAY_TYPE,PAY_TOTAL,PAY_DELIVERY,PAY_DATE,DISCOUNT_GRADE,DISCOUNT_POINT,STATUS) values (143,'yuna1880@naver.com',to_date('2020/12/06','YYYY/MM/DD'),'유나','010-5555-3433','22852','인천 서구 로봇랜드로 33 (원창동) ','103동 2401호','현관','Yuna','신용카드',98392,0,to_date('2021/04/10','YYYY/MM/DD'),2008,0,'배송중');
Insert into BOM.ORDERS (IDX,MEMBER_ID,ODATE,RECEIVER_NAME,RECEIVER_PHONE,RECEIVER_ZIPCODE,RECEIVER_ADDR_BASE,RECEIVER_ADDR_DETAIL,RECEIVER_ADDR_EXTRA,SENDER_NAME,PAY_TYPE,PAY_TOTAL,PAY_DELIVERY,PAY_DATE,DISCOUNT_GRADE,DISCOUNT_POINT,STATUS) values (118,'yuna1880@naver.com',to_date('2020/12/08','YYYY/MM/DD'),'유나','010-5555-3433','22852','인천 서구 로봇랜드로 33 (원창동) ','103동 2401호','현관','Yuna','무통장입금',57400,0,to_date('2021/04/09','YYYY/MM/DD'),0,0,'취소완료');
Insert into BOM.ORDERS (IDX,MEMBER_ID,ODATE,RECEIVER_NAME,RECEIVER_PHONE,RECEIVER_ZIPCODE,RECEIVER_ADDR_BASE,RECEIVER_ADDR_DETAIL,RECEIVER_ADDR_EXTRA,SENDER_NAME,PAY_TYPE,PAY_TOTAL,PAY_DELIVERY,PAY_DATE,DISCOUNT_GRADE,DISCOUNT_POINT,STATUS) values (122,'sld564321@gmail.com',to_date('2020/12/09','YYYY/MM/DD'),'유나','010-1111-1111','06313','서울 강남구 개포동 1163-8','ㅇㅇ',null,'Yuna','신용카드',39700,0,to_date('2021/04/09','YYYY/MM/DD'),0,0,'취소완료');
Insert into BOM.ORDERS (IDX,MEMBER_ID,ODATE,RECEIVER_NAME,RECEIVER_PHONE,RECEIVER_ZIPCODE,RECEIVER_ADDR_BASE,RECEIVER_ADDR_DETAIL,RECEIVER_ADDR_EXTRA,SENDER_NAME,PAY_TYPE,PAY_TOTAL,PAY_DELIVERY,PAY_DATE,DISCOUNT_GRADE,DISCOUNT_POINT,STATUS) values (124,'sld564321@gmail.com',to_date('2020/12/10','YYYY/MM/DD'),'유나','010-1111-1111','46760','부산 강서구 신호동 294','222',null,'Yuna','무통장입금',32200,0,to_date('2021/04/09','YYYY/MM/DD'),0,40000,'배송완료');
Insert into BOM.ORDERS (IDX,MEMBER_ID,ODATE,RECEIVER_NAME,RECEIVER_PHONE,RECEIVER_ZIPCODE,RECEIVER_ADDR_BASE,RECEIVER_ADDR_DETAIL,RECEIVER_ADDR_EXTRA,SENDER_NAME,PAY_TYPE,PAY_TOTAL,PAY_DELIVERY,PAY_DATE,DISCOUNT_GRADE,DISCOUNT_POINT,STATUS) values (144,'yuna1880@naver.com',to_date('2020/12/10','YYYY/MM/DD'),'유나','010-5555-3433','22852','인천 서구 로봇랜드로 33 (원창동) ','103동 2401호','현관','Yuna','신용카드',98392,0,to_date('2021/04/10','YYYY/MM/DD'),2008,0,'배송중');
Insert into BOM.ORDERS (IDX,MEMBER_ID,ODATE,RECEIVER_NAME,RECEIVER_PHONE,RECEIVER_ZIPCODE,RECEIVER_ADDR_BASE,RECEIVER_ADDR_DETAIL,RECEIVER_ADDR_EXTRA,SENDER_NAME,PAY_TYPE,PAY_TOTAL,PAY_DELIVERY,PAY_DATE,DISCOUNT_GRADE,DISCOUNT_POINT,STATUS) values (145,'yuna1880@naver.com',to_date('2020/12/13','YYYY/MM/DD'),'유나','010-5555-3433','22852','인천 서구 로봇랜드로 33 (원창동) ','103동 2401호','현관','Yuna','신용카드',167433,0,to_date('2021/04/10','YYYY/MM/DD'),3417,0,'배송중');
Insert into BOM.ORDERS (IDX,MEMBER_ID,ODATE,RECEIVER_NAME,RECEIVER_PHONE,RECEIVER_ZIPCODE,RECEIVER_ADDR_BASE,RECEIVER_ADDR_DETAIL,RECEIVER_ADDR_EXTRA,SENDER_NAME,PAY_TYPE,PAY_TOTAL,PAY_DELIVERY,PAY_DATE,DISCOUNT_GRADE,DISCOUNT_POINT,STATUS) values (146,'yuna1880@naver.com',to_date('2020/12/15','YYYY/MM/DD'),'유나','010-5555-3433','22852','인천 서구 로봇랜드로 33 (원창동) ','103동 2401호','현관','Yuna','신용카드',167433,0,to_date('2021/04/10','YYYY/MM/DD'),3417,0,'배송중');
Insert into BOM.ORDERS (IDX,MEMBER_ID,ODATE,RECEIVER_NAME,RECEIVER_PHONE,RECEIVER_ZIPCODE,RECEIVER_ADDR_BASE,RECEIVER_ADDR_DETAIL,RECEIVER_ADDR_EXTRA,SENDER_NAME,PAY_TYPE,PAY_TOTAL,PAY_DELIVERY,PAY_DATE,DISCOUNT_GRADE,DISCOUNT_POINT,STATUS) values (147,'yuna1880@naver.com',to_date('2020/12/17','YYYY/MM/DD'),'유나','010-5555-3433','22852','인천 서구 로봇랜드로 33 (원창동) ','103동 2401호','현관','Yuna','신용카드',41356,0,to_date('2021/04/10','YYYY/MM/DD'),844,0,'배송중');
Insert into BOM.ORDERS (IDX,MEMBER_ID,ODATE,RECEIVER_NAME,RECEIVER_PHONE,RECEIVER_ZIPCODE,RECEIVER_ADDR_BASE,RECEIVER_ADDR_DETAIL,RECEIVER_ADDR_EXTRA,SENDER_NAME,PAY_TYPE,PAY_TOTAL,PAY_DELIVERY,PAY_DATE,DISCOUNT_GRADE,DISCOUNT_POINT,STATUS) values (148,'yuna1880@naver.com',to_date('2020/12/19','YYYY/MM/DD'),'유나','010-5555-3433','22852','인천 서구 로봇랜드로 33 (원창동) ','103동 2401호','현관','Yuna','신용카드',78596,0,to_date('2021/04/10','YYYY/MM/DD'),1604,0,'배송중');
Insert into BOM.ORDERS (IDX,MEMBER_ID,ODATE,RECEIVER_NAME,RECEIVER_PHONE,RECEIVER_ZIPCODE,RECEIVER_ADDR_BASE,RECEIVER_ADDR_DETAIL,RECEIVER_ADDR_EXTRA,SENDER_NAME,PAY_TYPE,PAY_TOTAL,PAY_DELIVERY,PAY_DATE,DISCOUNT_GRADE,DISCOUNT_POINT,STATUS) values (149,'yuna1880@naver.com',to_date('2020/12/19','YYYY/MM/DD'),'유나','010-5555-3433','22852','인천 서구 로봇랜드로 33 (원창동) ','103동 2401호','현관','Yuna','신용카드',78596,0,to_date('2021/04/10','YYYY/MM/DD'),1604,0,'배송중');
Insert into BOM.ORDERS (IDX,MEMBER_ID,ODATE,RECEIVER_NAME,RECEIVER_PHONE,RECEIVER_ZIPCODE,RECEIVER_ADDR_BASE,RECEIVER_ADDR_DETAIL,RECEIVER_ADDR_EXTRA,SENDER_NAME,PAY_TYPE,PAY_TOTAL,PAY_DELIVERY,PAY_DATE,DISCOUNT_GRADE,DISCOUNT_POINT,STATUS) values (150,'yuna1880@naver.com',to_date('2020/12/23','YYYY/MM/DD'),'유나','010-5555-3433','22852','인천 서구 로봇랜드로 33 (원창동) ','103동 2401호','현관','Yuna','신용카드',31556,0,to_date('2021/04/10','YYYY/MM/DD'),644,0,'배송중');
Insert into BOM.ORDERS (IDX,MEMBER_ID,ODATE,RECEIVER_NAME,RECEIVER_PHONE,RECEIVER_ZIPCODE,RECEIVER_ADDR_BASE,RECEIVER_ADDR_DETAIL,RECEIVER_ADDR_EXTRA,SENDER_NAME,PAY_TYPE,PAY_TOTAL,PAY_DELIVERY,PAY_DATE,DISCOUNT_GRADE,DISCOUNT_POINT,STATUS) values (151,'yuna1880@naver.com',to_date('2020/12/25','YYYY/MM/DD'),'유나','010-5555-3433','22852','인천 서구 로봇랜드로 33 (원창동) ','103동 2401호','현관','Yuna','신용카드',50764,0,to_date('2021/04/10','YYYY/MM/DD'),1036,0,'배송완료');
Insert into BOM.ORDERS (IDX,MEMBER_ID,ODATE,RECEIVER_NAME,RECEIVER_PHONE,RECEIVER_ZIPCODE,RECEIVER_ADDR_BASE,RECEIVER_ADDR_DETAIL,RECEIVER_ADDR_EXTRA,SENDER_NAME,PAY_TYPE,PAY_TOTAL,PAY_DELIVERY,PAY_DATE,DISCOUNT_GRADE,DISCOUNT_POINT,STATUS) values (152,'yuna1880@naver.com',to_date('2020/12/28','YYYY/MM/DD'),'유나','010-5555-3433','22852','인천 서구 로봇랜드로 33 (원창동) ','103동 2401호','현관','Yuna','신용카드',50764,0,to_date('2021/04/10','YYYY/MM/DD'),1036,0,'배송중');
Insert into BOM.ORDERS (IDX,MEMBER_ID,ODATE,RECEIVER_NAME,RECEIVER_PHONE,RECEIVER_ZIPCODE,RECEIVER_ADDR_BASE,RECEIVER_ADDR_DETAIL,RECEIVER_ADDR_EXTRA,SENDER_NAME,PAY_TYPE,PAY_TOTAL,PAY_DELIVERY,PAY_DATE,DISCOUNT_GRADE,DISCOUNT_POINT,STATUS) values (153,'yuna1880@naver.com',to_date('2020/12/30','YYYY/MM/DD'),'유나','010-5555-3433','22852','인천 서구 로봇랜드로 33 (원창동) ','103동 2401호','현관','Yuna','신용카드',41356,0,to_date('2021/04/10','YYYY/MM/DD'),844,0,'배송중');
Insert into BOM.ORDERS (IDX,MEMBER_ID,ODATE,RECEIVER_NAME,RECEIVER_PHONE,RECEIVER_ZIPCODE,RECEIVER_ADDR_BASE,RECEIVER_ADDR_DETAIL,RECEIVER_ADDR_EXTRA,SENDER_NAME,PAY_TYPE,PAY_TOTAL,PAY_DELIVERY,PAY_DATE,DISCOUNT_GRADE,DISCOUNT_POINT,STATUS) values (154,'yuna1880@naver.com',to_date('2021/01/01','YYYY/MM/DD'),'유나','010-5555-3433','22852','인천 서구 로봇랜드로 33 (원창동) ','103동 2401호','현관','Yuna','신용카드',54096,0,to_date('2021/04/10','YYYY/MM/DD'),1104,0,'배송중');
Insert into BOM.ORDERS (IDX,MEMBER_ID,ODATE,RECEIVER_NAME,RECEIVER_PHONE,RECEIVER_ZIPCODE,RECEIVER_ADDR_BASE,RECEIVER_ADDR_DETAIL,RECEIVER_ADDR_EXTRA,SENDER_NAME,PAY_TYPE,PAY_TOTAL,PAY_DELIVERY,PAY_DATE,DISCOUNT_GRADE,DISCOUNT_POINT,STATUS) values (155,'yuna1880@naver.com',to_date('2021/01/03','YYYY/MM/DD'),'유나','010-5555-3433','22852','인천 서구 로봇랜드로 33 (원창동) ','103동 2401호','현관','Yuna','신용카드',78596,0,to_date('2021/04/10','YYYY/MM/DD'),1604,0,'배송중');
Insert into BOM.ORDERS (IDX,MEMBER_ID,ODATE,RECEIVER_NAME,RECEIVER_PHONE,RECEIVER_ZIPCODE,RECEIVER_ADDR_BASE,RECEIVER_ADDR_DETAIL,RECEIVER_ADDR_EXTRA,SENDER_NAME,PAY_TYPE,PAY_TOTAL,PAY_DELIVERY,PAY_DATE,DISCOUNT_GRADE,DISCOUNT_POINT,STATUS) values (156,'yuna1880@naver.com',to_date('2021/01/05','YYYY/MM/DD'),'유나','010-5555-3433','22852','인천 서구 로봇랜드로 33 (원창동) ','103동 2401호','현관','Yuna','신용카드',78596,0,to_date('2021/04/10','YYYY/MM/DD'),1604,0,'취소완료');
Insert into BOM.ORDERS (IDX,MEMBER_ID,ODATE,RECEIVER_NAME,RECEIVER_PHONE,RECEIVER_ZIPCODE,RECEIVER_ADDR_BASE,RECEIVER_ADDR_DETAIL,RECEIVER_ADDR_EXTRA,SENDER_NAME,PAY_TYPE,PAY_TOTAL,PAY_DELIVERY,PAY_DATE,DISCOUNT_GRADE,DISCOUNT_POINT,STATUS) values (157,'yuna1880@naver.com',to_date('2021/01/05','YYYY/MM/DD'),'유나','010-5555-3433','22852','인천 서구 로봇랜드로 33 (원창동) ','103동 2401호','현관','Yuna','신용카드',61593,0,to_date('2021/04/10','YYYY/MM/DD'),1257,0,'배송중');
Insert into BOM.ORDERS (IDX,MEMBER_ID,ODATE,RECEIVER_NAME,RECEIVER_PHONE,RECEIVER_ZIPCODE,RECEIVER_ADDR_BASE,RECEIVER_ADDR_DETAIL,RECEIVER_ADDR_EXTRA,SENDER_NAME,PAY_TYPE,PAY_TOTAL,PAY_DELIVERY,PAY_DATE,DISCOUNT_GRADE,DISCOUNT_POINT,STATUS) values (159,'yuna1880@naver.com',to_date('2021/01/05','YYYY/MM/DD'),'유나','010-5555-3433','22852','인천 서구 로봇랜드로 33 (원창동) ','103동 2401호','현관','Yuna','신용카드',31556,0,to_date('2021/04/10','YYYY/MM/DD'),644,0,'취소완료');
Insert into BOM.ORDERS (IDX,MEMBER_ID,ODATE,RECEIVER_NAME,RECEIVER_PHONE,RECEIVER_ZIPCODE,RECEIVER_ADDR_BASE,RECEIVER_ADDR_DETAIL,RECEIVER_ADDR_EXTRA,SENDER_NAME,PAY_TYPE,PAY_TOTAL,PAY_DELIVERY,PAY_DATE,DISCOUNT_GRADE,DISCOUNT_POINT,STATUS) values (160,'yuna1880@naver.com',to_date('2021/01/08','YYYY/MM/DD'),'유나','010-5555-3433','22852','인천 서구 로봇랜드로 33 (원창동) ','103동 2401호','현관','Yuna','간편결제',61152,0,to_date('2021/04/10','YYYY/MM/DD'),1248,0,'배송중');
Insert into BOM.ORDERS (IDX,MEMBER_ID,ODATE,RECEIVER_NAME,RECEIVER_PHONE,RECEIVER_ZIPCODE,RECEIVER_ADDR_BASE,RECEIVER_ADDR_DETAIL,RECEIVER_ADDR_EXTRA,SENDER_NAME,PAY_TYPE,PAY_TOTAL,PAY_DELIVERY,PAY_DATE,DISCOUNT_GRADE,DISCOUNT_POINT,STATUS) values (163,'hena@bit.com',to_date('2021/01/10','YYYY/MM/DD'),'송지연','010-5454-8787','05744','서울 송파구 거마로7길 1-19 (거여동) ','202호',null,'hena','무통장입금',24000,3000,to_date('2021/04/10','YYYY/MM/DD'),0,0,'배송완료');
Insert into BOM.ORDERS (IDX,MEMBER_ID,ODATE,RECEIVER_NAME,RECEIVER_PHONE,RECEIVER_ZIPCODE,RECEIVER_ADDR_BASE,RECEIVER_ADDR_DETAIL,RECEIVER_ADDR_EXTRA,SENDER_NAME,PAY_TYPE,PAY_TOTAL,PAY_DELIVERY,PAY_DATE,DISCOUNT_GRADE,DISCOUNT_POINT,STATUS) values (181,'hena@bit.com',to_date('2021/01/11','YYYY/MM/DD'),'송지연','010-5454-8787','05744','서울 송파구 거마로7길 1-19 (거여동) ','202호','현관','송해나','무통장입금',152929,0,to_date('2021/04/11','YYYY/MM/DD'),3121,0,'배송중');
Insert into BOM.ORDERS (IDX,MEMBER_ID,ODATE,RECEIVER_NAME,RECEIVER_PHONE,RECEIVER_ZIPCODE,RECEIVER_ADDR_BASE,RECEIVER_ADDR_DETAIL,RECEIVER_ADDR_EXTRA,SENDER_NAME,PAY_TYPE,PAY_TOTAL,PAY_DELIVERY,PAY_DATE,DISCOUNT_GRADE,DISCOUNT_POINT,STATUS) values (165,'hena@bit.com',to_date('2021/01/15','YYYY/MM/DD'),'송지연','010-5454-8787','05744','서울 송파구 거마로7길 1-19 (거여동) ','202호',null,'Hena','무통장입금',62400,0,to_date('2021/04/10','YYYY/MM/DD'),0,0,'배송완료');
Insert into BOM.ORDERS (IDX,MEMBER_ID,ODATE,RECEIVER_NAME,RECEIVER_PHONE,RECEIVER_ZIPCODE,RECEIVER_ADDR_BASE,RECEIVER_ADDR_DETAIL,RECEIVER_ADDR_EXTRA,SENDER_NAME,PAY_TYPE,PAY_TOTAL,PAY_DELIVERY,PAY_DATE,DISCOUNT_GRADE,DISCOUNT_POINT,STATUS) values (172,'test@test.com',to_date('2021/01/18','YYYY/MM/DD'),'유나','010-1234-1234','46912','부산 사상구 삼락동 416-20','1234',null,'Yuna','신용카드(직접입력)',37400,0,to_date('2021/04/10','YYYY/MM/DD'),0,0,'배송완료');
Insert into BOM.ORDERS (IDX,MEMBER_ID,ODATE,RECEIVER_NAME,RECEIVER_PHONE,RECEIVER_ZIPCODE,RECEIVER_ADDR_BASE,RECEIVER_ADDR_DETAIL,RECEIVER_ADDR_EXTRA,SENDER_NAME,PAY_TYPE,PAY_TOTAL,PAY_DELIVERY,PAY_DATE,DISCOUNT_GRADE,DISCOUNT_POINT,STATUS) values (180,'yuna1880@naver.com',to_date('2021/01/20','YYYY/MM/DD'),'유나','010-5555-3433','22852','인천 서구 로봇랜드로 33 (원창동) ','103동 2401호','현관','권유나','무통장입금',31752,0,to_date('2021/04/11','YYYY/MM/DD'),648,4101,'취소완료');
Insert into BOM.ORDERS (IDX,MEMBER_ID,ODATE,RECEIVER_NAME,RECEIVER_PHONE,RECEIVER_ZIPCODE,RECEIVER_ADDR_BASE,RECEIVER_ADDR_DETAIL,RECEIVER_ADDR_EXTRA,SENDER_NAME,PAY_TYPE,PAY_TOTAL,PAY_DELIVERY,PAY_DATE,DISCOUNT_GRADE,DISCOUNT_POINT,STATUS) values (191,'jaehoon@bit.com',to_date('2021/01/22','YYYY/MM/DD'),'정해지','010-1515-4848','38550','경북 경산시 자인면 북사리 100-8','201호',null,'김재훈','신용카드',17800,3000,to_date('2021/04/12','YYYY/MM/DD'),0,0,'배송중');
Insert into BOM.ORDERS (IDX,MEMBER_ID,ODATE,RECEIVER_NAME,RECEIVER_PHONE,RECEIVER_ZIPCODE,RECEIVER_ADDR_BASE,RECEIVER_ADDR_DETAIL,RECEIVER_ADDR_EXTRA,SENDER_NAME,PAY_TYPE,PAY_TOTAL,PAY_DELIVERY,PAY_DATE,DISCOUNT_GRADE,DISCOUNT_POINT,STATUS) values (192,'jaehoon@bit.com',to_date('2021/01/29','YYYY/MM/DD'),'정해지','010-1515-4848','38550','경북 경산시 자인면 북사리 100-8','201호',null,'김재훈','신용카드',17800,3000,to_date('2021/04/12','YYYY/MM/DD'),0,0,'배송중');
Insert into BOM.ORDERS (IDX,MEMBER_ID,ODATE,RECEIVER_NAME,RECEIVER_PHONE,RECEIVER_ZIPCODE,RECEIVER_ADDR_BASE,RECEIVER_ADDR_DETAIL,RECEIVER_ADDR_EXTRA,SENDER_NAME,PAY_TYPE,PAY_TOTAL,PAY_DELIVERY,PAY_DATE,DISCOUNT_GRADE,DISCOUNT_POINT,STATUS) values (109,'test@test.com',to_date('2021/01/30','YYYY/MM/DD'),'유나','010-1234-1234','34672','대전 동구 판암동 497-7','123',null,'Yuna','신용카드',15500,3000,to_date('2021/04/09','YYYY/MM/DD'),0,0,'배송완료');
Insert into BOM.ORDERS (IDX,MEMBER_ID,ODATE,RECEIVER_NAME,RECEIVER_PHONE,RECEIVER_ZIPCODE,RECEIVER_ADDR_BASE,RECEIVER_ADDR_DETAIL,RECEIVER_ADDR_EXTRA,SENDER_NAME,PAY_TYPE,PAY_TOTAL,PAY_DELIVERY,PAY_DATE,DISCOUNT_GRADE,DISCOUNT_POINT,STATUS) values (110,'test@test.com',to_date('2021/02/01','YYYY/MM/DD'),'유나','010-1234-1234','34672','대전 동구 판암동 497-7','123',null,'Yuna','신용카드',32200,0,to_date('2021/04/09','YYYY/MM/DD'),0,0,'배송완료');
Insert into BOM.ORDERS (IDX,MEMBER_ID,ODATE,RECEIVER_NAME,RECEIVER_PHONE,RECEIVER_ZIPCODE,RECEIVER_ADDR_BASE,RECEIVER_ADDR_DETAIL,RECEIVER_ADDR_EXTRA,SENDER_NAME,PAY_TYPE,PAY_TOTAL,PAY_DELIVERY,PAY_DATE,DISCOUNT_GRADE,DISCOUNT_POINT,STATUS) values (111,'test@test.com',to_date('2021/02/03','YYYY/MM/DD'),'유나','010-4123-4213','06362','서울 강남구 밤고개로 76-2 (수서동) ','fasd',null,'Yuna','신용카드',32200,0,to_date('2021/04/09','YYYY/MM/DD'),0,0,'배송완료');
Insert into BOM.ORDERS (IDX,MEMBER_ID,ODATE,RECEIVER_NAME,RECEIVER_PHONE,RECEIVER_ZIPCODE,RECEIVER_ADDR_BASE,RECEIVER_ADDR_DETAIL,RECEIVER_ADDR_EXTRA,SENDER_NAME,PAY_TYPE,PAY_TOTAL,PAY_DELIVERY,PAY_DATE,DISCOUNT_GRADE,DISCOUNT_POINT,STATUS) values (116,'yuna1880@naver.com',to_date('2021/02/05','YYYY/MM/DD'),'유나','010-5555-3433','22852','인천 서구 로봇랜드로 33 (원창동) ','103동 2401호','현관','Yuna','무통장입금',42200,0,to_date('2021/04/09','YYYY/MM/DD'),0,0,'취소완료');
Insert into BOM.ORDERS (IDX,MEMBER_ID,ODATE,RECEIVER_NAME,RECEIVER_PHONE,RECEIVER_ZIPCODE,RECEIVER_ADDR_BASE,RECEIVER_ADDR_DETAIL,RECEIVER_ADDR_EXTRA,SENDER_NAME,PAY_TYPE,PAY_TOTAL,PAY_DELIVERY,PAY_DATE,DISCOUNT_GRADE,DISCOUNT_POINT,STATUS) values (117,'yuna1880@naver.com',to_date('2021/02/05','YYYY/MM/DD'),'유나','010-5555-3433','22852','인천 서구 로봇랜드로 33 (원창동) ','103동 2401호','현관','Yuna','무통장입금',298200,0,to_date('2021/04/09','YYYY/MM/DD'),0,0,'취소완료');
Insert into BOM.ORDERS (IDX,MEMBER_ID,ODATE,RECEIVER_NAME,RECEIVER_PHONE,RECEIVER_ZIPCODE,RECEIVER_ADDR_BASE,RECEIVER_ADDR_DETAIL,RECEIVER_ADDR_EXTRA,SENDER_NAME,PAY_TYPE,PAY_TOTAL,PAY_DELIVERY,PAY_DATE,DISCOUNT_GRADE,DISCOUNT_POINT,STATUS) values (123,'yuna1880@naver.com',to_date('2021/02/07','YYYY/MM/DD'),'유나','010-5555-3433','22852','인천 서구 로봇랜드로 33 (원창동) ','103동 2401호','현관','Yuna','무통장입금',80200,0,to_date('2021/04/09','YYYY/MM/DD'),0,1000,'배송완료');
Insert into BOM.ORDERS (IDX,MEMBER_ID,ODATE,RECEIVER_NAME,RECEIVER_PHONE,RECEIVER_ZIPCODE,RECEIVER_ADDR_BASE,RECEIVER_ADDR_DETAIL,RECEIVER_ADDR_EXTRA,SENDER_NAME,PAY_TYPE,PAY_TOTAL,PAY_DELIVERY,PAY_DATE,DISCOUNT_GRADE,DISCOUNT_POINT,STATUS) values (194,'jinah@bit.com',to_date('2021/02/09','YYYY/MM/DD'),'최진아','010-5555-3433','06313','서울 강남구 양재대로 333 (개포동) ','103동 403호','현관 앞','최진아','신용카드',189200,0,to_date('2021/04/12','YYYY/MM/DD'),0,0,'배송완료');
Insert into BOM.ORDERS (IDX,MEMBER_ID,ODATE,RECEIVER_NAME,RECEIVER_PHONE,RECEIVER_ZIPCODE,RECEIVER_ADDR_BASE,RECEIVER_ADDR_DETAIL,RECEIVER_ADDR_EXTRA,SENDER_NAME,PAY_TYPE,PAY_TOTAL,PAY_DELIVERY,PAY_DATE,DISCOUNT_GRADE,DISCOUNT_POINT,STATUS) values (198,'yoonchang@bit.com',to_date('2021/02/10','YYYY/MM/DD'),'남윤창','010-8044-6454','06779','서울 서초구 강남대로 48-3 (양재동) ','부자집',null,'남윤창','신용카드',67200,0,to_date('2021/04/12','YYYY/MM/DD'),0,0,'배송완료');
Insert into BOM.ORDERS (IDX,MEMBER_ID,ODATE,RECEIVER_NAME,RECEIVER_PHONE,RECEIVER_ZIPCODE,RECEIVER_ADDR_BASE,RECEIVER_ADDR_DETAIL,RECEIVER_ADDR_EXTRA,SENDER_NAME,PAY_TYPE,PAY_TOTAL,PAY_DELIVERY,PAY_DATE,DISCOUNT_GRADE,DISCOUNT_POINT,STATUS) values (199,'yoonchang@bit.com',to_date('2021/02/12','YYYY/MM/DD'),'남윤창','010-8465-9454','06779','서울 서초구 강남대로 48-3 (양재동) ','부자집',null,'남윤창','신용카드',72850,0,to_date('2021/04/12','YYYY/MM/DD'),0,0,'배송완료');
Insert into BOM.ORDERS (IDX,MEMBER_ID,ODATE,RECEIVER_NAME,RECEIVER_PHONE,RECEIVER_ZIPCODE,RECEIVER_ADDR_BASE,RECEIVER_ADDR_DETAIL,RECEIVER_ADDR_EXTRA,SENDER_NAME,PAY_TYPE,PAY_TOTAL,PAY_DELIVERY,PAY_DATE,DISCOUNT_GRADE,DISCOUNT_POINT,STATUS) values (200,'yoonchang@bit.com',to_date('2021/02/15','YYYY/MM/DD'),'남윤창','010-4851-0123','06779','서울 서초구 강남대로 48-3 (양재동) ','부자집',null,'남윤창','신용카드',42200,0,to_date('2021/04/12','YYYY/MM/DD'),0,0,'배송완료');
Insert into BOM.ORDERS (IDX,MEMBER_ID,ODATE,RECEIVER_NAME,RECEIVER_PHONE,RECEIVER_ZIPCODE,RECEIVER_ADDR_BASE,RECEIVER_ADDR_DETAIL,RECEIVER_ADDR_EXTRA,SENDER_NAME,PAY_TYPE,PAY_TOTAL,PAY_DELIVERY,PAY_DATE,DISCOUNT_GRADE,DISCOUNT_POINT,STATUS) values (201,'yoonchang@bit.com',to_date('2021/02/17','YYYY/MM/DD'),'남윤창','010-4554-8456','06779','서울 서초구 강남대로 48-3 (양재동) ','부자집',null,'남윤창','신용카드',32400,0,to_date('2021/04/12','YYYY/MM/DD'),0,0,'배송완료');
Insert into BOM.ORDERS (IDX,MEMBER_ID,ODATE,RECEIVER_NAME,RECEIVER_PHONE,RECEIVER_ZIPCODE,RECEIVER_ADDR_BASE,RECEIVER_ADDR_DETAIL,RECEIVER_ADDR_EXTRA,SENDER_NAME,PAY_TYPE,PAY_TOTAL,PAY_DELIVERY,PAY_DATE,DISCOUNT_GRADE,DISCOUNT_POINT,STATUS) values (63,'test@test.com',to_date('2021/02/19','YYYY/MM/DD'),'유나','010-1234-1234','34672','대전 동구 판암동 497-7','123',null,'Yuna','신용카드',72400,0,to_date('2021/04/08','YYYY/MM/DD'),0,0,'배송완료');
Insert into BOM.ORDERS (IDX,MEMBER_ID,ODATE,RECEIVER_NAME,RECEIVER_PHONE,RECEIVER_ZIPCODE,RECEIVER_ADDR_BASE,RECEIVER_ADDR_DETAIL,RECEIVER_ADDR_EXTRA,SENDER_NAME,PAY_TYPE,PAY_TOTAL,PAY_DELIVERY,PAY_DATE,DISCOUNT_GRADE,DISCOUNT_POINT,STATUS) values (205,'giho@bit.com',to_date('2020/12/05','YYYY/MM/DD'),'이기호','010-4568-4564','44717','울산 남구 갈밭로 4 (삼산동) ','451-1',null,'이기호','신용카드',100400,0,to_date('2021/04/12','YYYY/MM/DD'),0,0,'배송완료');
Insert into BOM.ORDERS (IDX,MEMBER_ID,ODATE,RECEIVER_NAME,RECEIVER_PHONE,RECEIVER_ZIPCODE,RECEIVER_ADDR_BASE,RECEIVER_ADDR_DETAIL,RECEIVER_ADDR_EXTRA,SENDER_NAME,PAY_TYPE,PAY_TOTAL,PAY_DELIVERY,PAY_DATE,DISCOUNT_GRADE,DISCOUNT_POINT,STATUS) values (206,'giho@bit.com',to_date('2020/12/19','YYYY/MM/DD'),'이기호','010-4515-5151','24800','강원 속초시 울산바위길 3 (노학동) ','545-2',null,'이기호','신용카드',52400,0,to_date('2021/04/12','YYYY/MM/DD'),0,0,'배송완료');
Insert into BOM.ORDERS (IDX,MEMBER_ID,ODATE,RECEIVER_NAME,RECEIVER_PHONE,RECEIVER_ZIPCODE,RECEIVER_ADDR_BASE,RECEIVER_ADDR_DETAIL,RECEIVER_ADDR_EXTRA,SENDER_NAME,PAY_TYPE,PAY_TOTAL,PAY_DELIVERY,PAY_DATE,DISCOUNT_GRADE,DISCOUNT_POINT,STATUS) values (207,'giho@bit.com',to_date('2020/12/23','YYYY/MM/DD'),'이기호','010-4568-4564','44717','울산 남구 갈밭로 4 (삼산동) ','451-1',null,'이기호','신용카드',57200,0,to_date('2021/04/12','YYYY/MM/DD'),0,0,'배송완료');
Insert into BOM.ORDERS (IDX,MEMBER_ID,ODATE,RECEIVER_NAME,RECEIVER_PHONE,RECEIVER_ZIPCODE,RECEIVER_ADDR_BASE,RECEIVER_ADDR_DETAIL,RECEIVER_ADDR_EXTRA,SENDER_NAME,PAY_TYPE,PAY_TOTAL,PAY_DELIVERY,PAY_DATE,DISCOUNT_GRADE,DISCOUNT_POINT,STATUS) values (208,'giho@bit.com',to_date('2021/01/12','YYYY/MM/DD'),'이기호','010-1561-5646','24800','강원 속초시 울산바위길 3 (노학동) ','151-2',null,'이기호','신용카드',42850,0,to_date('2021/04/12','YYYY/MM/DD'),0,0,'배송완료');
Insert into BOM.ORDERS (IDX,MEMBER_ID,ODATE,RECEIVER_NAME,RECEIVER_PHONE,RECEIVER_ZIPCODE,RECEIVER_ADDR_BASE,RECEIVER_ADDR_DETAIL,RECEIVER_ADDR_EXTRA,SENDER_NAME,PAY_TYPE,PAY_TOTAL,PAY_DELIVERY,PAY_DATE,DISCOUNT_GRADE,DISCOUNT_POINT,STATUS) values (209,'giho@bit.com',to_date('2021/01/13','YYYY/MM/DD'),'이기호','010-4515-1654','24800','강원 속초시 울산바위길 3 (노학동) ','515-2',null,'이기호','신용카드',62850,0,to_date('2021/04/12','YYYY/MM/DD'),0,0,'배송완료');
Insert into BOM.ORDERS (IDX,MEMBER_ID,ODATE,RECEIVER_NAME,RECEIVER_PHONE,RECEIVER_ZIPCODE,RECEIVER_ADDR_BASE,RECEIVER_ADDR_DETAIL,RECEIVER_ADDR_EXTRA,SENDER_NAME,PAY_TYPE,PAY_TOTAL,PAY_DELIVERY,PAY_DATE,DISCOUNT_GRADE,DISCOUNT_POINT,STATUS) values (210,'giho@bit.com',to_date('2021/01/25','YYYY/MM/DD'),'이기호','010-5152-5465','24800','강원 속초시 노학동 1073-66','515-2',null,'이기호','신용카드',68400,0,to_date('2021/04/12','YYYY/MM/DD'),0,0,'배송완료');
Insert into BOM.ORDERS (IDX,MEMBER_ID,ODATE,RECEIVER_NAME,RECEIVER_PHONE,RECEIVER_ZIPCODE,RECEIVER_ADDR_BASE,RECEIVER_ADDR_DETAIL,RECEIVER_ADDR_EXTRA,SENDER_NAME,PAY_TYPE,PAY_TOTAL,PAY_DELIVERY,PAY_DATE,DISCOUNT_GRADE,DISCOUNT_POINT,STATUS) values (212,'daseul@bit.com',to_date('2021/02/12','YYYY/MM/DD'),'주다슬','010-1234-1234','05263','서울 강동구 암사길 1 (암사동) ','13호',null,'주다슬','무통장입금',17800,3000,to_date('2021/04/12','YYYY/MM/DD'),0,0,'배송완료');
Insert into BOM.ORDERS (IDX,MEMBER_ID,ODATE,RECEIVER_NAME,RECEIVER_PHONE,RECEIVER_ZIPCODE,RECEIVER_ADDR_BASE,RECEIVER_ADDR_DETAIL,RECEIVER_ADDR_EXTRA,SENDER_NAME,PAY_TYPE,PAY_TOTAL,PAY_DELIVERY,PAY_DATE,DISCOUNT_GRADE,DISCOUNT_POINT,STATUS) values (225,'dlagksk64@naver.com',to_date('2021/04/12','YYYY/MM/DD'),'임하나','010-1651-4543','46720','부산 강서구 공항앞길 5 (대저2동) ','25-1',null,'임하나','신용카드',32400,0,to_date('2021/04/12','YYYY/MM/DD'),0,0,'배송중');
Insert into BOM.ORDERS (IDX,MEMBER_ID,ODATE,RECEIVER_NAME,RECEIVER_PHONE,RECEIVER_ZIPCODE,RECEIVER_ADDR_BASE,RECEIVER_ADDR_DETAIL,RECEIVER_ADDR_EXTRA,SENDER_NAME,PAY_TYPE,PAY_TOTAL,PAY_DELIVERY,PAY_DATE,DISCOUNT_GRADE,DISCOUNT_POINT,STATUS) values (235,'yuna1880@naver.com',to_date('2021/04/13','YYYY/MM/DD'),'유나','010-5555-3433','22852','인천 서구 로봇랜드로 33 (원창동) ','103동 2401호','현관','권유나','무통장입금',122892,0,to_date('2021/04/13','YYYY/MM/DD'),2508,1,'취소완료');
Insert into BOM.ORDERS (IDX,MEMBER_ID,ODATE,RECEIVER_NAME,RECEIVER_PHONE,RECEIVER_ZIPCODE,RECEIVER_ADDR_BASE,RECEIVER_ADDR_DETAIL,RECEIVER_ADDR_EXTRA,SENDER_NAME,PAY_TYPE,PAY_TOTAL,PAY_DELIVERY,PAY_DATE,DISCOUNT_GRADE,DISCOUNT_POINT,STATUS) values (236,'yuna1880@naver.com',to_date('2021/04/13','YYYY/MM/DD'),'유나','010-5555-3433','22852','인천 서구 로봇랜드로 33 (원창동) ','103동 2401호','현관','권유나','무통장입금',31752,0,to_date('2021/04/13','YYYY/MM/DD'),648,0,'배송완료');
Insert into BOM.ORDERS (IDX,MEMBER_ID,ODATE,RECEIVER_NAME,RECEIVER_PHONE,RECEIVER_ZIPCODE,RECEIVER_ADDR_BASE,RECEIVER_ADDR_DETAIL,RECEIVER_ADDR_EXTRA,SENDER_NAME,PAY_TYPE,PAY_TOTAL,PAY_DELIVERY,PAY_DATE,DISCOUNT_GRADE,DISCOUNT_POINT,STATUS) values (237,'yuna1880@naver.com',to_date('2021/04/13','YYYY/MM/DD'),'유나','010-5555-3433','22852','인천 서구 로봇랜드로 33 (원창동) ','103동 2401호','현관','권유나','신용카드',41552,0,to_date('2021/04/13','YYYY/MM/DD'),848,0,'배송중');
Insert into BOM.ORDERS (IDX,MEMBER_ID,ODATE,RECEIVER_NAME,RECEIVER_PHONE,RECEIVER_ZIPCODE,RECEIVER_ADDR_BASE,RECEIVER_ADDR_DETAIL,RECEIVER_ADDR_EXTRA,SENDER_NAME,PAY_TYPE,PAY_TOTAL,PAY_DELIVERY,PAY_DATE,DISCOUNT_GRADE,DISCOUNT_POINT,STATUS) values (238,'yuna1880@naver.com',to_date('2021/04/13','YYYY/MM/DD'),'유나','010-5555-3433','22852','인천 서구 로봇랜드로 33 (원창동) ','103동 2401호','현관','권유나','신용카드',44796,0,to_date('2021/04/13','YYYY/MM/DD'),914,0,'배송완료');
Insert into BOM.ORDERS (IDX,MEMBER_ID,ODATE,RECEIVER_NAME,RECEIVER_PHONE,RECEIVER_ZIPCODE,RECEIVER_ADDR_BASE,RECEIVER_ADDR_DETAIL,RECEIVER_ADDR_EXTRA,SENDER_NAME,PAY_TYPE,PAY_TOTAL,PAY_DELIVERY,PAY_DATE,DISCOUNT_GRADE,DISCOUNT_POINT,STATUS) values (239,'dlagksk64@naver.com',to_date('2021/04/13','YYYY/MM/DD'),'임하나','010-0000-0000','18148','경기 오산시 부산중앙로 11 (부산동, 오산시티자이 1단지) ','11',null,'임하나','무통장입금',90400,0,to_date('2021/04/13','YYYY/MM/DD'),0,0,'배송중');
Insert into BOM.ORDERS (IDX,MEMBER_ID,ODATE,RECEIVER_NAME,RECEIVER_PHONE,RECEIVER_ZIPCODE,RECEIVER_ADDR_BASE,RECEIVER_ADDR_DETAIL,RECEIVER_ADDR_EXTRA,SENDER_NAME,PAY_TYPE,PAY_TOTAL,PAY_DELIVERY,PAY_DATE,DISCOUNT_GRADE,DISCOUNT_POINT,STATUS) values (97,'yuna1880@naver.com',to_date('2021/02/20','YYYY/MM/DD'),'유나','010-5555-3433','22852','인천 서구 로봇랜드로 33 (원창동) ','103동 2401호','현관','Yuna','무통장입금',105400,0,to_date('2021/04/09','YYYY/MM/DD'),0,0,'배송완료');
Insert into BOM.ORDERS (IDX,MEMBER_ID,ODATE,RECEIVER_NAME,RECEIVER_PHONE,RECEIVER_ZIPCODE,RECEIVER_ADDR_BASE,RECEIVER_ADDR_DETAIL,RECEIVER_ADDR_EXTRA,SENDER_NAME,PAY_TYPE,PAY_TOTAL,PAY_DELIVERY,PAY_DATE,DISCOUNT_GRADE,DISCOUNT_POINT,STATUS) values (98,'yuna1880@naver.com',to_date('2021/02/28','YYYY/MM/DD'),'유나','010-5555-3433','22852','인천 서구 로봇랜드로 33 (원창동) ','103동 2401호','현관','Yuna','무통장입금',199000,0,to_date('2021/04/09','YYYY/MM/DD'),0,0,'취소완료');
Insert into BOM.ORDERS (IDX,MEMBER_ID,ODATE,RECEIVER_NAME,RECEIVER_PHONE,RECEIVER_ZIPCODE,RECEIVER_ADDR_BASE,RECEIVER_ADDR_DETAIL,RECEIVER_ADDR_EXTRA,SENDER_NAME,PAY_TYPE,PAY_TOTAL,PAY_DELIVERY,PAY_DATE,DISCOUNT_GRADE,DISCOUNT_POINT,STATUS) values (120,'test@test.com',to_date('2021/02/27','YYYY/MM/DD'),'유나','010-1234-1234','34672','대전 동구 판암동 497-7','123',null,'Yuna','무통장입금',52400,0,to_date('2021/04/09','YYYY/MM/DD'),0,0,'배송중');
Insert into BOM.ORDERS (IDX,MEMBER_ID,ODATE,RECEIVER_NAME,RECEIVER_PHONE,RECEIVER_ZIPCODE,RECEIVER_ADDR_BASE,RECEIVER_ADDR_DETAIL,RECEIVER_ADDR_EXTRA,SENDER_NAME,PAY_TYPE,PAY_TOTAL,PAY_DELIVERY,PAY_DATE,DISCOUNT_GRADE,DISCOUNT_POINT,STATUS) values (96,'yuna1880@naver.com',to_date('2021/03/01','YYYY/MM/DD'),'유나','010-5555-3433','22852','인천 서구 로봇랜드로 33 (원창동) ','103동 2401호','현관','Yuna','무통장입금',105400,0,to_date('2021/04/09','YYYY/MM/DD'),0,0,'취소완료');
Insert into BOM.ORDERS (IDX,MEMBER_ID,ODATE,RECEIVER_NAME,RECEIVER_PHONE,RECEIVER_ZIPCODE,RECEIVER_ADDR_BASE,RECEIVER_ADDR_DETAIL,RECEIVER_ADDR_EXTRA,SENDER_NAME,PAY_TYPE,PAY_TOTAL,PAY_DELIVERY,PAY_DATE,DISCOUNT_GRADE,DISCOUNT_POINT,STATUS) values (121,'test@test.com',to_date('2021/03/03','YYYY/MM/DD'),'유나','010-1234-1234','34672','대전 동구 판암동 497-7','123',null,'Yuna','무통장입금',11500,3000,to_date('2021/04/09','YYYY/MM/DD'),0,0,'배송중');
Insert into BOM.ORDERS (IDX,MEMBER_ID,ODATE,RECEIVER_NAME,RECEIVER_PHONE,RECEIVER_ZIPCODE,RECEIVER_ADDR_BASE,RECEIVER_ADDR_DETAIL,RECEIVER_ADDR_EXTRA,SENDER_NAME,PAY_TYPE,PAY_TOTAL,PAY_DELIVERY,PAY_DATE,DISCOUNT_GRADE,DISCOUNT_POINT,STATUS) values (158,'hena@bit.com',to_date('2021/03/04','YYYY/MM/DD'),'송지연','010-5454-8787','05744','서울 송파구 거마로7길 1-19 (거여동) ','202호',null,'해나','무통장입금',15500,3000,to_date('2021/04/10','YYYY/MM/DD'),0,0,'배송완료');
Insert into BOM.ORDERS (IDX,MEMBER_ID,ODATE,RECEIVER_NAME,RECEIVER_PHONE,RECEIVER_ZIPCODE,RECEIVER_ADDR_BASE,RECEIVER_ADDR_DETAIL,RECEIVER_ADDR_EXTRA,SENDER_NAME,PAY_TYPE,PAY_TOTAL,PAY_DELIVERY,PAY_DATE,DISCOUNT_GRADE,DISCOUNT_POINT,STATUS) values (161,'hena@bit.com',to_date('2021/03/05','YYYY/MM/DD'),'송지연','010-5454-8787','05744','서울 송파구 거마로7길 1-19 (거여동) ','202호',null,'Hena','무통장입금',11500,3000,to_date('2021/04/10','YYYY/MM/DD'),0,0,'배송완료');
Insert into BOM.ORDERS (IDX,MEMBER_ID,ODATE,RECEIVER_NAME,RECEIVER_PHONE,RECEIVER_ZIPCODE,RECEIVER_ADDR_BASE,RECEIVER_ADDR_DETAIL,RECEIVER_ADDR_EXTRA,SENDER_NAME,PAY_TYPE,PAY_TOTAL,PAY_DELIVERY,PAY_DATE,DISCOUNT_GRADE,DISCOUNT_POINT,STATUS) values (176,'yuna1880@naver.com',to_date('2021/03/05','YYYY/MM/DD'),'유나','010-5555-3433','22852','인천 서구 로봇랜드로 33 (원창동) ','103동 2401호','현관','테스트','무통장입금',61152,0,to_date('2021/04/11','YYYY/MM/DD'),1248,0,'배송중');
Insert into BOM.ORDERS (IDX,MEMBER_ID,ODATE,RECEIVER_NAME,RECEIVER_PHONE,RECEIVER_ZIPCODE,RECEIVER_ADDR_BASE,RECEIVER_ADDR_DETAIL,RECEIVER_ADDR_EXTRA,SENDER_NAME,PAY_TYPE,PAY_TOTAL,PAY_DELIVERY,PAY_DATE,DISCOUNT_GRADE,DISCOUNT_POINT,STATUS) values (177,'yuna1880@naver.com',to_date('2021/03/07','YYYY/MM/DD'),'유나','010-5555-3433','22852','인천 서구 로봇랜드로 33 (원창동) ','103동 2401호','현관','테스트','무통장입금',61152,0,to_date('2021/04/11','YYYY/MM/DD'),1248,0,'배송중');
Insert into BOM.ORDERS (IDX,MEMBER_ID,ODATE,RECEIVER_NAME,RECEIVER_PHONE,RECEIVER_ZIPCODE,RECEIVER_ADDR_BASE,RECEIVER_ADDR_DETAIL,RECEIVER_ADDR_EXTRA,SENDER_NAME,PAY_TYPE,PAY_TOTAL,PAY_DELIVERY,PAY_DATE,DISCOUNT_GRADE,DISCOUNT_POINT,STATUS) values (184,'dlagksk64@naver.com',to_date('2021/03/09','YYYY/MM/DD'),'임하나','010-3098-8065','48719','부산 동구 범일동 1491-13','주택',null,'임하나','신용카드',32400,0,to_date('2021/04/12','YYYY/MM/DD'),0,0,'배송완료');
Insert into BOM.ORDERS (IDX,MEMBER_ID,ODATE,RECEIVER_NAME,RECEIVER_PHONE,RECEIVER_ZIPCODE,RECEIVER_ADDR_BASE,RECEIVER_ADDR_DETAIL,RECEIVER_ADDR_EXTRA,SENDER_NAME,PAY_TYPE,PAY_TOTAL,PAY_DELIVERY,PAY_DATE,DISCOUNT_GRADE,DISCOUNT_POINT,STATUS) values (185,'dlagksk64@naver.com',to_date('2021/03/11','YYYY/MM/DD'),'임하나','010-3098-8065','48719','부산 동구 범일동 1491-13','주택',null,'임하나','신용카드',80200,0,to_date('2021/04/12','YYYY/MM/DD'),0,0,'배송완료');
Insert into BOM.ORDERS (IDX,MEMBER_ID,ODATE,RECEIVER_NAME,RECEIVER_PHONE,RECEIVER_ZIPCODE,RECEIVER_ADDR_BASE,RECEIVER_ADDR_DETAIL,RECEIVER_ADDR_EXTRA,SENDER_NAME,PAY_TYPE,PAY_TOTAL,PAY_DELIVERY,PAY_DATE,DISCOUNT_GRADE,DISCOUNT_POINT,STATUS) values (190,'dlagksk64@naver.com',to_date('2021/03/12','YYYY/MM/DD'),'임하나','010-3098-8065','48719','부산 동구 범일동 1491-13','주택',null,'임하나','신용카드',25500,3000,to_date('2021/04/12','YYYY/MM/DD'),0,0,'배송완료');
Insert into BOM.ORDERS (IDX,MEMBER_ID,ODATE,RECEIVER_NAME,RECEIVER_PHONE,RECEIVER_ZIPCODE,RECEIVER_ADDR_BASE,RECEIVER_ADDR_DETAIL,RECEIVER_ADDR_EXTRA,SENDER_NAME,PAY_TYPE,PAY_TOTAL,PAY_DELIVERY,PAY_DATE,DISCOUNT_GRADE,DISCOUNT_POINT,STATUS) values (196,'sld564321@gmail.com',to_date('2021/03/15','YYYY/MM/DD'),'이다솜','010-1234-1234','06027','서울 강남구 압구정로 102 (신사동, 형지제2빌딩) ','12호',null,'이다솜','무통장입금',19954,3000,to_date('2021/04/12','YYYY/MM/DD'),346,2000,'배송완료');
Insert into BOM.ORDERS (IDX,MEMBER_ID,ODATE,RECEIVER_NAME,RECEIVER_PHONE,RECEIVER_ZIPCODE,RECEIVER_ADDR_BASE,RECEIVER_ADDR_DETAIL,RECEIVER_ADDR_EXTRA,SENDER_NAME,PAY_TYPE,PAY_TOTAL,PAY_DELIVERY,PAY_DATE,DISCOUNT_GRADE,DISCOUNT_POINT,STATUS) values (202,'yoonchang@bit.com',to_date('2021/03/17','YYYY/MM/DD'),'남윤창','010-8451-1512','06779','서울 서초구 강남대로 48-3 (양재동) ','주택',null,'남윤창','신용카드',20300,3000,to_date('2021/04/12','YYYY/MM/DD'),0,0,'배송완료');
Insert into BOM.ORDERS (IDX,MEMBER_ID,ODATE,RECEIVER_NAME,RECEIVER_PHONE,RECEIVER_ZIPCODE,RECEIVER_ADDR_BASE,RECEIVER_ADDR_DETAIL,RECEIVER_ADDR_EXTRA,SENDER_NAME,PAY_TYPE,PAY_TOTAL,PAY_DELIVERY,PAY_DATE,DISCOUNT_GRADE,DISCOUNT_POINT,STATUS) values (213,'sanghee@bit.com',to_date('2021/03/12','YYYY/MM/DD'),'이상희','010-5555-4444','06110','서울 강남구 학동로 지하 102 (논현동, 논현역) ','103동 293호',null,'이상희','신용카드',262400,0,to_date('2021/04/12','YYYY/MM/DD'),0,0,'배송완료');
Insert into BOM.ORDERS (IDX,MEMBER_ID,ODATE,RECEIVER_NAME,RECEIVER_PHONE,RECEIVER_ZIPCODE,RECEIVER_ADDR_BASE,RECEIVER_ADDR_DETAIL,RECEIVER_ADDR_EXTRA,SENDER_NAME,PAY_TYPE,PAY_TOTAL,PAY_DELIVERY,PAY_DATE,DISCOUNT_GRADE,DISCOUNT_POINT,STATUS) values (215,'sanghee@bit.com',to_date('2021/03/01','YYYY/MM/DD'),'이상희','010-5555-4444','06110','서울 강남구 학동로 지하 102 (논현동, 논현역) ','103동 293호',null,'이상희','신용카드',137000,0,to_date('2021/04/12','YYYY/MM/DD'),0,0,'배송완료');
Insert into BOM.ORDERS (IDX,MEMBER_ID,ODATE,RECEIVER_NAME,RECEIVER_PHONE,RECEIVER_ZIPCODE,RECEIVER_ADDR_BASE,RECEIVER_ADDR_DETAIL,RECEIVER_ADDR_EXTRA,SENDER_NAME,PAY_TYPE,PAY_TOTAL,PAY_DELIVERY,PAY_DATE,DISCOUNT_GRADE,DISCOUNT_POINT,STATUS) values (216,'yoonhee@bit.com',to_date('2021/04/12','YYYY/MM/DD'),'원윤희','010-3424-1211','06313','서울 강남구 양재대로 339 (개포동) ','103동 212호',null,'원윤희','신용카드',103800,0,to_date('2021/04/12','YYYY/MM/DD'),0,0,'배송완료');
Insert into BOM.ORDERS (IDX,MEMBER_ID,ODATE,RECEIVER_NAME,RECEIVER_PHONE,RECEIVER_ZIPCODE,RECEIVER_ADDR_BASE,RECEIVER_ADDR_DETAIL,RECEIVER_ADDR_EXTRA,SENDER_NAME,PAY_TYPE,PAY_TOTAL,PAY_DELIVERY,PAY_DATE,DISCOUNT_GRADE,DISCOUNT_POINT,STATUS) values (217,'yoonhee@bit.com',to_date('2021/04/12','YYYY/MM/DD'),'원윤희','010-4535-2342','06027','서울 강남구 압구정로 102 (신사동, 형지제2빌딩) ','안녕안녕','안녕','원윤희','신용카드',334700,0,to_date('2021/04/12','YYYY/MM/DD'),0,0,'배송완료');
Insert into BOM.ORDERS (IDX,MEMBER_ID,ODATE,RECEIVER_NAME,RECEIVER_PHONE,RECEIVER_ZIPCODE,RECEIVER_ADDR_BASE,RECEIVER_ADDR_DETAIL,RECEIVER_ADDR_EXTRA,SENDER_NAME,PAY_TYPE,PAY_TOTAL,PAY_DELIVERY,PAY_DATE,DISCOUNT_GRADE,DISCOUNT_POINT,STATUS) values (226,'yuna1880@naver.com',to_date('2021/04/12','YYYY/MM/DD'),'유나','010-5555-3433','22852','인천 서구 로봇랜드로 33 (원창동) ','103동 2401호','현관','권유나','신용카드',61152,0,to_date('2021/04/12','YYYY/MM/DD'),1248,0,'배송완료');
Insert into BOM.ORDERS (IDX,MEMBER_ID,ODATE,RECEIVER_NAME,RECEIVER_PHONE,RECEIVER_ZIPCODE,RECEIVER_ADDR_BASE,RECEIVER_ADDR_DETAIL,RECEIVER_ADDR_EXTRA,SENDER_NAME,PAY_TYPE,PAY_TOTAL,PAY_DELIVERY,PAY_DATE,DISCOUNT_GRADE,DISCOUNT_POINT,STATUS) values (227,'yuna1880@naver.com',to_date('2021/04/12','YYYY/MM/DD'),'유나','010-5555-3433','22852','인천 서구 로봇랜드로 33 (원창동) ','103동 2401호','현관','권유나','신용카드',41552,0,to_date('2021/04/12','YYYY/MM/DD'),848,0,'배송완료');
Insert into BOM.ORDERS (IDX,MEMBER_ID,ODATE,RECEIVER_NAME,RECEIVER_PHONE,RECEIVER_ZIPCODE,RECEIVER_ADDR_BASE,RECEIVER_ADDR_DETAIL,RECEIVER_ADDR_EXTRA,SENDER_NAME,PAY_TYPE,PAY_TOTAL,PAY_DELIVERY,PAY_DATE,DISCOUNT_GRADE,DISCOUNT_POINT,STATUS) values (59,'yuna1880@naver.com',to_date('2021/03/18','YYYY/MM/DD'),'유나','010-4535-2342','06267','서울 강남구 강남대로 238-2 (도곡동, 가로판매) ','1동','1호','Yuna','무통장입금',110400,0,to_date('2021/04/08','YYYY/MM/DD'),0,500,'배송완료');
Insert into BOM.ORDERS (IDX,MEMBER_ID,ODATE,RECEIVER_NAME,RECEIVER_PHONE,RECEIVER_ZIPCODE,RECEIVER_ADDR_BASE,RECEIVER_ADDR_DETAIL,RECEIVER_ADDR_EXTRA,SENDER_NAME,PAY_TYPE,PAY_TOTAL,PAY_DELIVERY,PAY_DATE,DISCOUNT_GRADE,DISCOUNT_POINT,STATUS) values (62,'yuna1880@naver.com',to_date('2021/03/20','YYYY/MM/DD'),'유나','010-5555-6666','06337','서울 강남구 일원로 지하 2 (일원동, 대청역) ','ㅇㄹㄴㅇㄹㄴㅇ','ㅇㄴㄹㄴㅇㄹㄴ','Yuna','무통장입금',95850,0,to_date('2021/04/08','YYYY/MM/DD'),0,500,'배송완료');
Insert into BOM.ORDERS (IDX,MEMBER_ID,ODATE,RECEIVER_NAME,RECEIVER_PHONE,RECEIVER_ZIPCODE,RECEIVER_ADDR_BASE,RECEIVER_ADDR_DETAIL,RECEIVER_ADDR_EXTRA,SENDER_NAME,PAY_TYPE,PAY_TOTAL,PAY_DELIVERY,PAY_DATE,DISCOUNT_GRADE,DISCOUNT_POINT,STATUS) values (166,'hena@bit.com',to_date('2021/03/22','YYYY/MM/DD'),'송지연','010-5454-8787','05744','서울 송파구 거마로7길 1-19 (거여동) ','202호',null,'Yuna','무통장입금',61152,0,to_date('2021/04/10','YYYY/MM/DD'),1248,0,'배송중');
Insert into BOM.ORDERS (IDX,MEMBER_ID,ODATE,RECEIVER_NAME,RECEIVER_PHONE,RECEIVER_ZIPCODE,RECEIVER_ADDR_BASE,RECEIVER_ADDR_DETAIL,RECEIVER_ADDR_EXTRA,SENDER_NAME,PAY_TYPE,PAY_TOTAL,PAY_DELIVERY,PAY_DATE,DISCOUNT_GRADE,DISCOUNT_POINT,STATUS) values (84,'yuna1880@naver.com',to_date('2021/03/21','YYYY/MM/DD'),'유나','010-5555-3433','22852','인천 서구 로봇랜드로 33 (원창동) ','103동 2401호','현관','Yuna','무통장입금',110400,0,to_date('2021/04/08','YYYY/MM/DD'),0,0,'배송완료');
Insert into BOM.ORDERS (IDX,MEMBER_ID,ODATE,RECEIVER_NAME,RECEIVER_PHONE,RECEIVER_ZIPCODE,RECEIVER_ADDR_BASE,RECEIVER_ADDR_DETAIL,RECEIVER_ADDR_EXTRA,SENDER_NAME,PAY_TYPE,PAY_TOTAL,PAY_DELIVERY,PAY_DATE,DISCOUNT_GRADE,DISCOUNT_POINT,STATUS) values (101,'yuna1880@naver.com',to_date('2021/03/24','YYYY/MM/DD'),'유나','010-5555-3433','22852','인천 서구 로봇랜드로 33 (원창동) ','103동 2401호','현관','Yuna','무통장입금',87700,0,to_date('2021/04/09','YYYY/MM/DD'),0,500,'배송완료');
Insert into BOM.ORDERS (IDX,MEMBER_ID,ODATE,RECEIVER_NAME,RECEIVER_PHONE,RECEIVER_ZIPCODE,RECEIVER_ADDR_BASE,RECEIVER_ADDR_DETAIL,RECEIVER_ADDR_EXTRA,SENDER_NAME,PAY_TYPE,PAY_TOTAL,PAY_DELIVERY,PAY_DATE,DISCOUNT_GRADE,DISCOUNT_POINT,STATUS) values (105,'yuna1880@naver.com',to_date('2021/03/30','YYYY/MM/DD'),'유나','010-5555-3433','22852','인천 서구 로봇랜드로 33 (원창동) ','103동 2401호','현관','Yuna','신용카드',100400,0,to_date('2021/04/09','YYYY/MM/DD'),0,0,'배송완료');
Insert into BOM.ORDERS (IDX,MEMBER_ID,ODATE,RECEIVER_NAME,RECEIVER_PHONE,RECEIVER_ZIPCODE,RECEIVER_ADDR_BASE,RECEIVER_ADDR_DETAIL,RECEIVER_ADDR_EXTRA,SENDER_NAME,PAY_TYPE,PAY_TOTAL,PAY_DELIVERY,PAY_DATE,DISCOUNT_GRADE,DISCOUNT_POINT,STATUS) values (107,'yuna1880@naver.com',to_date('2021/03/31','YYYY/MM/DD'),'유나','010-5555-3433','22852','인천 서구 로봇랜드로 33 (원창동) ','103동 2401호','현관','Yuna','신용카드',105400,0,to_date('2021/04/09','YYYY/MM/DD'),0,0,'취소완료');
Insert into BOM.ORDERS (IDX,MEMBER_ID,ODATE,RECEIVER_NAME,RECEIVER_PHONE,RECEIVER_ZIPCODE,RECEIVER_ADDR_BASE,RECEIVER_ADDR_DETAIL,RECEIVER_ADDR_EXTRA,SENDER_NAME,PAY_TYPE,PAY_TOTAL,PAY_DELIVERY,PAY_DATE,DISCOUNT_GRADE,DISCOUNT_POINT,STATUS) values (108,'yuna1880@naver.com',to_date('2021/03/28','YYYY/MM/DD'),'유나','010-5555-3433','22852','인천 서구 로봇랜드로 33 (원창동) ','103동 2401호','현관','Yuna','신용카드(직접입력)',80200,0,to_date('2021/04/09','YYYY/MM/DD'),0,0,'배송완료');
Insert into BOM.ORDERS (IDX,MEMBER_ID,ODATE,RECEIVER_NAME,RECEIVER_PHONE,RECEIVER_ZIPCODE,RECEIVER_ADDR_BASE,RECEIVER_ADDR_DETAIL,RECEIVER_ADDR_EXTRA,SENDER_NAME,PAY_TYPE,PAY_TOTAL,PAY_DELIVERY,PAY_DATE,DISCOUNT_GRADE,DISCOUNT_POINT,STATUS) values (119,'test@test.com',to_date('2021/04/09','YYYY/MM/DD'),'유나','010-1234-1234','34672','대전 동구 판암동 497-7','123',null,'Yuna','무통장입금',32200,0,to_date('2021/04/09','YYYY/MM/DD'),0,0,'배송중');
Insert into BOM.ORDERS (IDX,MEMBER_ID,ODATE,RECEIVER_NAME,RECEIVER_PHONE,RECEIVER_ZIPCODE,RECEIVER_ADDR_BASE,RECEIVER_ADDR_DETAIL,RECEIVER_ADDR_EXTRA,SENDER_NAME,PAY_TYPE,PAY_TOTAL,PAY_DELIVERY,PAY_DATE,DISCOUNT_GRADE,DISCOUNT_POINT,STATUS) values (125,'hena@bit.com',to_date('2021/04/09','YYYY/MM/DD'),'송지연','010-5454-8787','05744','서울 송파구 거마로7길 1-19 (거여동) ','202호',null,'송해나','무통장입금',50500,0,to_date('2021/04/09','YYYY/MM/DD'),0,0,'배송중');
Insert into BOM.ORDERS (IDX,MEMBER_ID,ODATE,RECEIVER_NAME,RECEIVER_PHONE,RECEIVER_ZIPCODE,RECEIVER_ADDR_BASE,RECEIVER_ADDR_DETAIL,RECEIVER_ADDR_EXTRA,SENDER_NAME,PAY_TYPE,PAY_TOTAL,PAY_DELIVERY,PAY_DATE,DISCOUNT_GRADE,DISCOUNT_POINT,STATUS) values (167,'hena@bit.com',to_date('2021/04/10','YYYY/MM/DD'),'송지연','010-5454-8787','05744','서울 송파구 거마로7길 1-19 (거여동) ','202호',null,'Yuna','신용카드(직접입력)',61152,0,to_date('2021/04/10','YYYY/MM/DD'),1248,0,'취소완료');
Insert into BOM.ORDERS (IDX,MEMBER_ID,ODATE,RECEIVER_NAME,RECEIVER_PHONE,RECEIVER_ZIPCODE,RECEIVER_ADDR_BASE,RECEIVER_ADDR_DETAIL,RECEIVER_ADDR_EXTRA,SENDER_NAME,PAY_TYPE,PAY_TOTAL,PAY_DELIVERY,PAY_DATE,DISCOUNT_GRADE,DISCOUNT_POINT,STATUS) values (168,'hena@bit.com',to_date('2021/04/10','YYYY/MM/DD'),'송지연','010-5454-8787','05744','서울 송파구 거마로7길 1-19 (거여동) ','202호',null,'Yuna','무통장입금',61152,0,to_date('2021/04/10','YYYY/MM/DD'),1248,0,'배송중');
Insert into BOM.ORDERS (IDX,MEMBER_ID,ODATE,RECEIVER_NAME,RECEIVER_PHONE,RECEIVER_ZIPCODE,RECEIVER_ADDR_BASE,RECEIVER_ADDR_DETAIL,RECEIVER_ADDR_EXTRA,SENDER_NAME,PAY_TYPE,PAY_TOTAL,PAY_DELIVERY,PAY_DATE,DISCOUNT_GRADE,DISCOUNT_POINT,STATUS) values (169,'hena@bit.com',to_date('2021/04/10','YYYY/MM/DD'),'송지연','010-5454-8787','05744','서울 송파구 거마로7길 1-19 (거여동) ','202호',null,'Yuna','무통장입금',51352,0,to_date('2021/04/10','YYYY/MM/DD'),1048,0,'배송완료');
Insert into BOM.ORDERS (IDX,MEMBER_ID,ODATE,RECEIVER_NAME,RECEIVER_PHONE,RECEIVER_ZIPCODE,RECEIVER_ADDR_BASE,RECEIVER_ADDR_DETAIL,RECEIVER_ADDR_EXTRA,SENDER_NAME,PAY_TYPE,PAY_TOTAL,PAY_DELIVERY,PAY_DATE,DISCOUNT_GRADE,DISCOUNT_POINT,STATUS) values (170,'hena@bit.com',to_date('2021/04/10','YYYY/MM/DD'),'송지연','010-5454-8787','05744','서울 송파구 거마로7길 1-19 (거여동) ','202호',null,'Yuna','무통장입금',31556,0,to_date('2021/04/10','YYYY/MM/DD'),644,0,'취소완료');
Insert into BOM.ORDERS (IDX,MEMBER_ID,ODATE,RECEIVER_NAME,RECEIVER_PHONE,RECEIVER_ZIPCODE,RECEIVER_ADDR_BASE,RECEIVER_ADDR_DETAIL,RECEIVER_ADDR_EXTRA,SENDER_NAME,PAY_TYPE,PAY_TOTAL,PAY_DELIVERY,PAY_DATE,DISCOUNT_GRADE,DISCOUNT_POINT,STATUS) values (171,'hena@bit.com',to_date('2021/04/10','YYYY/MM/DD'),'송지연','010-5454-8787','05744','서울 송파구 거마로7길 1-19 (거여동) ','202호',null,'Yuna','무통장입금',51352,0,to_date('2021/04/10','YYYY/MM/DD'),1048,500,'배송중');
Insert into BOM.ORDERS (IDX,MEMBER_ID,ODATE,RECEIVER_NAME,RECEIVER_PHONE,RECEIVER_ZIPCODE,RECEIVER_ADDR_BASE,RECEIVER_ADDR_DETAIL,RECEIVER_ADDR_EXTRA,SENDER_NAME,PAY_TYPE,PAY_TOTAL,PAY_DELIVERY,PAY_DATE,DISCOUNT_GRADE,DISCOUNT_POINT,STATUS) values (173,'yuna1880@naver.com',to_date('2021/04/11','YYYY/MM/DD'),'유나','010-5555-3433','22852','인천 서구 로봇랜드로 33 (원창동) ','103동 2401호','현관',null,'신용카드(직접입력)',108192,0,to_date('2021/04/11','YYYY/MM/DD'),2208,0,'배송중');
Insert into BOM.ORDERS (IDX,MEMBER_ID,ODATE,RECEIVER_NAME,RECEIVER_PHONE,RECEIVER_ZIPCODE,RECEIVER_ADDR_BASE,RECEIVER_ADDR_DETAIL,RECEIVER_ADDR_EXTRA,SENDER_NAME,PAY_TYPE,PAY_TOTAL,PAY_DELIVERY,PAY_DATE,DISCOUNT_GRADE,DISCOUNT_POINT,STATUS) values (174,'yuna1880@naver.com',to_date('2021/04/11','YYYY/MM/DD'),'유나','010-5555-3433','22852','인천 서구 로봇랜드로 33 (원창동) ','103동 2401호','현관','테스트','신용카드(직접입력)',41356,0,to_date('2021/04/11','YYYY/MM/DD'),844,0,'배송완료');
Insert into BOM.ORDERS (IDX,MEMBER_ID,ODATE,RECEIVER_NAME,RECEIVER_PHONE,RECEIVER_ZIPCODE,RECEIVER_ADDR_BASE,RECEIVER_ADDR_DETAIL,RECEIVER_ADDR_EXTRA,SENDER_NAME,PAY_TYPE,PAY_TOTAL,PAY_DELIVERY,PAY_DATE,DISCOUNT_GRADE,DISCOUNT_POINT,STATUS) values (175,'yuna1880@naver.com',to_date('2021/04/11','YYYY/MM/DD'),'유나','010-5555-3433','22852','인천 서구 로봇랜드로 33 (원창동) ','103동 2401호','현관','테스트','신용카드(직접입력)',41356,0,to_date('2021/04/11','YYYY/MM/DD'),844,0,'취소완료');
Insert into BOM.ORDERS (IDX,MEMBER_ID,ODATE,RECEIVER_NAME,RECEIVER_PHONE,RECEIVER_ZIPCODE,RECEIVER_ADDR_BASE,RECEIVER_ADDR_DETAIL,RECEIVER_ADDR_EXTRA,SENDER_NAME,PAY_TYPE,PAY_TOTAL,PAY_DELIVERY,PAY_DATE,DISCOUNT_GRADE,DISCOUNT_POINT,STATUS) values (178,'yuna1880@naver.com',to_date('2021/04/11','YYYY/MM/DD'),'유나','010-5555-3433','22852','인천 서구 로봇랜드로 33 (원창동) ','103동 2401호','현관','테스트','무통장입금',31752,0,to_date('2021/04/11','YYYY/MM/DD'),648,0,'배송중');
Insert into BOM.ORDERS (IDX,MEMBER_ID,ODATE,RECEIVER_NAME,RECEIVER_PHONE,RECEIVER_ZIPCODE,RECEIVER_ADDR_BASE,RECEIVER_ADDR_DETAIL,RECEIVER_ADDR_EXTRA,SENDER_NAME,PAY_TYPE,PAY_TOTAL,PAY_DELIVERY,PAY_DATE,DISCOUNT_GRADE,DISCOUNT_POINT,STATUS) values (179,'yuna1880@naver.com',to_date('2021/04/11','YYYY/MM/DD'),'유나','010-5555-3433','22852','인천 서구 로봇랜드로 33 (원창동) ','103동 2401호','현관','테스트','무통장입금',31752,0,to_date('2021/04/11','YYYY/MM/DD'),648,0,'배송중');
Insert into BOM.ORDERS (IDX,MEMBER_ID,ODATE,RECEIVER_NAME,RECEIVER_PHONE,RECEIVER_ZIPCODE,RECEIVER_ADDR_BASE,RECEIVER_ADDR_DETAIL,RECEIVER_ADDR_EXTRA,SENDER_NAME,PAY_TYPE,PAY_TOTAL,PAY_DELIVERY,PAY_DATE,DISCOUNT_GRADE,DISCOUNT_POINT,STATUS) values (182,'yuna1880@naver.com',to_date('2021/04/11','YYYY/MM/DD'),'유나','010-5555-3433','22852','인천 서구 로봇랜드로 33 (원창동) ','103동 2401호','현관','권유나','무통장입금',78792,0,to_date('2021/04/11','YYYY/MM/DD'),1608,0,'취소완료');
Insert into BOM.ORDERS (IDX,MEMBER_ID,ODATE,RECEIVER_NAME,RECEIVER_PHONE,RECEIVER_ZIPCODE,RECEIVER_ADDR_BASE,RECEIVER_ADDR_DETAIL,RECEIVER_ADDR_EXTRA,SENDER_NAME,PAY_TYPE,PAY_TOTAL,PAY_DELIVERY,PAY_DATE,DISCOUNT_GRADE,DISCOUNT_POINT,STATUS) values (183,'yuna1880@naver.com',to_date('2021/04/11','YYYY/MM/DD'),'유나','010-5555-3433','22852','인천 서구 로봇랜드로 33 (원창동) ','103동 2401호','현관','권유나','간편결제',31752,0,to_date('2021/04/11','YYYY/MM/DD'),648,500,'배송완료');
Insert into BOM.ORDERS (IDX,MEMBER_ID,ODATE,RECEIVER_NAME,RECEIVER_PHONE,RECEIVER_ZIPCODE,RECEIVER_ADDR_BASE,RECEIVER_ADDR_DETAIL,RECEIVER_ADDR_EXTRA,SENDER_NAME,PAY_TYPE,PAY_TOTAL,PAY_DELIVERY,PAY_DATE,DISCOUNT_GRADE,DISCOUNT_POINT,STATUS) values (186,'dlagksk64@naver.com',to_date('2021/04/12','YYYY/MM/DD'),'임하나','010-3098-8065','48719','부산 동구 범일동 1491-13','주택',null,'임하나','신용카드',57400,0,to_date('2021/04/12','YYYY/MM/DD'),0,0,'배송완료');
Insert into BOM.ORDERS (IDX,MEMBER_ID,ODATE,RECEIVER_NAME,RECEIVER_PHONE,RECEIVER_ZIPCODE,RECEIVER_ADDR_BASE,RECEIVER_ADDR_DETAIL,RECEIVER_ADDR_EXTRA,SENDER_NAME,PAY_TYPE,PAY_TOTAL,PAY_DELIVERY,PAY_DATE,DISCOUNT_GRADE,DISCOUNT_POINT,STATUS) values (187,'dlagksk64@naver.com',to_date('2021/04/12','YYYY/MM/DD'),'임하나','010-3098-8065','48719','부산 동구 범일동 1491-13','주택',null,'임하나','신용카드',52400,0,to_date('2021/04/12','YYYY/MM/DD'),0,0,'배송완료');
Insert into BOM.ORDERS (IDX,MEMBER_ID,ODATE,RECEIVER_NAME,RECEIVER_PHONE,RECEIVER_ZIPCODE,RECEIVER_ADDR_BASE,RECEIVER_ADDR_DETAIL,RECEIVER_ADDR_EXTRA,SENDER_NAME,PAY_TYPE,PAY_TOTAL,PAY_DELIVERY,PAY_DATE,DISCOUNT_GRADE,DISCOUNT_POINT,STATUS) values (188,'dlagksk64@naver.com',to_date('2021/04/12','YYYY/MM/DD'),'임하나','010-3098-8065','48719','부산 동구 범일동 1491-13','주택',null,'임하나','신용카드',42400,0,to_date('2021/04/12','YYYY/MM/DD'),0,0,'배송중');
Insert into BOM.ORDERS (IDX,MEMBER_ID,ODATE,RECEIVER_NAME,RECEIVER_PHONE,RECEIVER_ZIPCODE,RECEIVER_ADDR_BASE,RECEIVER_ADDR_DETAIL,RECEIVER_ADDR_EXTRA,SENDER_NAME,PAY_TYPE,PAY_TOTAL,PAY_DELIVERY,PAY_DATE,DISCOUNT_GRADE,DISCOUNT_POINT,STATUS) values (189,'dlagksk64@naver.com',to_date('2021/04/12','YYYY/MM/DD'),'임하나','010-3098-8065','48719','부산 동구 범일동 1491-13','주택',null,'임하나','신용카드',20300,3000,to_date('2021/04/12','YYYY/MM/DD'),0,0,'배송완료');
Insert into BOM.ORDERS (IDX,MEMBER_ID,ODATE,RECEIVER_NAME,RECEIVER_PHONE,RECEIVER_ZIPCODE,RECEIVER_ADDR_BASE,RECEIVER_ADDR_DETAIL,RECEIVER_ADDR_EXTRA,SENDER_NAME,PAY_TYPE,PAY_TOTAL,PAY_DELIVERY,PAY_DATE,DISCOUNT_GRADE,DISCOUNT_POINT,STATUS) values (203,'jinyoung@bit.com',to_date('2020/11/03','YYYY/MM/DD'),'신진영','010-1234-1234','05237','서울 강동구 암사동 445-15','13호',null,'신진영','무통장입금',17800,3000,to_date('2021/04/12','YYYY/MM/DD'),0,0,'배송완료');
Insert into BOM.ORDERS (IDX,MEMBER_ID,ODATE,RECEIVER_NAME,RECEIVER_PHONE,RECEIVER_ZIPCODE,RECEIVER_ADDR_BASE,RECEIVER_ADDR_DETAIL,RECEIVER_ADDR_EXTRA,SENDER_NAME,PAY_TYPE,PAY_TOTAL,PAY_DELIVERY,PAY_DATE,DISCOUNT_GRADE,DISCOUNT_POINT,STATUS) values (204,'yidamyeong@gmail.com',to_date('2020/11/10','YYYY/MM/DD'),'이담영','010-1234-1234','07529','서울 강서구 가양동 1458-10','13호',null,'이담영','무통장입금',17800,3000,to_date('2021/04/12','YYYY/MM/DD'),0,0,'배송완료');
Insert into BOM.ORDERS (IDX,MEMBER_ID,ODATE,RECEIVER_NAME,RECEIVER_PHONE,RECEIVER_ZIPCODE,RECEIVER_ADDR_BASE,RECEIVER_ADDR_DETAIL,RECEIVER_ADDR_EXTRA,SENDER_NAME,PAY_TYPE,PAY_TOTAL,PAY_DELIVERY,PAY_DATE,DISCOUNT_GRADE,DISCOUNT_POINT,STATUS) values (229,'giho@bit.com',to_date('2021/04/12','YYYY/MM/DD'),'이기호','010-1234-4455','08807','서울 관악구 남현동 602-10','204호',null,'이기호','신용카드',52400,0,to_date('2021/04/12','YYYY/MM/DD'),0,0,'배송완료');
Insert into BOM.ORDERS (IDX,MEMBER_ID,ODATE,RECEIVER_NAME,RECEIVER_PHONE,RECEIVER_ZIPCODE,RECEIVER_ADDR_BASE,RECEIVER_ADDR_DETAIL,RECEIVER_ADDR_EXTRA,SENDER_NAME,PAY_TYPE,PAY_TOTAL,PAY_DELIVERY,PAY_DATE,DISCOUNT_GRADE,DISCOUNT_POINT,STATUS) values (230,'yuna1880@naver.com',to_date('2021/04/12','YYYY/MM/DD'),'유나','010-5555-3433','22852','인천 서구 로봇랜드로 33 (원창동) ','103동 2401호','현관','권유나','무통장입금',42532,0,to_date('2021/04/12','YYYY/MM/DD'),868,3000,'취소완료');
Insert into BOM.ORDERS (IDX,MEMBER_ID,ODATE,RECEIVER_NAME,RECEIVER_PHONE,RECEIVER_ZIPCODE,RECEIVER_ADDR_BASE,RECEIVER_ADDR_DETAIL,RECEIVER_ADDR_EXTRA,SENDER_NAME,PAY_TYPE,PAY_TOTAL,PAY_DELIVERY,PAY_DATE,DISCOUNT_GRADE,DISCOUNT_POINT,STATUS) values (231,'hena@bit.com',to_date('2021/04/12','YYYY/MM/DD'),'송지연','010-5454-8787','05744','서울 송파구 거마로7길 1-19 (거여동) ','202호',null,'송해나','신용카드',238924,0,to_date('2021/04/12','YYYY/MM/DD'),4876,0,'배송중');
Insert into BOM.ORDERS (IDX,MEMBER_ID,ODATE,RECEIVER_NAME,RECEIVER_PHONE,RECEIVER_ZIPCODE,RECEIVER_ADDR_BASE,RECEIVER_ADDR_DETAIL,RECEIVER_ADDR_EXTRA,SENDER_NAME,PAY_TYPE,PAY_TOTAL,PAY_DELIVERY,PAY_DATE,DISCOUNT_GRADE,DISCOUNT_POINT,STATUS) values (126,'yuna1880@naver.com',to_date('2021/04/10','YYYY/MM/DD'),'유나','010-5555-3433','22852','인천 서구 로봇랜드로 33 (원창동) ','103동 2401호','현관','Yuna','카카오페이',70952,0,to_date('2021/04/10','YYYY/MM/DD'),1448,0,'취소완료');
Insert into BOM.ORDERS (IDX,MEMBER_ID,ODATE,RECEIVER_NAME,RECEIVER_PHONE,RECEIVER_ZIPCODE,RECEIVER_ADDR_BASE,RECEIVER_ADDR_DETAIL,RECEIVER_ADDR_EXTRA,SENDER_NAME,PAY_TYPE,PAY_TOTAL,PAY_DELIVERY,PAY_DATE,DISCOUNT_GRADE,DISCOUNT_POINT,STATUS) values (162,'jaehoon@bit.com',to_date('2021/04/10','YYYY/MM/DD'),'정해지','010-1515-4848','38550','경북 경산시 자인면 북사리 100-8','201호',null,'김재훈','무통장입금',24000,3000,to_date('2021/04/10','YYYY/MM/DD'),0,0,'배송완료');
Insert into BOM.ORDERS (IDX,MEMBER_ID,ODATE,RECEIVER_NAME,RECEIVER_PHONE,RECEIVER_ZIPCODE,RECEIVER_ADDR_BASE,RECEIVER_ADDR_DETAIL,RECEIVER_ADDR_EXTRA,SENDER_NAME,PAY_TYPE,PAY_TOTAL,PAY_DELIVERY,PAY_DATE,DISCOUNT_GRADE,DISCOUNT_POINT,STATUS) values (195,'mino@bit.com',to_date('2021/04/12','YYYY/MM/DD'),'윤민주','010-8876-9090','06900','서울 동작구 대방동 82-10','402호',null,'윤민호','신용카드',42200,0,to_date('2021/04/12','YYYY/MM/DD'),0,0,'배송완료');
Insert into BOM.ORDERS (IDX,MEMBER_ID,ODATE,RECEIVER_NAME,RECEIVER_PHONE,RECEIVER_ZIPCODE,RECEIVER_ADDR_BASE,RECEIVER_ADDR_DETAIL,RECEIVER_ADDR_EXTRA,SENDER_NAME,PAY_TYPE,PAY_TOTAL,PAY_DELIVERY,PAY_DATE,DISCOUNT_GRADE,DISCOUNT_POINT,STATUS) values (197,'mino@bit.com',to_date('2021/04/12','YYYY/MM/DD'),'윤민주','010-8876-9090','06900','서울 동작구 대방동 82-10','402호',null,'윤민호','무통장입금',17800,3000,to_date('2021/04/12','YYYY/MM/DD'),0,0,'배송완료');
Insert into BOM.ORDERS (IDX,MEMBER_ID,ODATE,RECEIVER_NAME,RECEIVER_PHONE,RECEIVER_ZIPCODE,RECEIVER_ADDR_BASE,RECEIVER_ADDR_DETAIL,RECEIVER_ADDR_EXTRA,SENDER_NAME,PAY_TYPE,PAY_TOTAL,PAY_DELIVERY,PAY_DATE,DISCOUNT_GRADE,DISCOUNT_POINT,STATUS) values (211,'giho@bit.com',to_date('2021/02/11','YYYY/MM/DD'),'이기호','010-1561-4515','24867','강원 속초시 울산바위길 9-1 (노학동) ','525-1',null,'이기호','신용카드',20300,3000,to_date('2021/04/12','YYYY/MM/DD'),0,0,'배송완료');
Insert into BOM.ORDERS (IDX,MEMBER_ID,ODATE,RECEIVER_NAME,RECEIVER_PHONE,RECEIVER_ZIPCODE,RECEIVER_ADDR_BASE,RECEIVER_ADDR_DETAIL,RECEIVER_ADDR_EXTRA,SENDER_NAME,PAY_TYPE,PAY_TOTAL,PAY_DELIVERY,PAY_DATE,DISCOUNT_GRADE,DISCOUNT_POINT,STATUS) values (214,'daseul@bit.com',to_date('2021/03/15','YYYY/MM/DD'),'주다슬','010-5125-5484','13547','경기 성남시 분당구 고기로 25 (동원동) ','요기로75-8',null,'주다슬','신용카드',32900,3000,to_date('2021/04/12','YYYY/MM/DD'),0,0,'배송완료');
Insert into BOM.ORDERS (IDX,MEMBER_ID,ODATE,RECEIVER_NAME,RECEIVER_PHONE,RECEIVER_ZIPCODE,RECEIVER_ADDR_BASE,RECEIVER_ADDR_DETAIL,RECEIVER_ADDR_EXTRA,SENDER_NAME,PAY_TYPE,PAY_TOTAL,PAY_DELIVERY,PAY_DATE,DISCOUNT_GRADE,DISCOUNT_POINT,STATUS) values (218,'hena@bit.com',to_date('2020/12/03','YYYY/MM/DD'),'송지연','010-5454-8787','05744','서울 송파구 거마로7길 1-19 (거여동) ','202호',null,'송해나','신용카드',19954,3000,to_date('2021/04/12','YYYY/MM/DD'),346,0,'배송중');
Insert into BOM.ORDERS (IDX,MEMBER_ID,ODATE,RECEIVER_NAME,RECEIVER_PHONE,RECEIVER_ZIPCODE,RECEIVER_ADDR_BASE,RECEIVER_ADDR_DETAIL,RECEIVER_ADDR_EXTRA,SENDER_NAME,PAY_TYPE,PAY_TOTAL,PAY_DELIVERY,PAY_DATE,DISCOUNT_GRADE,DISCOUNT_POINT,STATUS) values (219,'hena@bit.com',to_date('2020/12/09','YYYY/MM/DD'),'송지연','010-5454-8787','05744','서울 송파구 거마로7길 1-19 (거여동) ','202호',null,'송해나','신용카드',11330,3000,to_date('2021/04/12','YYYY/MM/DD'),170,0,'배송중');
Insert into BOM.ORDERS (IDX,MEMBER_ID,ODATE,RECEIVER_NAME,RECEIVER_PHONE,RECEIVER_ZIPCODE,RECEIVER_ADDR_BASE,RECEIVER_ADDR_DETAIL,RECEIVER_ADDR_EXTRA,SENDER_NAME,PAY_TYPE,PAY_TOTAL,PAY_DELIVERY,PAY_DATE,DISCOUNT_GRADE,DISCOUNT_POINT,STATUS) values (220,'hena@bit.com',to_date('2021/03/01','YYYY/MM/DD'),'송지연','010-5454-8787','05744','서울 송파구 거마로7길 1-19 (거여동) ','202호',null,'송해나','신용카드',15250,3000,to_date('2021/04/12','YYYY/MM/DD'),250,0,'배송중');
Insert into BOM.ORDERS (IDX,MEMBER_ID,ODATE,RECEIVER_NAME,RECEIVER_PHONE,RECEIVER_ZIPCODE,RECEIVER_ADDR_BASE,RECEIVER_ADDR_DETAIL,RECEIVER_ADDR_EXTRA,SENDER_NAME,PAY_TYPE,PAY_TOTAL,PAY_DELIVERY,PAY_DATE,DISCOUNT_GRADE,DISCOUNT_POINT,STATUS) values (221,'hena@bit.com',to_date('2021/04/01','YYYY/MM/DD'),'송지연','010-5454-8787','05744','서울 송파구 거마로7길 1-19 (거여동) ','202호',null,'송해나','신용카드',49490,0,to_date('2021/04/12','YYYY/MM/DD'),1010,0,'배송중');
Insert into BOM.ORDERS (IDX,MEMBER_ID,ODATE,RECEIVER_NAME,RECEIVER_PHONE,RECEIVER_ZIPCODE,RECEIVER_ADDR_BASE,RECEIVER_ADDR_DETAIL,RECEIVER_ADDR_EXTRA,SENDER_NAME,PAY_TYPE,PAY_TOTAL,PAY_DELIVERY,PAY_DATE,DISCOUNT_GRADE,DISCOUNT_POINT,STATUS) values (222,'hena@bit.com',to_date('2021/04/03','YYYY/MM/DD'),'송지연','010-5454-8787','05744','서울 송파구 거마로7길 1-19 (거여동) ','202호',null,'송해나','신용카드',29950,3000,to_date('2021/04/12','YYYY/MM/DD'),550,0,'배송중');
Insert into BOM.ORDERS (IDX,MEMBER_ID,ODATE,RECEIVER_NAME,RECEIVER_PHONE,RECEIVER_ZIPCODE,RECEIVER_ADDR_BASE,RECEIVER_ADDR_DETAIL,RECEIVER_ADDR_EXTRA,SENDER_NAME,PAY_TYPE,PAY_TOTAL,PAY_DELIVERY,PAY_DATE,DISCOUNT_GRADE,DISCOUNT_POINT,STATUS) values (223,'hena@bit.com',to_date('2021/03/25','YYYY/MM/DD'),'송지연','010-5454-8787','05744','서울 송파구 거마로7길 1-19 (거여동) ','202호',null,'송해나','신용카드',15691,3000,to_date('2021/04/12','YYYY/MM/DD'),259,0,'배송중');
Insert into BOM.ORDERS (IDX,MEMBER_ID,ODATE,RECEIVER_NAME,RECEIVER_PHONE,RECEIVER_ZIPCODE,RECEIVER_ADDR_BASE,RECEIVER_ADDR_DETAIL,RECEIVER_ADDR_EXTRA,SENDER_NAME,PAY_TYPE,PAY_TOTAL,PAY_DELIVERY,PAY_DATE,DISCOUNT_GRADE,DISCOUNT_POINT,STATUS) values (224,'hena@bit.com',to_date('2021/12/30','YYYY/MM/DD'),'송지연','010-5454-8787','05744','서울 송파구 거마로7길 1-19 (거여동) ','202호',null,'송해나','신용카드',16230,3000,to_date('2021/04/12','YYYY/MM/DD'),270,0,'배송중');
Insert into BOM.ORDERS (IDX,MEMBER_ID,ODATE,RECEIVER_NAME,RECEIVER_PHONE,RECEIVER_ZIPCODE,RECEIVER_ADDR_BASE,RECEIVER_ADDR_DETAIL,RECEIVER_ADDR_EXTRA,SENDER_NAME,PAY_TYPE,PAY_TOTAL,PAY_DELIVERY,PAY_DATE,DISCOUNT_GRADE,DISCOUNT_POINT,STATUS) values (232,'yuna1880@naver.com',to_date('2021/04/12','YYYY/MM/DD'),'유나','010-5555-3433','22852','인천 서구 로봇랜드로 33 (원창동) ','103동 2401호','현관','권유나','간편결제',69786,0,to_date('2021/04/12','YYYY/MM/DD'),1424,0,'배송완료');
Insert into BOM.ORDERS (IDX,MEMBER_ID,ODATE,RECEIVER_NAME,RECEIVER_PHONE,RECEIVER_ZIPCODE,RECEIVER_ADDR_BASE,RECEIVER_ADDR_DETAIL,RECEIVER_ADDR_EXTRA,SENDER_NAME,PAY_TYPE,PAY_TOTAL,PAY_DELIVERY,PAY_DATE,DISCOUNT_GRADE,DISCOUNT_POINT,STATUS) values (233,'yuna1880@naver.com',to_date('2021/04/12','YYYY/MM/DD'),'유나','010-5555-3433','22852','인천 서구 로봇랜드로 33 (원창동) ','103동 2401호','현관','권유나','무통장입금',37632,0,to_date('2021/04/12','YYYY/MM/DD'),768,0,'배송중');
Insert into BOM.ORDERS (IDX,MEMBER_ID,ODATE,RECEIVER_NAME,RECEIVER_PHONE,RECEIVER_ZIPCODE,RECEIVER_ADDR_BASE,RECEIVER_ADDR_DETAIL,RECEIVER_ADDR_EXTRA,SENDER_NAME,PAY_TYPE,PAY_TOTAL,PAY_DELIVERY,PAY_DATE,DISCOUNT_GRADE,DISCOUNT_POINT,STATUS) values (234,'yuna1880@naver.com',to_date('2021/04/13','YYYY/MM/DD'),'유나','010-5555-3433','22852','인천 서구 로봇랜드로 33 (원창동) ','103동 2401호','현관','권유나','무통장입금',168521,0,to_date('2021/04/13','YYYY/MM/DD'),3439,0,'배송중');
Insert into BOM.ORDERS (IDX,MEMBER_ID,ODATE,RECEIVER_NAME,RECEIVER_PHONE,RECEIVER_ZIPCODE,RECEIVER_ADDR_BASE,RECEIVER_ADDR_DETAIL,RECEIVER_ADDR_EXTRA,SENDER_NAME,PAY_TYPE,PAY_TOTAL,PAY_DELIVERY,PAY_DATE,DISCOUNT_GRADE,DISCOUNT_POINT,STATUS) values (240,'giho@bit.com',to_date('2021/04/13','YYYY/MM/DD'),'이기호','010-2345-3456','06097','서울 강남구 봉은사로 403 (삼성동, 하모니 빌딩) ','204호',null,'이기호','신용카드',58400,0,to_date('2021/04/13','YYYY/MM/DD'),0,0,'배송완료');
Insert into BOM.ORDERS (IDX,MEMBER_ID,ODATE,RECEIVER_NAME,RECEIVER_PHONE,RECEIVER_ZIPCODE,RECEIVER_ADDR_BASE,RECEIVER_ADDR_DETAIL,RECEIVER_ADDR_EXTRA,SENDER_NAME,PAY_TYPE,PAY_TOTAL,PAY_DELIVERY,PAY_DATE,DISCOUNT_GRADE,DISCOUNT_POINT,STATUS) values (241,'yuna1880@naver.com',to_date('2021/04/13','YYYY/MM/DD'),'유나','010-5555-3433','22852','인천 서구 로봇랜드로 33 (원창동) ','103동 2401호','현관','권유나','간편결제',37632,0,to_date('2021/04/13','YYYY/MM/DD'),768,1000,'취소완료');
Insert into BOM.ORDERS (IDX,MEMBER_ID,ODATE,RECEIVER_NAME,RECEIVER_PHONE,RECEIVER_ZIPCODE,RECEIVER_ADDR_BASE,RECEIVER_ADDR_DETAIL,RECEIVER_ADDR_EXTRA,SENDER_NAME,PAY_TYPE,PAY_TOTAL,PAY_DELIVERY,PAY_DATE,DISCOUNT_GRADE,DISCOUNT_POINT,STATUS) values (242,'hena@bit.com',to_date('2021/04/13','YYYY/MM/DD'),'송지연','010-5454-8787','05744','서울 송파구 거마로7길 1-19 (거여동) ','202호',null,'송해나','무통장입금',162386,0,to_date('2021/04/13','YYYY/MM/DD'),3314,0,'입금대기');
REM INSERTING into BOM.OSUBS
SET DEFINE OFF;
REM INSERTING into BOM.PRODUCT
SET DEFINE OFF;
Insert into BOM.PRODUCT (IDX,CATEGORY,NAME,SUBHEADER,PRICE,DISCOUNT_RATE,IMAGE1,IMAGE2,IMAGE3,DEL_STATUS,SOLDOUT_STATUS,FSIZE) values (41,'goods','플로리스트 툴 전용 가죽 파우치','튼튼한 소재의 멋',48000,0,'https://storage.googleapis.com/download/storage/v1/b/upload.alwaysbom.xyz/o/product%2FrzqZfBCaqN-goods2-1.jpg?generation=1617215485907395&alt=media','https://storage.googleapis.com/download/storage/v1/b/upload.alwaysbom.xyz/o/product%2FwxEtSXMCjJ-goods2-2.jpg?generation=1617215486277645&alt=media','https://storage.googleapis.com/download/storage/v1/b/upload.alwaysbom.xyz/o/product%2FLapqtXoFlI-goods2-3.jpg?generation=1617215486528557&alt=media',null,null,null);
Insert into BOM.PRODUCT (IDX,CATEGORY,NAME,SUBHEADER,PRICE,DISCOUNT_RATE,IMAGE1,IMAGE2,IMAGE3,DEL_STATUS,SOLDOUT_STATUS,FSIZE) values (42,'vase','투명한 화병','화병',10000,0,'https://storage.googleapis.com/download/storage/v1/b/upload.alwaysbom.xyz/o/product%2FIqfWOrtizl-0_1.png?generation=1617242676931718&alt=media','https://storage.googleapis.com/download/storage/v1/b/upload.alwaysbom.xyz/o/product%2FhbtvzqIdeq-0_2.png?generation=1617242677205051&alt=media','https://storage.googleapis.com/download/storage/v1/b/upload.alwaysbom.xyz/o/product%2FkOsCYvogJS-0_4.png?generation=1617242677469400&alt=media',null,null,'M');
Insert into BOM.PRODUCT (IDX,CATEGORY,NAME,SUBHEADER,PRICE,DISCOUNT_RATE,IMAGE1,IMAGE2,IMAGE3,DEL_STATUS,SOLDOUT_STATUS,FSIZE) values (43,'vase','디그리아 토분&받침','이태리 명품 인테리어 화분',6000,0,'https://storage.googleapis.com/download/storage/v1/b/upload.alwaysbom.xyz/o/product%2FwcEtVXAiUg-vase2-1.jpg?generation=1617281435026506&alt=media','https://storage.googleapis.com/download/storage/v1/b/upload.alwaysbom.xyz/o/product%2FyGUbqmagru-vase2-2.jpg?generation=1617281438064579&alt=media','https://storage.googleapis.com/download/storage/v1/b/upload.alwaysbom.xyz/o/product%2FBnmsLhYwYa-vase2-3.jpg?generation=1617281441203763&alt=media',null,null,'S');
Insert into BOM.PRODUCT (IDX,CATEGORY,NAME,SUBHEADER,PRICE,DISCOUNT_RATE,IMAGE1,IMAGE2,IMAGE3,DEL_STATUS,SOLDOUT_STATUS,FSIZE) values (63,'vase','웬디 엠버 글라스 화병','쉐입 자체가 주는 아름다움',14800,0,'https://storage.googleapis.com/download/storage/v1/b/upload.alwaysbom.xyz/o/product%2FcOtkEzoCtI-75e2ef314767348d448372162faa72c6.jpg?generation=1618167061161456&alt=media','https://storage.googleapis.com/download/storage/v1/b/upload.alwaysbom.xyz/o/product%2FBSUFiqJtSG-7ffeca6ce29dd0a72c1e1b8c35313e8e.jpg?generation=1618167061388226&alt=media','https://storage.googleapis.com/download/storage/v1/b/upload.alwaysbom.xyz/o/product%2FreELHXoLil-fb7c32b2ff5f95939f9b415369f17d9b.jpg?generation=1618167061512778&alt=media',null,null,'M');
Insert into BOM.PRODUCT (IDX,CATEGORY,NAME,SUBHEADER,PRICE,DISCOUNT_RATE,IMAGE1,IMAGE2,IMAGE3,DEL_STATUS,SOLDOUT_STATUS,FSIZE) values (70,'vase','테스트','테스트',15000,10,'https://storage.googleapis.com/download/storage/v1/b/upload.alwaysbom.xyz/o/product%2FbUHiqxkDUF-product_addVase(1).jpg?generation=1618303201903392&alt=media','https://storage.googleapis.com/download/storage/v1/b/upload.alwaysbom.xyz/o/product%2FjpVFgocnnD-product_addVase.jpg?generation=1618303201938671&alt=media','https://storage.googleapis.com/download/storage/v1/b/upload.alwaysbom.xyz/o/product%2FFXoKRtexBN-product_addVase2.jpg?generation=1618303202028416&alt=media','1',null,'L');
Insert into BOM.PRODUCT (IDX,CATEGORY,NAME,SUBHEADER,PRICE,DISCOUNT_RATE,IMAGE1,IMAGE2,IMAGE3,DEL_STATUS,SOLDOUT_STATUS,FSIZE) values (2,'goods','빈티지 블랙 가드닝 가위','상단 고정형 아름다운 모양의',11000,0,'https://storage.googleapis.com/download/storage/v1/b/upload.alwaysbom.xyz/o/product%2FnYsRpObJun-goods3-1.jpg?generation=1617259895473102&alt=media','https://storage.googleapis.com/download/storage/v1/b/upload.alwaysbom.xyz/o/product%2FSIePtMZtJS-goods3-2.jpg?generation=1617259881065282&alt=media','https://storage.googleapis.com/download/storage/v1/b/upload.alwaysbom.xyz/o/product%2FscLCVEuRWt-goods3-3.jpg?generation=1617259398955224&alt=media',null,null,null);
Insert into BOM.PRODUCT (IDX,CATEGORY,NAME,SUBHEADER,PRICE,DISCOUNT_RATE,IMAGE1,IMAGE2,IMAGE3,DEL_STATUS,SOLDOUT_STATUS,FSIZE) values (22,'goods','우드 꽃가위','싹둑싹둑',11000,5,'https://storage.googleapis.com/download/storage/v1/b/upload.alwaysbom.xyz/o/product%2FSiwruBITjS-goods1-1.jpg?generation=1617254459412852&alt=media','https://storage.googleapis.com/download/storage/v1/b/upload.alwaysbom.xyz/o/product%2FlLCUSRsyIF-goods1-2.jpg?generation=1617254459626885&alt=media','https://storage.googleapis.com/download/storage/v1/b/upload.alwaysbom.xyz/o/product%2FTjdTzkpZzM-goods1-3.jpg?generation=1617254459790041&alt=media',null,null,null);
Insert into BOM.PRODUCT (IDX,CATEGORY,NAME,SUBHEADER,PRICE,DISCOUNT_RATE,IMAGE1,IMAGE2,IMAGE3,DEL_STATUS,SOLDOUT_STATUS,FSIZE) values (23,'vase','미니멀 도자기 화병','노르딕 스타일 인테리어 화병',25000,0,'https://storage.googleapis.com/download/storage/v1/b/upload.alwaysbom.xyz/o/product%2FvKrYgHvfeu-vase1-1.jpg?generation=1617280460183296&alt=media','https://storage.googleapis.com/download/storage/v1/b/upload.alwaysbom.xyz/o/product%2FrIQORdrqZW-vase1-2.jpg?generation=1617254263287832&alt=media','https://storage.googleapis.com/download/storage/v1/b/upload.alwaysbom.xyz/o/product%2FtaceAWLoxu-vase1-3.jpg?generation=1617254263391163&alt=media',null,null,'S');
Insert into BOM.PRODUCT (IDX,CATEGORY,NAME,SUBHEADER,PRICE,DISCOUNT_RATE,IMAGE1,IMAGE2,IMAGE3,DEL_STATUS,SOLDOUT_STATUS,FSIZE) values (64,'vase','123','123',10000,4,'https://storage.googleapis.com/download/storage/v1/b/upload.alwaysbom.xyz/o/product%2FKPwMalqlQB-flower8-1.jpg?generation=1618158051093138&alt=media',null,null,'1',null,'L');
REM INSERTING into BOM.REVIEW
SET DEFINE OFF;
Insert into BOM.REVIEW (IDX,CATEGORY,SUBS_IDX,FLOWER_IDX,FCLASS_IDX,PRODUCT_IDX,NAME,MEMBER_ID,IMAGE,REG_DATE,STAR,LIKE_COUNT) values (250,'꽃다발',null,63,null,null,'조금 별로','test@test.com','https://storage.googleapis.com/download/storage/v1/b/upload.alwaysbom.xyz/o/flower%2Freviews%2FlySQrwQiWU-158607118_204359824800426_7538767774269898104_n.jpg?generation=1618084269308896&alt=media',to_date('2021/04/10','YYYY/MM/DD'),5,3);
Insert into BOM.REVIEW (IDX,CATEGORY,SUBS_IDX,FLOWER_IDX,FCLASS_IDX,PRODUCT_IDX,NAME,MEMBER_ID,IMAGE,REG_DATE,STAR,LIKE_COUNT) values (290,'클래스',null,null,69,null,'최종 리뷰 수강','hena@bit.com','https://storage.googleapis.com/download/storage/v1/b/upload.alwaysbom.xyz/o/fclass%2Freviews%2FjIZdDxufoY-%EB%8B%A4%EC%9A%B4%EB%A1%9C%EB%93%9C.jpg?generation=1618169937995778&alt=media',to_date('2021/04/11','YYYY/MM/DD'),5,0);
Insert into BOM.REVIEW (IDX,CATEGORY,SUBS_IDX,FLOWER_IDX,FCLASS_IDX,PRODUCT_IDX,NAME,MEMBER_ID,IMAGE,REG_DATE,STAR,LIKE_COUNT) values (288,'꽃다발',null,65,null,null,'최종 리뷰 테스트','hena@bit.com','https://storage.googleapis.com/download/storage/v1/b/upload.alwaysbom.xyz/o/flower%2Freviews%2FSQLVmhuDVn-KakaoTalk_20210408_020940086.jpg?generation=1618169909475937&alt=media',to_date('2021/04/11','YYYY/MM/DD'),4,0);
Insert into BOM.REVIEW (IDX,CATEGORY,SUBS_IDX,FLOWER_IDX,FCLASS_IDX,PRODUCT_IDX,NAME,MEMBER_ID,IMAGE,REG_DATE,STAR,LIKE_COUNT) values (289,'정기구독',47,null,null,null,'최종 리뷰 정기구독','hena@bit.com','https://storage.googleapis.com/download/storage/v1/b/upload.alwaysbom.xyz/o/subs%2Freviews%2FVavAcmtTrk-%EB%8B%A4%EC%9A%B4%EB%A1%9C%EB%93%9C.jpg?generation=1618169925465004&alt=media',to_date('2021/04/11','YYYY/MM/DD'),4,0);
Insert into BOM.REVIEW (IDX,CATEGORY,SUBS_IDX,FLOWER_IDX,FCLASS_IDX,PRODUCT_IDX,NAME,MEMBER_ID,IMAGE,REG_DATE,STAR,LIKE_COUNT) values (303,'꽃다발',null,63,null,null,'너무너무 마음에 들어요~💕','yuna1880@naver.com','https://storage.googleapis.com/download/storage/v1/b/upload.alwaysbom.xyz/o/flower%2Freviews%2FUiHyUXYwqh-07A4DC1A-4D25-432D-8468-77F91C55850D.jpeg?generation=1618192744801031&alt=media',to_date('2021/04/12','YYYY/MM/DD'),5,1);
Insert into BOM.REVIEW (IDX,CATEGORY,SUBS_IDX,FLOWER_IDX,FCLASS_IDX,PRODUCT_IDX,NAME,MEMBER_ID,IMAGE,REG_DATE,STAR,LIKE_COUNT) values (306,'정기구독',47,null,null,null,'예뻐요❤️','yuna1880@naver.com',null,to_date('2021/04/12','YYYY/MM/DD'),5,0);
Insert into BOM.REVIEW (IDX,CATEGORY,SUBS_IDX,FLOWER_IDX,FCLASS_IDX,PRODUCT_IDX,NAME,MEMBER_ID,IMAGE,REG_DATE,STAR,LIKE_COUNT) values (308,'정기구독',47,null,null,null,'새늘봄 힐링 💕','yuna1880@naver.com','https://storage.googleapis.com/download/storage/v1/b/upload.alwaysbom.xyz/o/subs%2Freviews%2FJfZZKFZvBZ-B996D948-D405-4C62-8110-D8EF1A598C5D.jpeg?generation=1618193180313351&alt=media',to_date('2021/04/12','YYYY/MM/DD'),5,1);
Insert into BOM.REVIEW (IDX,CATEGORY,SUBS_IDX,FLOWER_IDX,FCLASS_IDX,PRODUCT_IDX,NAME,MEMBER_ID,IMAGE,REG_DATE,STAR,LIKE_COUNT) values (309,'정기구독',47,null,null,null,' 다음에도 예쁜 꽃 많이많이 부탁드려요❤️🥰','yuna1880@naver.com','https://storage.googleapis.com/download/storage/v1/b/upload.alwaysbom.xyz/o/subs%2Freviews%2FQplZivQNdT-2497061D-13C6-473F-BB68-D2030B664303.jpeg?generation=1618193382450486&alt=media',to_date('2021/04/12','YYYY/MM/DD'),5,1);
Insert into BOM.REVIEW (IDX,CATEGORY,SUBS_IDX,FLOWER_IDX,FCLASS_IDX,PRODUCT_IDX,NAME,MEMBER_ID,IMAGE,REG_DATE,STAR,LIKE_COUNT) values (310,'정기구독',47,null,null,null,'신경쓴게 보이는 꽃 구독 💐','yuna1880@naver.com','https://storage.googleapis.com/download/storage/v1/b/upload.alwaysbom.xyz/o/subs%2Freviews%2FIyHjMUmsQE-20210318_195708.jpg?generation=1618193466578531&alt=media',to_date('2021/04/12','YYYY/MM/DD'),5,4);
Insert into BOM.REVIEW (IDX,CATEGORY,SUBS_IDX,FLOWER_IDX,FCLASS_IDX,PRODUCT_IDX,NAME,MEMBER_ID,IMAGE,REG_DATE,STAR,LIKE_COUNT) values (311,'정기구독',47,null,null,null,'스트레스도 풀리고 너무 좋은 꽃구독 👍','jinah@bit.com',null,to_date('2021/04/12','YYYY/MM/DD'),5,0);
Insert into BOM.REVIEW (IDX,CATEGORY,SUBS_IDX,FLOWER_IDX,FCLASS_IDX,PRODUCT_IDX,NAME,MEMBER_ID,IMAGE,REG_DATE,STAR,LIKE_COUNT) values (312,'정기구독',45,null,null,null,'스트레스도 풀리고 너무 좋은 꽃구독 👍','jinah@bit.com','https://storage.googleapis.com/download/storage/v1/b/upload.alwaysbom.xyz/o/subs%2Freviews%2FSQkPNILwmP-20210224_210351.jpg?generation=1618193768299366&alt=media',to_date('2021/04/12','YYYY/MM/DD'),5,2);
Insert into BOM.REVIEW (IDX,CATEGORY,SUBS_IDX,FLOWER_IDX,FCLASS_IDX,PRODUCT_IDX,NAME,MEMBER_ID,IMAGE,REG_DATE,STAR,LIKE_COUNT) values (314,'정기구독',45,null,null,null,'S 구독을 시작으로 M구독으로 변경 💐','jinah@bit.com','https://storage.googleapis.com/download/storage/v1/b/upload.alwaysbom.xyz/o/subs%2Freviews%2FqklclDGpOB-76B8F70D-86B1-44E5-A4DC-728B90B4FA95.jpeg?generation=1618193827832972&alt=media',to_date('2021/04/12','YYYY/MM/DD'),5,2);
Insert into BOM.REVIEW (IDX,CATEGORY,SUBS_IDX,FLOWER_IDX,FCLASS_IDX,PRODUCT_IDX,NAME,MEMBER_ID,IMAGE,REG_DATE,STAR,LIKE_COUNT) values (255,'꽃다발',null,63,null,null,'border bottom','test@test.com','https://storage.googleapis.com/download/storage/v1/b/upload.alwaysbom.xyz/o/flower%2Freviews%2FUIhTcUgizq-120184202_319357016026122_3367125003416205130_n.jpg?generation=1618086345758193&alt=media',to_date('2021/04/10','YYYY/MM/DD'),4,0);
Insert into BOM.REVIEW (IDX,CATEGORY,SUBS_IDX,FLOWER_IDX,FCLASS_IDX,PRODUCT_IDX,NAME,MEMBER_ID,IMAGE,REG_DATE,STAR,LIKE_COUNT) values (256,'꽃다발',null,63,null,null,'test는 꽃을 참 많이 샀구나','test@test.com','https://storage.googleapis.com/download/storage/v1/b/upload.alwaysbom.xyz/o/flower%2Freviews%2FufgYjvzdfM-116874225_1664288227063210_5789855763823885637_n.jpg?generation=1618087014935826&alt=media',to_date('2021/04/10','YYYY/MM/DD'),5,2);
Insert into BOM.REVIEW (IDX,CATEGORY,SUBS_IDX,FLOWER_IDX,FCLASS_IDX,PRODUCT_IDX,NAME,MEMBER_ID,IMAGE,REG_DATE,STAR,LIKE_COUNT) values (257,'꽃다발',null,63,null,null,'아직도 쓸 게 있다니','test@test.com','https://storage.googleapis.com/download/storage/v1/b/upload.alwaysbom.xyz/o/flower%2Freviews%2FZPmNBfWGmC-124072161_658818781472147_4753447506876766944_n.jpg?generation=1618087309125061&alt=media',to_date('2021/04/10','YYYY/MM/DD'),3,0);
Insert into BOM.REVIEW (IDX,CATEGORY,SUBS_IDX,FLOWER_IDX,FCLASS_IDX,PRODUCT_IDX,NAME,MEMBER_ID,IMAGE,REG_DATE,STAR,LIKE_COUNT) values (258,'정기구독',45,null,null,null,'L로 바꿀 생각도 있어요','test@test.com','https://storage.googleapis.com/download/storage/v1/b/upload.alwaysbom.xyz/o/subs%2Freviews%2FVQqATDEhRN-152041878_420757562324203_3766384990924820961_n.jpg?generation=1618087869922092&alt=media',to_date('2021/04/10','YYYY/MM/DD'),5,0);
Insert into BOM.REVIEW (IDX,CATEGORY,SUBS_IDX,FLOWER_IDX,FCLASS_IDX,PRODUCT_IDX,NAME,MEMBER_ID,IMAGE,REG_DATE,STAR,LIKE_COUNT) values (315,'정기구독',44,null,null,null,'첫 꽃배달 만족스럽네요~💐','jinah@bit.com','https://storage.googleapis.com/download/storage/v1/b/upload.alwaysbom.xyz/o/subs%2Freviews%2FcUhwTOKNxS-1615330745091.jpg?generation=1618194285299396&alt=media',to_date('2021/04/12','YYYY/MM/DD'),5,0);
Insert into BOM.REVIEW (IDX,CATEGORY,SUBS_IDX,FLOWER_IDX,FCLASS_IDX,PRODUCT_IDX,NAME,MEMBER_ID,IMAGE,REG_DATE,STAR,LIKE_COUNT) values (246,'꽃다발',null,62,null,null,'귀엽긴 한데','hena@bit.com',null,to_date('2021/04/10','YYYY/MM/DD'),3,0);
Insert into BOM.REVIEW (IDX,CATEGORY,SUBS_IDX,FLOWER_IDX,FCLASS_IDX,PRODUCT_IDX,NAME,MEMBER_ID,IMAGE,REG_DATE,STAR,LIKE_COUNT) values (247,'정기구독',47,null,null,null,'때되면 도착하는게 재밌어요','hena@bit.com','https://storage.googleapis.com/download/storage/v1/b/upload.alwaysbom.xyz/o/subs%2Freviews%2FdimMfacgAU-130439886_702979063733541_8494182160929401779_n.jpg?generation=1618063161395974&alt=media',to_date('2021/04/10','YYYY/MM/DD'),5,5);
Insert into BOM.REVIEW (IDX,CATEGORY,SUBS_IDX,FLOWER_IDX,FCLASS_IDX,PRODUCT_IDX,NAME,MEMBER_ID,IMAGE,REG_DATE,STAR,LIKE_COUNT) values (316,'정기구독',42,null,null,null,'집안이 온통 향이 가득차네요~!😳','jinah@bit.com','https://storage.googleapis.com/download/storage/v1/b/upload.alwaysbom.xyz/o/subs%2Freviews%2FKpmNnnEqmn-6F9A2BC9-4078-423F-9656-09B4D6E3FD6C.jpeg?generation=1618194371268728&alt=media',to_date('2021/04/12','YYYY/MM/DD'),5,0);
Insert into BOM.REVIEW (IDX,CATEGORY,SUBS_IDX,FLOWER_IDX,FCLASS_IDX,PRODUCT_IDX,NAME,MEMBER_ID,IMAGE,REG_DATE,STAR,LIKE_COUNT) values (307,'클래스',null,null,76,null,'꽃이 정말 이뻤어요','dlagksk64@naver.com',null,to_date('2021/04/12','YYYY/MM/DD'),5,0);
Insert into BOM.REVIEW (IDX,CATEGORY,SUBS_IDX,FLOWER_IDX,FCLASS_IDX,PRODUCT_IDX,NAME,MEMBER_ID,IMAGE,REG_DATE,STAR,LIKE_COUNT) values (317,'정기구독',47,null,null,null,'별로..','yuna1880@naver.com','https://storage.googleapis.com/download/storage/v1/b/upload.alwaysbom.xyz/o/subs%2Freviews%2FimZmvERqYw-20210311_093718.jpg?generation=1618194482578386&alt=media',to_date('2021/04/12','YYYY/MM/DD'),1,0);
Insert into BOM.REVIEW (IDX,CATEGORY,SUBS_IDX,FLOWER_IDX,FCLASS_IDX,PRODUCT_IDX,NAME,MEMBER_ID,IMAGE,REG_DATE,STAR,LIKE_COUNT) values (304,'꽃다발',null,48,null,null,'리뷰입니다','dlagksk64@naver.com',null,to_date('2021/04/12','YYYY/MM/DD'),5,0);
Insert into BOM.REVIEW (IDX,CATEGORY,SUBS_IDX,FLOWER_IDX,FCLASS_IDX,PRODUCT_IDX,NAME,MEMBER_ID,IMAGE,REG_DATE,STAR,LIKE_COUNT) values (305,'클래스',null,null,72,null,'리뷰입니당','dlagksk64@naver.com',null,to_date('2021/04/12','YYYY/MM/DD'),5,0);
Insert into BOM.REVIEW (IDX,CATEGORY,SUBS_IDX,FLOWER_IDX,FCLASS_IDX,PRODUCT_IDX,NAME,MEMBER_ID,IMAGE,REG_DATE,STAR,LIKE_COUNT) values (334,'소품샵',null,null,null,63,'💕❤기분이 좋아요!!😍💐','daseul@bit.com',null,to_date('2021/04/12','YYYY/MM/DD'),5,2);
Insert into BOM.REVIEW (IDX,CATEGORY,SUBS_IDX,FLOWER_IDX,FCLASS_IDX,PRODUCT_IDX,NAME,MEMBER_ID,IMAGE,REG_DATE,STAR,LIKE_COUNT) values (339,'클래스',null,null,69,null,'안녕하세요?😆','daseul@bit.com',null,to_date('2021/04/12','YYYY/MM/DD'),4,1);
Insert into BOM.REVIEW (IDX,CATEGORY,SUBS_IDX,FLOWER_IDX,FCLASS_IDX,PRODUCT_IDX,NAME,MEMBER_ID,IMAGE,REG_DATE,STAR,LIKE_COUNT) values (348,'클래스',null,null,69,null,'꽃 향기가 가득했어요!🌷🌺','jaehoon@bit.com',null,to_date('2021/04/12','YYYY/MM/DD'),5,2);
Insert into BOM.REVIEW (IDX,CATEGORY,SUBS_IDX,FLOWER_IDX,FCLASS_IDX,PRODUCT_IDX,NAME,MEMBER_ID,IMAGE,REG_DATE,STAR,LIKE_COUNT) values (353,'꽃다발',null,65,null,null,'너무너무 예쁘네요!','yoonhee@bit.com','https://storage.googleapis.com/download/storage/v1/b/upload.alwaysbom.xyz/o/flower%2Freviews%2FKicdpfgMKE-1609838817208.jpg?generation=1618198600821068&alt=media',to_date('2021/04/12','YYYY/MM/DD'),5,0);
Insert into BOM.REVIEW (IDX,CATEGORY,SUBS_IDX,FLOWER_IDX,FCLASS_IDX,PRODUCT_IDX,NAME,MEMBER_ID,IMAGE,REG_DATE,STAR,LIKE_COUNT) values (354,'클래스',null,null,72,null,'똥손도 가능한 플라워 클래스!🌷','yoonhee@bit.com','https://storage.googleapis.com/download/storage/v1/b/upload.alwaysbom.xyz/o/fclass%2Freviews%2FuKIREWPIwY-gg8ywa6fgvknfdnax6le.jfif?generation=1618198757065343&alt=media',to_date('2021/04/12','YYYY/MM/DD'),5,1);
Insert into BOM.REVIEW (IDX,CATEGORY,SUBS_IDX,FLOWER_IDX,FCLASS_IDX,PRODUCT_IDX,NAME,MEMBER_ID,IMAGE,REG_DATE,STAR,LIKE_COUNT) values (355,'클래스',null,null,69,null,'감사합니다 선생님!!','yoonhee@bit.com','https://storage.googleapis.com/download/storage/v1/b/upload.alwaysbom.xyz/o/fclass%2Freviews%2FONxnenFQpl-eqpv92tgo1xohhomaifb.jfif?generation=1618198838736646&alt=media',to_date('2021/04/12','YYYY/MM/DD'),5,0);
Insert into BOM.REVIEW (IDX,CATEGORY,SUBS_IDX,FLOWER_IDX,FCLASS_IDX,PRODUCT_IDX,NAME,MEMBER_ID,IMAGE,REG_DATE,STAR,LIKE_COUNT) values (356,'클래스',null,null,80,null,'다음에도 배워보고 싶습니다😊😊😊','yoonhee@bit.com','https://storage.googleapis.com/download/storage/v1/b/upload.alwaysbom.xyz/o/fclass%2Freviews%2FUvbhARlOhI-Review_74909_87157_1587801440.jfif?generation=1618198992224217&alt=media',to_date('2021/04/12','YYYY/MM/DD'),5,0);
Insert into BOM.REVIEW (IDX,CATEGORY,SUBS_IDX,FLOWER_IDX,FCLASS_IDX,PRODUCT_IDX,NAME,MEMBER_ID,IMAGE,REG_DATE,STAR,LIKE_COUNT) values (357,'클래스',null,null,79,null,'선생님도 친절하시고 장소 분위기도 너무 좋아요 💐','yoonhee@bit.com','https://storage.googleapis.com/download/storage/v1/b/upload.alwaysbom.xyz/o/fclass%2Freviews%2FAnLOiKGLYk-nzy9cthbx9okiuyx4nzj.jfif?generation=1618199066634259&alt=media',to_date('2021/04/12','YYYY/MM/DD'),5,1);
Insert into BOM.REVIEW (IDX,CATEGORY,SUBS_IDX,FLOWER_IDX,FCLASS_IDX,PRODUCT_IDX,NAME,MEMBER_ID,IMAGE,REG_DATE,STAR,LIKE_COUNT) values (358,'소품샵',null,null,null,41,'가위의 그립감이 최고네요!! 👍','yoonhee@bit.com','https://storage.googleapis.com/download/storage/v1/b/upload.alwaysbom.xyz/o/product%2Freviews%2FBzIMwtwiAq-20210130_204328.jpg?generation=1618199645445751&alt=media',to_date('2021/04/12','YYYY/MM/DD'),5,0);
Insert into BOM.REVIEW (IDX,CATEGORY,SUBS_IDX,FLOWER_IDX,FCLASS_IDX,PRODUCT_IDX,NAME,MEMBER_ID,IMAGE,REG_DATE,STAR,LIKE_COUNT) values (359,'소품샵',null,null,null,23,'화병이 꽃을 살려주네요 💙','yoonhee@bit.com',null,to_date('2021/04/12','YYYY/MM/DD'),5,0);
Insert into BOM.REVIEW (IDX,CATEGORY,SUBS_IDX,FLOWER_IDX,FCLASS_IDX,PRODUCT_IDX,NAME,MEMBER_ID,IMAGE,REG_DATE,STAR,LIKE_COUNT) values (360,'소품샵',null,null,null,63,'예뻐요~💕','yoonhee@bit.com','https://storage.googleapis.com/download/storage/v1/b/upload.alwaysbom.xyz/o/product%2Freviews%2FAENzlGExyZ-A6C23023-5C29-4C01-836A-C4EF46A2DEA3.jpeg?generation=1618199759435104&alt=media',to_date('2021/04/12','YYYY/MM/DD'),5,0);
Insert into BOM.REVIEW (IDX,CATEGORY,SUBS_IDX,FLOWER_IDX,FCLASS_IDX,PRODUCT_IDX,NAME,MEMBER_ID,IMAGE,REG_DATE,STAR,LIKE_COUNT) values (361,'소품샵',null,null,null,43,'유칼립투스 심어주었어요!🥰','yoonhee@bit.com','https://storage.googleapis.com/download/storage/v1/b/upload.alwaysbom.xyz/o/product%2Freviews%2FrRKVGQrpmp-215025464034.jpg?generation=1618199850787856&alt=media',to_date('2021/04/12','YYYY/MM/DD'),5,1);
Insert into BOM.REVIEW (IDX,CATEGORY,SUBS_IDX,FLOWER_IDX,FCLASS_IDX,PRODUCT_IDX,NAME,MEMBER_ID,IMAGE,REG_DATE,STAR,LIKE_COUNT) values (362,'소품샵',null,null,null,63,'깜찍해요','dlagksk64@naver.com','https://storage.googleapis.com/download/storage/v1/b/upload.alwaysbom.xyz/o/product%2Freviews%2FGYBXAoJUua-none%20(4).jfif?generation=1618205834923530&alt=media',to_date('2021/04/12','YYYY/MM/DD'),5,2);
Insert into BOM.REVIEW (IDX,CATEGORY,SUBS_IDX,FLOWER_IDX,FCLASS_IDX,PRODUCT_IDX,NAME,MEMBER_ID,IMAGE,REG_DATE,STAR,LIKE_COUNT) values (363,'클래스',null,null,69,null,'재밌어요 !','dlagksk64@naver.com',null,to_date('2021/04/12','YYYY/MM/DD'),5,0);
Insert into BOM.REVIEW (IDX,CATEGORY,SUBS_IDX,FLOWER_IDX,FCLASS_IDX,PRODUCT_IDX,NAME,MEMBER_ID,IMAGE,REG_DATE,STAR,LIKE_COUNT) values (364,'꽃다발',null,3,null,null,'부모님이 너무 좋아하시네요 💝','yuna1880@naver.com','https://storage.googleapis.com/download/storage/v1/b/upload.alwaysbom.xyz/o/flower%2Freviews%2FQyEYpTGmIy-1617939932512.jpeg?generation=1618243726641240&alt=media',to_date('2021/04/12','YYYY/MM/DD'),5,1);
Insert into BOM.REVIEW (IDX,CATEGORY,SUBS_IDX,FLOWER_IDX,FCLASS_IDX,PRODUCT_IDX,NAME,MEMBER_ID,IMAGE,REG_DATE,STAR,LIKE_COUNT) values (365,'꽃다발',null,83,null,null,'신동호','yuna1880@naver.com',null,to_date('2021/04/13','YYYY/MM/DD'),1,1);
Insert into BOM.REVIEW (IDX,CATEGORY,SUBS_IDX,FLOWER_IDX,FCLASS_IDX,PRODUCT_IDX,NAME,MEMBER_ID,IMAGE,REG_DATE,STAR,LIKE_COUNT) values (366,'클래스',null,null,101,null,'신촌점 클래스 예뻐요','yoonchang@bit.com',null,to_date('2021/04/13','YYYY/MM/DD'),5,1);
Insert into BOM.REVIEW (IDX,CATEGORY,SUBS_IDX,FLOWER_IDX,FCLASS_IDX,PRODUCT_IDX,NAME,MEMBER_ID,IMAGE,REG_DATE,STAR,LIKE_COUNT) values (295,'클래스',null,null,69,null,'즐겨찾기 하고싶은 클래스..','sld564321@gmail.com','https://storage.googleapis.com/download/storage/v1/b/upload.alwaysbom.xyz/o/fclass%2Freviews%2FVmOcooVuuA-JJM15684.jpg?generation=1618170902636957&alt=media',to_date('2021/04/11','YYYY/MM/DD'),5,1);
Insert into BOM.REVIEW (IDX,CATEGORY,SUBS_IDX,FLOWER_IDX,FCLASS_IDX,PRODUCT_IDX,NAME,MEMBER_ID,IMAGE,REG_DATE,STAR,LIKE_COUNT) values (297,'클래스',null,null,69,null,'또 등록해버렸어요..','hayan@bit.com',null,to_date('2021/04/11','YYYY/MM/DD'),5,0);
Insert into BOM.REVIEW (IDX,CATEGORY,SUBS_IDX,FLOWER_IDX,FCLASS_IDX,PRODUCT_IDX,NAME,MEMBER_ID,IMAGE,REG_DATE,STAR,LIKE_COUNT) values (298,'꽃다발',null,83,null,null,'자가격리중인 지인에게 선물했어요','dlagksk64@naver.com','https://storage.googleapis.com/download/storage/v1/b/upload.alwaysbom.xyz/o/flower%2Freviews%2FHxbVSLsNmV-4DA346BF-4352-4413-BD5F-46842E47AA34.jpeg?generation=1618191557599343&alt=media',to_date('2021/04/12','YYYY/MM/DD'),5,0);
Insert into BOM.REVIEW (IDX,CATEGORY,SUBS_IDX,FLOWER_IDX,FCLASS_IDX,PRODUCT_IDX,NAME,MEMBER_ID,IMAGE,REG_DATE,STAR,LIKE_COUNT) values (299,'꽃다발',null,48,null,null,'생화 아닌줄 알았어요..','dlagksk64@naver.com',null,to_date('2021/04/12','YYYY/MM/DD'),5,0);
Insert into BOM.REVIEW (IDX,CATEGORY,SUBS_IDX,FLOWER_IDX,FCLASS_IDX,PRODUCT_IDX,NAME,MEMBER_ID,IMAGE,REG_DATE,STAR,LIKE_COUNT) values (300,'꽃다발',null,65,null,null,'아주 만족합니다.','dlagksk64@naver.com','https://storage.googleapis.com/download/storage/v1/b/upload.alwaysbom.xyz/o/flower%2Freviews%2FPbZfGUIaio-EB96BFCB-40A4-41E6-B889-416C222453FB.jpeg?generation=1618192288831920&alt=media',to_date('2021/04/12','YYYY/MM/DD'),5,0);
Insert into BOM.REVIEW (IDX,CATEGORY,SUBS_IDX,FLOWER_IDX,FCLASS_IDX,PRODUCT_IDX,NAME,MEMBER_ID,IMAGE,REG_DATE,STAR,LIKE_COUNT) values (301,'꽃다발',null,63,null,null,'사이즈가 좀 작아요','dlagksk64@naver.com','https://storage.googleapis.com/download/storage/v1/b/upload.alwaysbom.xyz/o/flower%2Freviews%2FJDYNUsvpAW-20201002_202957_xdzZJ28.jpg?generation=1618192422438226&alt=media',to_date('2021/04/12','YYYY/MM/DD'),3,0);
Insert into BOM.REVIEW (IDX,CATEGORY,SUBS_IDX,FLOWER_IDX,FCLASS_IDX,PRODUCT_IDX,NAME,MEMBER_ID,IMAGE,REG_DATE,STAR,LIKE_COUNT) values (302,'꽃다발',null,64,null,null,'너무 향긋하고 예뻐요','dlagksk64@naver.com','https://storage.googleapis.com/download/storage/v1/b/upload.alwaysbom.xyz/o/flower%2Freviews%2FgabegTGqnL-KakaoTalk_20210409_161202367_08.jpg?generation=1618192516794226&alt=media',to_date('2021/04/12','YYYY/MM/DD'),5,0);
Insert into BOM.REVIEW (IDX,CATEGORY,SUBS_IDX,FLOWER_IDX,FCLASS_IDX,PRODUCT_IDX,NAME,MEMBER_ID,IMAGE,REG_DATE,STAR,LIKE_COUNT) values (318,'소품샵',null,null,null,63,'안녕하세요?😆','sld564321@gmail.com',null,to_date('2021/04/12','YYYY/MM/DD'),5,0);
Insert into BOM.REVIEW (IDX,CATEGORY,SUBS_IDX,FLOWER_IDX,FCLASS_IDX,PRODUCT_IDX,NAME,MEMBER_ID,IMAGE,REG_DATE,STAR,LIKE_COUNT) values (320,'꽃다발',null,65,null,null,'😆','yuna1880@naver.com','https://storage.googleapis.com/download/storage/v1/b/upload.alwaysbom.xyz/o/flower%2Freviews%2FXXKPBkQlNo-EB96BFCB-40A4-41E6-B889-416C222453FB.jpeg?generation=1618195064623745&alt=media',to_date('2021/04/12','YYYY/MM/DD'),5,0);
Insert into BOM.REVIEW (IDX,CATEGORY,SUBS_IDX,FLOWER_IDX,FCLASS_IDX,PRODUCT_IDX,NAME,MEMBER_ID,IMAGE,REG_DATE,STAR,LIKE_COUNT) values (323,'소품샵',null,null,null,63,'영롱한 화병...♥.♥','yoonchang@bit.com','https://storage.googleapis.com/download/storage/v1/b/upload.alwaysbom.xyz/o/product%2Freviews%2FaTAbzNyVuS-none.jfif?generation=1618195487316912&alt=media',to_date('2021/04/12','YYYY/MM/DD'),5,1);
Insert into BOM.REVIEW (IDX,CATEGORY,SUBS_IDX,FLOWER_IDX,FCLASS_IDX,PRODUCT_IDX,NAME,MEMBER_ID,IMAGE,REG_DATE,STAR,LIKE_COUNT) values (233,'소품샵',null,null,null,43,'생각보다 되게 작아요','hena@bit.com','https://storage.googleapis.com/download/storage/v1/b/upload.alwaysbom.xyz/o/product%2Freviews%2FKcGXDusOEm-123144417_407840380620716_6063579522559180749_n.jpg?generation=1618056905547955&alt=media',to_date('2021/04/10','YYYY/MM/DD'),5,0);
Insert into BOM.REVIEW (IDX,CATEGORY,SUBS_IDX,FLOWER_IDX,FCLASS_IDX,PRODUCT_IDX,NAME,MEMBER_ID,IMAGE,REG_DATE,STAR,LIKE_COUNT) values (234,'꽃다발',null,48,null,null,'여자친구 선물로 샀는데','jaehoon@bit.com',null,to_date('2021/04/10','YYYY/MM/DD'),4,1);
Insert into BOM.REVIEW (IDX,CATEGORY,SUBS_IDX,FLOWER_IDX,FCLASS_IDX,PRODUCT_IDX,NAME,MEMBER_ID,IMAGE,REG_DATE,STAR,LIKE_COUNT) values (293,'클래스',null,null,69,null,'가시 찔렸어요..','xzllxz456@naver.com',null,to_date('2021/03/11','YYYY/MM/DD'),3,0);
Insert into BOM.REVIEW (IDX,CATEGORY,SUBS_IDX,FLOWER_IDX,FCLASS_IDX,PRODUCT_IDX,NAME,MEMBER_ID,IMAGE,REG_DATE,STAR,LIKE_COUNT) values (324,'꽃다발',null,83,null,null,'🌷튤립🌷','yoonchang@bit.com','https://storage.googleapis.com/download/storage/v1/b/upload.alwaysbom.xyz/o/flower%2Freviews%2FDRnMmckqMT-ad1709dba6213c5d16bf8db1bf9992de.jpg?generation=1618195684541411&alt=media',to_date('2021/04/12','YYYY/MM/DD'),5,0);
Insert into BOM.REVIEW (IDX,CATEGORY,SUBS_IDX,FLOWER_IDX,FCLASS_IDX,PRODUCT_IDX,NAME,MEMBER_ID,IMAGE,REG_DATE,STAR,LIKE_COUNT) values (179,'클래스',null,null,72,null,'좋은 분들을 만나 재밌게 공부했어요.','test@test.com','https://storage.googleapis.com/download/storage/v1/b/upload.alwaysbom.xyz/o/fclass%2Freviews%2FoolANsZzQP-DSCF7676-1200x1600-2-768x1024.jpg?generation=1618127905079891&alt=media',to_date('2021/04/10','YYYY/MM/DD'),5,5);
Insert into BOM.REVIEW (IDX,CATEGORY,SUBS_IDX,FLOWER_IDX,FCLASS_IDX,PRODUCT_IDX,NAME,MEMBER_ID,IMAGE,REG_DATE,STAR,LIKE_COUNT) values (325,'꽃다발',null,64,null,null,'마음에 들어요 !','yoonchang@bit.com','https://storage.googleapis.com/download/storage/v1/b/upload.alwaysbom.xyz/o/flower%2Freviews%2FwgNnVbyjBU-554X554.jfif?generation=1618195885460231&alt=media',to_date('2021/04/12','YYYY/MM/DD'),5,0);
Insert into BOM.REVIEW (IDX,CATEGORY,SUBS_IDX,FLOWER_IDX,FCLASS_IDX,PRODUCT_IDX,NAME,MEMBER_ID,IMAGE,REG_DATE,STAR,LIKE_COUNT) values (327,'꽃다발',null,46,null,null,'화보용으로 최고네요! 🌷','yuna1880@naver.com','https://storage.googleapis.com/download/storage/v1/b/upload.alwaysbom.xyz/o/flower%2Freviews%2FFFFLJJQvQK-1610786984067-8_15mMud2.jpg?generation=1618196304991535&alt=media',to_date('2021/04/12','YYYY/MM/DD'),5,0);
Insert into BOM.REVIEW (IDX,CATEGORY,SUBS_IDX,FLOWER_IDX,FCLASS_IDX,PRODUCT_IDX,NAME,MEMBER_ID,IMAGE,REG_DATE,STAR,LIKE_COUNT) values (313,'꽃다발',null,64,null,null,'너무 만족합니다>.<','sld564321@gmail.com',null,to_date('2021/04/12','YYYY/MM/DD'),5,0);
Insert into BOM.REVIEW (IDX,CATEGORY,SUBS_IDX,FLOWER_IDX,FCLASS_IDX,PRODUCT_IDX,NAME,MEMBER_ID,IMAGE,REG_DATE,STAR,LIKE_COUNT) values (321,'소품샵',null,null,null,63,'이런 만족스러운 상품이 다있나!👍','jinyoung@bit.com',null,to_date('2021/04/12','YYYY/MM/DD'),5,0);
Insert into BOM.REVIEW (IDX,CATEGORY,SUBS_IDX,FLOWER_IDX,FCLASS_IDX,PRODUCT_IDX,NAME,MEMBER_ID,IMAGE,REG_DATE,STAR,LIKE_COUNT) values (291,'꽃다발',null,65,null,null,'꽃이 정말 이쁘네요','hena@bit.com','https://storage.googleapis.com/download/storage/v1/b/upload.alwaysbom.xyz/o/flower%2Freviews%2FydwZivtntv-%EB%8B%A4%EC%9A%B4%EB%A1%9C%EB%93%9C.jpg?generation=1618170129431660&alt=media',to_date('2021/04/11','YYYY/MM/DD'),3,0);
Insert into BOM.REVIEW (IDX,CATEGORY,SUBS_IDX,FLOWER_IDX,FCLASS_IDX,PRODUCT_IDX,NAME,MEMBER_ID,IMAGE,REG_DATE,STAR,LIKE_COUNT) values (296,'클래스',null,null,69,null,'클래스 내부가 넘 예뻐요','jinyoung@bit.com',null,to_date('2021/01/21','YYYY/MM/DD'),5,0);
Insert into BOM.REVIEW (IDX,CATEGORY,SUBS_IDX,FLOWER_IDX,FCLASS_IDX,PRODUCT_IDX,NAME,MEMBER_ID,IMAGE,REG_DATE,STAR,LIKE_COUNT) values (322,'소품샵',null,null,null,63,'흠...😳','yidamyeong@gmail.com',null,to_date('2021/04/12','YYYY/MM/DD'),3,0);
Insert into BOM.REVIEW (IDX,CATEGORY,SUBS_IDX,FLOWER_IDX,FCLASS_IDX,PRODUCT_IDX,NAME,MEMBER_ID,IMAGE,REG_DATE,STAR,LIKE_COUNT) values (331,'정기구독',45,null,null,null,'힐링도 하고 완전 최고입니다 ❣️','yoonchang@bit.com','https://storage.googleapis.com/download/storage/v1/b/upload.alwaysbom.xyz/o/subs%2Freviews%2FCIMQRPcnMr-1610786984067-1_cgHD6I1.jpg?generation=1618196591400357&alt=media',to_date('2021/04/12','YYYY/MM/DD'),5,0);
Insert into BOM.REVIEW (IDX,CATEGORY,SUBS_IDX,FLOWER_IDX,FCLASS_IDX,PRODUCT_IDX,NAME,MEMBER_ID,IMAGE,REG_DATE,STAR,LIKE_COUNT) values (333,'정기구독',42,null,null,null,'좋아요 👍','yoonchang@bit.com',null,to_date('2021/04/12','YYYY/MM/DD'),5,0);
Insert into BOM.REVIEW (IDX,CATEGORY,SUBS_IDX,FLOWER_IDX,FCLASS_IDX,PRODUCT_IDX,NAME,MEMBER_ID,IMAGE,REG_DATE,STAR,LIKE_COUNT) values (248,'꽃다발',null,65,null,null,'꽃이 정말 이쁘네요','test@test.com','https://storage.googleapis.com/download/storage/v1/b/upload.alwaysbom.xyz/o/review%2FTBsHcOoDgv-%ED%8C%8C%EC%8A%A4%ED%85%94%EA%BD%83.png?generation=1618072061322770&alt=media',to_date('2021/04/10','YYYY/MM/DD'),5,8);
Insert into BOM.REVIEW (IDX,CATEGORY,SUBS_IDX,FLOWER_IDX,FCLASS_IDX,PRODUCT_IDX,NAME,MEMBER_ID,IMAGE,REG_DATE,STAR,LIKE_COUNT) values (340,'정기구독',47,null,null,null,'이게모야 너무 예쁘잖아용 ❤️','sanghee@bit.com','https://storage.googleapis.com/download/storage/v1/b/upload.alwaysbom.xyz/o/subs%2Freviews%2FOBBIzLhqAM-1611713215957.jpg?generation=1618197103442346&alt=media',to_date('2021/04/12','YYYY/MM/DD'),5,1);
Insert into BOM.REVIEW (IDX,CATEGORY,SUBS_IDX,FLOWER_IDX,FCLASS_IDX,PRODUCT_IDX,NAME,MEMBER_ID,IMAGE,REG_DATE,STAR,LIKE_COUNT) values (341,'정기구독',42,null,null,null,'두번째 꽃 구독 💗','sanghee@bit.com','https://storage.googleapis.com/download/storage/v1/b/upload.alwaysbom.xyz/o/subs%2Freviews%2FnvkyErRNiO-D182F99D-1BBE-4D82-A454-B6E2F04D87E1.jpeg?generation=1618197140350341&alt=media',to_date('2021/04/12','YYYY/MM/DD'),5,1);
Insert into BOM.REVIEW (IDX,CATEGORY,SUBS_IDX,FLOWER_IDX,FCLASS_IDX,PRODUCT_IDX,NAME,MEMBER_ID,IMAGE,REG_DATE,STAR,LIKE_COUNT) values (343,'정기구독',44,null,null,null,'이번 꽃이 젤루 이뻐요!','sanghee@bit.com','https://storage.googleapis.com/download/storage/v1/b/upload.alwaysbom.xyz/o/subs%2Freviews%2FUuxsdPPjWc-16081704060686686545921591236814_ec99W01.jpg?generation=1618197248854352&alt=media',to_date('2021/04/12','YYYY/MM/DD'),5,1);
Insert into BOM.REVIEW (IDX,CATEGORY,SUBS_IDX,FLOWER_IDX,FCLASS_IDX,PRODUCT_IDX,NAME,MEMBER_ID,IMAGE,REG_DATE,STAR,LIKE_COUNT) values (160,'꽃다발',null,65,null,null,'하하호호헤헤','test@test.com',null,to_date('2021/04/09','YYYY/MM/DD'),3,0);
Insert into BOM.REVIEW (IDX,CATEGORY,SUBS_IDX,FLOWER_IDX,FCLASS_IDX,PRODUCT_IDX,NAME,MEMBER_ID,IMAGE,REG_DATE,STAR,LIKE_COUNT) values (344,'정기구독',45,null,null,null,'정말 매력적인 꽃구독 이네요! 👍','sanghee@bit.com','https://storage.googleapis.com/download/storage/v1/b/upload.alwaysbom.xyz/o/subs%2Freviews%2FJZzKFyMzRN-20201202_200602.jpg?generation=1618197296088474&alt=media',to_date('2021/04/12','YYYY/MM/DD'),5,1);
Insert into BOM.REVIEW (IDX,CATEGORY,SUBS_IDX,FLOWER_IDX,FCLASS_IDX,PRODUCT_IDX,NAME,MEMBER_ID,IMAGE,REG_DATE,STAR,LIKE_COUNT) values (345,'클래스',null,null,80,null,'꽃 만들기 체질인가봐요!!😆💗','sld564321@gmail.com',null,to_date('2021/04/12','YYYY/MM/DD'),5,1);
Insert into BOM.REVIEW (IDX,CATEGORY,SUBS_IDX,FLOWER_IDX,FCLASS_IDX,PRODUCT_IDX,NAME,MEMBER_ID,IMAGE,REG_DATE,STAR,LIKE_COUNT) values (346,'꽃다발',null,64,null,null,'너무  향긋하고 예뻐요 라일락 💜','sanghee@bit.com','https://storage.googleapis.com/download/storage/v1/b/upload.alwaysbom.xyz/o/flower%2Freviews%2FZPGHaJTRKq-KakaoTalk_20210409_161202367.jpg?generation=1618197452965467&alt=media',to_date('2021/04/12','YYYY/MM/DD'),5,1);
Insert into BOM.REVIEW (IDX,CATEGORY,SUBS_IDX,FLOWER_IDX,FCLASS_IDX,PRODUCT_IDX,NAME,MEMBER_ID,IMAGE,REG_DATE,STAR,LIKE_COUNT) values (347,'꽃다발',null,83,null,null,'망고튤립 💖','sanghee@bit.com','https://storage.googleapis.com/download/storage/v1/b/upload.alwaysbom.xyz/o/flower%2Freviews%2FBFTkMuqtbt-KakaoTalk_20210225_173521116.jpg?generation=1618197536784675&alt=media',to_date('2021/04/12','YYYY/MM/DD'),5,1);
Insert into BOM.REVIEW (IDX,CATEGORY,SUBS_IDX,FLOWER_IDX,FCLASS_IDX,PRODUCT_IDX,NAME,MEMBER_ID,IMAGE,REG_DATE,STAR,LIKE_COUNT) values (349,'꽃다발',null,65,null,null,'엄마가 너무 행복해하세요 🌺','sanghee@bit.com','https://storage.googleapis.com/download/storage/v1/b/upload.alwaysbom.xyz/o/flower%2Freviews%2FvaBZuQpeNE-20200827_162030.jpg?generation=1618197647305353&alt=media',to_date('2021/04/12','YYYY/MM/DD'),5,1);
Insert into BOM.REVIEW (IDX,CATEGORY,SUBS_IDX,FLOWER_IDX,FCLASS_IDX,PRODUCT_IDX,NAME,MEMBER_ID,IMAGE,REG_DATE,STAR,LIKE_COUNT) values (350,'꽃다발',null,43,null,null,'꽃 예뻐요 💐','yoonhee@bit.com','https://storage.googleapis.com/download/storage/v1/b/upload.alwaysbom.xyz/o/flower%2Freviews%2FrGFcwyAZyG-1617724328933-0.jpg?generation=1618198170546871&alt=media',to_date('2021/04/12','YYYY/MM/DD'),5,1);
Insert into BOM.REVIEW (IDX,CATEGORY,SUBS_IDX,FLOWER_IDX,FCLASS_IDX,PRODUCT_IDX,NAME,MEMBER_ID,IMAGE,REG_DATE,STAR,LIKE_COUNT) values (283,'소품샵',null,null,null,null,'꽃이 정말 이쁘네요','hena@bit.com',null,to_date('2021/04/11','YYYY/MM/DD'),5,0);
Insert into BOM.REVIEW (IDX,CATEGORY,SUBS_IDX,FLOWER_IDX,FCLASS_IDX,PRODUCT_IDX,NAME,MEMBER_ID,IMAGE,REG_DATE,STAR,LIKE_COUNT) values (281,'클래스',null,null,69,null,'꽃이 예뻐서 기분이 좋아요 :)','hayan@bit.com',null,to_date('2021/04/11','YYYY/MM/DD'),5,0);
Insert into BOM.REVIEW (IDX,CATEGORY,SUBS_IDX,FLOWER_IDX,FCLASS_IDX,PRODUCT_IDX,NAME,MEMBER_ID,IMAGE,REG_DATE,STAR,LIKE_COUNT) values (282,'클래스',null,null,69,null,'클래스 냄새 좋던데..','jinah@bit.com','https://storage.googleapis.com/download/storage/v1/b/upload.alwaysbom.xyz/o/fclass%2Freviews%2FYQAHdEtjGu-26069176_174015086522761_47886411449237504_n.jpg?generation=1618168464664094&alt=media',to_date('2021/02/07','YYYY/MM/DD'),4,0);
Insert into BOM.REVIEW (IDX,CATEGORY,SUBS_IDX,FLOWER_IDX,FCLASS_IDX,PRODUCT_IDX,NAME,MEMBER_ID,IMAGE,REG_DATE,STAR,LIKE_COUNT) values (284,'클래스',null,null,69,null,'진짜 너무해여!!!','yuna1880@naver.com',null,to_date('2021/04/11','YYYY/MM/DD'),5,0);
Insert into BOM.REVIEW (IDX,CATEGORY,SUBS_IDX,FLOWER_IDX,FCLASS_IDX,PRODUCT_IDX,NAME,MEMBER_ID,IMAGE,REG_DATE,STAR,LIKE_COUNT) values (285,'정기구독',null,null,null,null,'리뷰입니다','hena@bit.com',null,to_date('2021/04/11','YYYY/MM/DD'),5,0);
Insert into BOM.REVIEW (IDX,CATEGORY,SUBS_IDX,FLOWER_IDX,FCLASS_IDX,PRODUCT_IDX,NAME,MEMBER_ID,IMAGE,REG_DATE,STAR,LIKE_COUNT) values (286,'꽃다발',null,null,null,null,'리뷰테스트입니다','hena@bit.com','https://storage.googleapis.com/download/storage/v1/b/upload.alwaysbom.xyz/o/flower%2Freviews%2FEskRyONYJC-%EB%8B%A4%EC%9A%B4%EB%A1%9C%EB%93%9C.jpg?generation=1618169301758209&alt=media',to_date('2021/04/11','YYYY/MM/DD'),5,0);
Insert into BOM.REVIEW (IDX,CATEGORY,SUBS_IDX,FLOWER_IDX,FCLASS_IDX,PRODUCT_IDX,NAME,MEMBER_ID,IMAGE,REG_DATE,STAR,LIKE_COUNT) values (287,'정기구독',null,null,null,null,'리뷰입니다','hena@bit.com','https://storage.googleapis.com/download/storage/v1/b/upload.alwaysbom.xyz/o/subs%2Freviews%2FZITXEpAbzd-%EB%8B%A4%EC%9A%B4%EB%A1%9C%EB%93%9C.jpg?generation=1618169321560674&alt=media',to_date('2021/04/11','YYYY/MM/DD'),5,0);
Insert into BOM.REVIEW (IDX,CATEGORY,SUBS_IDX,FLOWER_IDX,FCLASS_IDX,PRODUCT_IDX,NAME,MEMBER_ID,IMAGE,REG_DATE,STAR,LIKE_COUNT) values (292,'클래스',null,null,69,null,'이번엔 다른수업을 신청하면서..','yidamyeong@gmail.com','https://storage.googleapis.com/download/storage/v1/b/upload.alwaysbom.xyz/o/fclass%2Freviews%2FoBJbNvogmN-JJM13496-1600x1067.jpg?generation=1618170151167577&alt=media',to_date('2021/04/11','YYYY/MM/DD'),5,0);
Insert into BOM.REVIEW (IDX,CATEGORY,SUBS_IDX,FLOWER_IDX,FCLASS_IDX,PRODUCT_IDX,NAME,MEMBER_ID,IMAGE,REG_DATE,STAR,LIKE_COUNT) values (294,'클래스',null,null,69,null,'리뷰쓰기 싫었는데','jaehoon@bit.com',null,to_date('2021/04/11','YYYY/MM/DD'),5,0);
Insert into BOM.REVIEW (IDX,CATEGORY,SUBS_IDX,FLOWER_IDX,FCLASS_IDX,PRODUCT_IDX,NAME,MEMBER_ID,IMAGE,REG_DATE,STAR,LIKE_COUNT) values (319,'소품샵',null,null,null,63,'팅커벨 화병은 아예 입고 안 되는 건가요?','mino@bit.com','https://storage.googleapis.com/download/storage/v1/b/upload.alwaysbom.xyz/o/product%2Freviews%2FzTrmISGlDi-P0000CAT_01_shop1_103610.jpg?generation=1618194754161633&alt=media',to_date('2021/04/12','YYYY/MM/DD'),5,0);
Insert into BOM.REVIEW (IDX,CATEGORY,SUBS_IDX,FLOWER_IDX,FCLASS_IDX,PRODUCT_IDX,NAME,MEMBER_ID,IMAGE,REG_DATE,STAR,LIKE_COUNT) values (326,'클래스',null,null,69,null,'꽃의향기..🐶','giho@bit.com',null,to_date('2021/04/12','YYYY/MM/DD'),5,0);
Insert into BOM.REVIEW (IDX,CATEGORY,SUBS_IDX,FLOWER_IDX,FCLASS_IDX,PRODUCT_IDX,NAME,MEMBER_ID,IMAGE,REG_DATE,STAR,LIKE_COUNT) values (328,'정기구독',45,null,null,null,'구성이 알차요!','giho@bit.com','https://storage.googleapis.com/download/storage/v1/b/upload.alwaysbom.xyz/o/subs%2Freviews%2FbulqzlieWu-16180964566583720760534383088953.jpg?generation=1618196404735006&alt=media',to_date('2021/04/12','YYYY/MM/DD'),4,0);
Insert into BOM.REVIEW (IDX,CATEGORY,SUBS_IDX,FLOWER_IDX,FCLASS_IDX,PRODUCT_IDX,NAME,MEMBER_ID,IMAGE,REG_DATE,STAR,LIKE_COUNT) values (329,'정기구독',44,null,null,null,'알록달록 사탕방 사탕같아요','giho@bit.com','https://storage.googleapis.com/download/storage/v1/b/upload.alwaysbom.xyz/o/subs%2Freviews%2FdaGKBaVsbm-06BFC7E5-0E8F-4AB1-B123-AD5678399A44.jpeg?generation=1618196509756981&alt=media',to_date('2021/04/12','YYYY/MM/DD'),5,0);
Insert into BOM.REVIEW (IDX,CATEGORY,SUBS_IDX,FLOWER_IDX,FCLASS_IDX,PRODUCT_IDX,NAME,MEMBER_ID,IMAGE,REG_DATE,STAR,LIKE_COUNT) values (330,'소품샵',null,null,null,63,'엠버화병 고급...','giho@bit.com','https://storage.googleapis.com/download/storage/v1/b/upload.alwaysbom.xyz/o/product%2Freviews%2FgFHNrmMuBM-none%20(1).jfif?generation=1618196584257828&alt=media',to_date('2021/04/12','YYYY/MM/DD'),5,0);
Insert into BOM.REVIEW (IDX,CATEGORY,SUBS_IDX,FLOWER_IDX,FCLASS_IDX,PRODUCT_IDX,NAME,MEMBER_ID,IMAGE,REG_DATE,STAR,LIKE_COUNT) values (332,'꽃다발',null,63,null,null,'이름도 특이한 캄파넬라','giho@bit.com','https://storage.googleapis.com/download/storage/v1/b/upload.alwaysbom.xyz/o/flower%2Freviews%2FheRcpevoyC-b90cba54bf826907a1c3454e5a2ee796.jpg?generation=1618196656714780&alt=media',to_date('2021/04/12','YYYY/MM/DD'),4,0);
Insert into BOM.REVIEW (IDX,CATEGORY,SUBS_IDX,FLOWER_IDX,FCLASS_IDX,PRODUCT_IDX,NAME,MEMBER_ID,IMAGE,REG_DATE,STAR,LIKE_COUNT) values (335,'꽃다발',null,65,null,null,'거베라 가짜꽃같아여!','giho@bit.com','https://storage.googleapis.com/download/storage/v1/b/upload.alwaysbom.xyz/o/flower%2Freviews%2FbRjaszaLNF-899bfd2d37bdca879d3a00d290f790c9%20(1).jpg?generation=1618196747729946&alt=media',to_date('2021/04/12','YYYY/MM/DD'),5,1);
Insert into BOM.REVIEW (IDX,CATEGORY,SUBS_IDX,FLOWER_IDX,FCLASS_IDX,PRODUCT_IDX,NAME,MEMBER_ID,IMAGE,REG_DATE,STAR,LIKE_COUNT) values (336,'꽃다발',null,83,null,null,'윽 튤립 귀여워','giho@bit.com','https://storage.googleapis.com/download/storage/v1/b/upload.alwaysbom.xyz/o/flower%2Freviews%2FIoSggyvPct-a54a95ff2a489641f162693be4b67240.jpg?generation=1618196879143281&alt=media',to_date('2021/04/12','YYYY/MM/DD'),5,0);
Insert into BOM.REVIEW (IDX,CATEGORY,SUBS_IDX,FLOWER_IDX,FCLASS_IDX,PRODUCT_IDX,NAME,MEMBER_ID,IMAGE,REG_DATE,STAR,LIKE_COUNT) values (337,'꽃다발',null,64,null,null,'사진이랑 비슷해요','giho@bit.com','https://storage.googleapis.com/download/storage/v1/b/upload.alwaysbom.xyz/o/flower%2Freviews%2FcqXBCTTpIG-1_1_xc93qh4.png?generation=1618196938363087&alt=media',to_date('2021/04/12','YYYY/MM/DD'),5,0);
Insert into BOM.REVIEW (IDX,CATEGORY,SUBS_IDX,FLOWER_IDX,FCLASS_IDX,PRODUCT_IDX,NAME,MEMBER_ID,IMAGE,REG_DATE,STAR,LIKE_COUNT) values (338,'클래스',null,null,69,null,'클래스 분위기덕분에','yoonchang@bit.com',null,to_date('2021/04/12','YYYY/MM/DD'),4,0);
Insert into BOM.REVIEW (IDX,CATEGORY,SUBS_IDX,FLOWER_IDX,FCLASS_IDX,PRODUCT_IDX,NAME,MEMBER_ID,IMAGE,REG_DATE,STAR,LIKE_COUNT) values (342,'정기구독',47,null,null,null,'우와 :)','daseul@bit.com','https://storage.googleapis.com/download/storage/v1/b/upload.alwaysbom.xyz/o/subs%2Freviews%2FflalGYSkBo-07A4DC1A-4D25-432D-8468-77F91C55850D.jpeg?generation=1618197197321217&alt=media',to_date('2021/04/12','YYYY/MM/DD'),5,1);
Insert into BOM.REVIEW (IDX,CATEGORY,SUBS_IDX,FLOWER_IDX,FCLASS_IDX,PRODUCT_IDX,NAME,MEMBER_ID,IMAGE,REG_DATE,STAR,LIKE_COUNT) values (351,'꽃다발',null,63,null,null,'예쁜 꽃이 배송왔어요. 배송은 살짝 실망입니다.','yoonhee@bit.com','https://storage.googleapis.com/download/storage/v1/b/upload.alwaysbom.xyz/o/flower%2Freviews%2FJsZIhZJdcj-16162030392485075781811283571741.jpg?generation=1618198218849437&alt=media',to_date('2021/04/12','YYYY/MM/DD'),3,0);
Insert into BOM.REVIEW (IDX,CATEGORY,SUBS_IDX,FLOWER_IDX,FCLASS_IDX,PRODUCT_IDX,NAME,MEMBER_ID,IMAGE,REG_DATE,STAR,LIKE_COUNT) values (352,'꽃다발',null,64,null,null,'라일락 꽃다발 😳','yoonhee@bit.com','https://storage.googleapis.com/download/storage/v1/b/upload.alwaysbom.xyz/o/flower%2Freviews%2FGJcTmWxAGM-20210410_162939.jpg?generation=1618198508083333&alt=media',to_date('2021/04/12','YYYY/MM/DD'),5,1);
Insert into BOM.REVIEW (IDX,CATEGORY,SUBS_IDX,FLOWER_IDX,FCLASS_IDX,PRODUCT_IDX,NAME,MEMBER_ID,IMAGE,REG_DATE,STAR,LIKE_COUNT) values (367,'클래스',null,null,69,null,'리뷰입니다','dlagksk64@naver.com','https://storage.googleapis.com/download/storage/v1/b/upload.alwaysbom.xyz/o/fclass%2Freviews%2FCTdeLmEwAj-fclass_addReview.jpeg?generation=1618302663174854&alt=media',to_date('2021/04/13','YYYY/MM/DD'),5,0);
REM INSERTING into BOM.REVIEW_LIKE
SET DEFINE OFF;
Insert into BOM.REVIEW_LIKE (IDX,REVIEW_IDX,MEMBER_ID) values (223,352,'sld564321@gmail.com');
Insert into BOM.REVIEW_LIKE (IDX,REVIEW_IDX,MEMBER_ID) values (225,349,'sld564321@gmail.com');
Insert into BOM.REVIEW_LIKE (IDX,REVIEW_IDX,MEMBER_ID) values (224,350,'sld564321@gmail.com');
Insert into BOM.REVIEW_LIKE (IDX,REVIEW_IDX,MEMBER_ID) values (226,348,'sld564321@gmail.com');
Insert into BOM.REVIEW_LIKE (IDX,REVIEW_IDX,MEMBER_ID) values (227,347,'sld564321@gmail.com');
Insert into BOM.REVIEW_LIKE (IDX,REVIEW_IDX,MEMBER_ID) values (228,346,'sld564321@gmail.com');
Insert into BOM.REVIEW_LIKE (IDX,REVIEW_IDX,MEMBER_ID) values (229,345,'sld564321@gmail.com');
Insert into BOM.REVIEW_LIKE (IDX,REVIEW_IDX,MEMBER_ID) values (230,344,'sld564321@gmail.com');
Insert into BOM.REVIEW_LIKE (IDX,REVIEW_IDX,MEMBER_ID) values (231,343,'sld564321@gmail.com');
Insert into BOM.REVIEW_LIKE (IDX,REVIEW_IDX,MEMBER_ID) values (232,342,'sld564321@gmail.com');
Insert into BOM.REVIEW_LIKE (IDX,REVIEW_IDX,MEMBER_ID) values (233,341,'sld564321@gmail.com');
Insert into BOM.REVIEW_LIKE (IDX,REVIEW_IDX,MEMBER_ID) values (234,340,'sld564321@gmail.com');
Insert into BOM.REVIEW_LIKE (IDX,REVIEW_IDX,MEMBER_ID) values (235,339,'sld564321@gmail.com');
Insert into BOM.REVIEW_LIKE (IDX,REVIEW_IDX,MEMBER_ID) values (236,335,'sld564321@gmail.com');
Insert into BOM.REVIEW_LIKE (IDX,REVIEW_IDX,MEMBER_ID) values (237,334,'sld564321@gmail.com');
Insert into BOM.REVIEW_LIKE (IDX,REVIEW_IDX,MEMBER_ID) values (242,362,'xzllxz456@naver.com');
Insert into BOM.REVIEW_LIKE (IDX,REVIEW_IDX,MEMBER_ID) values (246,334,'hena@bit.com');
Insert into BOM.REVIEW_LIKE (IDX,REVIEW_IDX,MEMBER_ID) values (239,314,'sld564321@gmail.com');
Insert into BOM.REVIEW_LIKE (IDX,REVIEW_IDX,MEMBER_ID) values (240,312,'sld564321@gmail.com');
Insert into BOM.REVIEW_LIKE (IDX,REVIEW_IDX,MEMBER_ID) values (247,362,'hena@bit.com');
Insert into BOM.REVIEW_LIKE (IDX,REVIEW_IDX,MEMBER_ID) values (251,308,'yuna1880@naver.com');
Insert into BOM.REVIEW_LIKE (IDX,REVIEW_IDX,MEMBER_ID) values (249,323,'hena@bit.com');
Insert into BOM.REVIEW_LIKE (IDX,REVIEW_IDX,MEMBER_ID) values (250,310,'yuna1880@naver.com');
Insert into BOM.REVIEW_LIKE (IDX,REVIEW_IDX,MEMBER_ID) values (252,364,'yuna1880@naver.com');
Insert into BOM.REVIEW_LIKE (IDX,REVIEW_IDX,MEMBER_ID) values (253,361,'yuna1880@naver.com');
Insert into BOM.REVIEW_LIKE (IDX,REVIEW_IDX,MEMBER_ID) values (254,357,'yuna1880@naver.com');
Insert into BOM.REVIEW_LIKE (IDX,REVIEW_IDX,MEMBER_ID) values (255,348,'yuna1880@naver.com');
Insert into BOM.REVIEW_LIKE (IDX,REVIEW_IDX,MEMBER_ID) values (256,354,'yuna1880@naver.com');
Insert into BOM.REVIEW_LIKE (IDX,REVIEW_IDX,MEMBER_ID) values (261,366,'xzllxz456@naver.com');
Insert into BOM.REVIEW_LIKE (IDX,REVIEW_IDX,MEMBER_ID) values (244,365,'yuna1880@naver.com');
Insert into BOM.REVIEW_LIKE (IDX,REVIEW_IDX,MEMBER_ID) values (245,256,'yuna1880@naver.com');
Insert into BOM.REVIEW_LIKE (IDX,REVIEW_IDX,MEMBER_ID) values (257,250,'test@test.com');
Insert into BOM.REVIEW_LIKE (IDX,REVIEW_IDX,MEMBER_ID) values (258,256,'test@test.com');
Insert into BOM.REVIEW_LIKE (IDX,REVIEW_IDX,MEMBER_ID) values (259,314,'test@test.com');
Insert into BOM.REVIEW_LIKE (IDX,REVIEW_IDX,MEMBER_ID) values (260,312,'test@test.com');
Insert into BOM.REVIEW_LIKE (IDX,REVIEW_IDX,MEMBER_ID) values (216,309,'hena@bit.com');
Insert into BOM.REVIEW_LIKE (IDX,REVIEW_IDX,MEMBER_ID) values (218,303,'hena@bit.com');
Insert into BOM.REVIEW_LIKE (IDX,REVIEW_IDX,MEMBER_ID) values (217,310,'hena@bit.com');
Insert into BOM.REVIEW_LIKE (IDX,REVIEW_IDX,MEMBER_ID) values (220,250,'yoonhee@bit.com');
Insert into BOM.REVIEW_LIKE (IDX,REVIEW_IDX,MEMBER_ID) values (221,310,'yoonhee@bit.com');
Insert into BOM.REVIEW_LIKE (IDX,REVIEW_IDX,MEMBER_ID) values (243,310,'xzllxz456@naver.com');
Insert into BOM.REVIEW_LIKE (IDX,REVIEW_IDX,MEMBER_ID) values (264,295,'test@test.com');
REM INSERTING into BOM.SCHEDULE
SET DEFINE OFF;
Insert into BOM.SCHEDULE (IDX,BRANCH_IDX,FCLASS_IDX,SDATE,SMONTH,SDAY,START_TIME,END_TIME,TOTAL_COUNT,REG_COUNT) values (122,21,76,to_date('2021/04/10','YYYY/MM/DD'),4,10,'10:00','14:00',10,0);
Insert into BOM.SCHEDULE (IDX,BRANCH_IDX,FCLASS_IDX,SDATE,SMONTH,SDAY,START_TIME,END_TIME,TOTAL_COUNT,REG_COUNT) values (123,21,76,to_date('2021/04/11','YYYY/MM/DD'),4,11,'11:00','14:00',5,0);
Insert into BOM.SCHEDULE (IDX,BRANCH_IDX,FCLASS_IDX,SDATE,SMONTH,SDAY,START_TIME,END_TIME,TOTAL_COUNT,REG_COUNT) values (124,21,76,to_date('2021/04/12','YYYY/MM/DD'),4,12,'13:00','15:00',5,0);
Insert into BOM.SCHEDULE (IDX,BRANCH_IDX,FCLASS_IDX,SDATE,SMONTH,SDAY,START_TIME,END_TIME,TOTAL_COUNT,REG_COUNT) values (125,21,76,to_date('2021/04/13','YYYY/MM/DD'),4,13,'15:00','17:00',10,1);
Insert into BOM.SCHEDULE (IDX,BRANCH_IDX,FCLASS_IDX,SDATE,SMONTH,SDAY,START_TIME,END_TIME,TOTAL_COUNT,REG_COUNT) values (261,21,69,to_date('2021/05/12','YYYY/MM/DD'),5,12,'10:00','16:00',5,0);
Insert into BOM.SCHEDULE (IDX,BRANCH_IDX,FCLASS_IDX,SDATE,SMONTH,SDAY,START_TIME,END_TIME,TOTAL_COUNT,REG_COUNT) values (128,10,72,to_date('2021/04/16','YYYY/MM/DD'),4,16,'14:00','17:00',10,0);
Insert into BOM.SCHEDULE (IDX,BRANCH_IDX,FCLASS_IDX,SDATE,SMONTH,SDAY,START_TIME,END_TIME,TOTAL_COUNT,REG_COUNT) values (142,10,72,to_date('2021/04/14','YYYY/MM/DD'),4,14,'10:00','12:00',10,0);
Insert into BOM.SCHEDULE (IDX,BRANCH_IDX,FCLASS_IDX,SDATE,SMONTH,SDAY,START_TIME,END_TIME,TOTAL_COUNT,REG_COUNT) values (144,10,72,to_date('2021/04/15','YYYY/MM/DD'),4,15,'13:00','15:00',10,1);
Insert into BOM.SCHEDULE (IDX,BRANCH_IDX,FCLASS_IDX,SDATE,SMONTH,SDAY,START_TIME,END_TIME,TOTAL_COUNT,REG_COUNT) values (121,21,76,to_date('2021/04/09','YYYY/MM/DD'),4,9,'10:00','14:00',10,0);
Insert into BOM.SCHEDULE (IDX,BRANCH_IDX,FCLASS_IDX,SDATE,SMONTH,SDAY,START_TIME,END_TIME,TOTAL_COUNT,REG_COUNT) values (145,10,72,to_date('2021/04/16','YYYY/MM/DD'),4,16,'14:00','16:00',10,1);
Insert into BOM.SCHEDULE (IDX,BRANCH_IDX,FCLASS_IDX,SDATE,SMONTH,SDAY,START_TIME,END_TIME,TOTAL_COUNT,REG_COUNT) values (146,21,69,to_date('2021/04/12','YYYY/MM/DD'),4,12,'10:00','20:00',10,2);
Insert into BOM.SCHEDULE (IDX,BRANCH_IDX,FCLASS_IDX,SDATE,SMONTH,SDAY,START_TIME,END_TIME,TOTAL_COUNT,REG_COUNT) values (147,21,69,to_date('2021/04/12','YYYY/MM/DD'),4,12,'10:00','20:00',10,2);
Insert into BOM.SCHEDULE (IDX,BRANCH_IDX,FCLASS_IDX,SDATE,SMONTH,SDAY,START_TIME,END_TIME,TOTAL_COUNT,REG_COUNT) values (148,21,69,to_date('2021/04/12','YYYY/MM/DD'),4,12,'10:00','20:00',10,1);
Insert into BOM.SCHEDULE (IDX,BRANCH_IDX,FCLASS_IDX,SDATE,SMONTH,SDAY,START_TIME,END_TIME,TOTAL_COUNT,REG_COUNT) values (149,21,69,to_date('2021/04/12','YYYY/MM/DD'),4,12,'10:00','20:00',10,1);
Insert into BOM.SCHEDULE (IDX,BRANCH_IDX,FCLASS_IDX,SDATE,SMONTH,SDAY,START_TIME,END_TIME,TOTAL_COUNT,REG_COUNT) values (150,10,79,to_date('2021/04/14','YYYY/MM/DD'),4,14,'10:00','13:00',10,0);
Insert into BOM.SCHEDULE (IDX,BRANCH_IDX,FCLASS_IDX,SDATE,SMONTH,SDAY,START_TIME,END_TIME,TOTAL_COUNT,REG_COUNT) values (151,10,79,to_date('2021/04/14','YYYY/MM/DD'),4,14,'13:00','15:00',10,1);
Insert into BOM.SCHEDULE (IDX,BRANCH_IDX,FCLASS_IDX,SDATE,SMONTH,SDAY,START_TIME,END_TIME,TOTAL_COUNT,REG_COUNT) values (152,10,79,to_date('2021/04/16','YYYY/MM/DD'),4,16,'14:00','16:00',10,0);
Insert into BOM.SCHEDULE (IDX,BRANCH_IDX,FCLASS_IDX,SDATE,SMONTH,SDAY,START_TIME,END_TIME,TOTAL_COUNT,REG_COUNT) values (153,10,79,to_date('2021/04/16','YYYY/MM/DD'),4,16,'11:00','13:00',10,0);
Insert into BOM.SCHEDULE (IDX,BRANCH_IDX,FCLASS_IDX,SDATE,SMONTH,SDAY,START_TIME,END_TIME,TOTAL_COUNT,REG_COUNT) values (154,10,79,to_date('2021/04/19','YYYY/MM/DD'),4,19,'11:00','13:00',10,0);
Insert into BOM.SCHEDULE (IDX,BRANCH_IDX,FCLASS_IDX,SDATE,SMONTH,SDAY,START_TIME,END_TIME,TOTAL_COUNT,REG_COUNT) values (155,10,79,to_date('2021/04/19','YYYY/MM/DD'),4,19,'13:00','15:00',10,0);
Insert into BOM.SCHEDULE (IDX,BRANCH_IDX,FCLASS_IDX,SDATE,SMONTH,SDAY,START_TIME,END_TIME,TOTAL_COUNT,REG_COUNT) values (156,10,79,to_date('2021/04/19','YYYY/MM/DD'),4,19,'15:00','17:00',10,0);
Insert into BOM.SCHEDULE (IDX,BRANCH_IDX,FCLASS_IDX,SDATE,SMONTH,SDAY,START_TIME,END_TIME,TOTAL_COUNT,REG_COUNT) values (157,10,79,to_date('2021/04/21','YYYY/MM/DD'),4,21,'15:00','17:00',10,0);
Insert into BOM.SCHEDULE (IDX,BRANCH_IDX,FCLASS_IDX,SDATE,SMONTH,SDAY,START_TIME,END_TIME,TOTAL_COUNT,REG_COUNT) values (158,10,79,to_date('2021/04/21','YYYY/MM/DD'),4,21,'17:00','19:00',10,0);
Insert into BOM.SCHEDULE (IDX,BRANCH_IDX,FCLASS_IDX,SDATE,SMONTH,SDAY,START_TIME,END_TIME,TOTAL_COUNT,REG_COUNT) values (159,10,79,to_date('2021/04/23','YYYY/MM/DD'),4,23,'11:00','13:00',10,0);
Insert into BOM.SCHEDULE (IDX,BRANCH_IDX,FCLASS_IDX,SDATE,SMONTH,SDAY,START_TIME,END_TIME,TOTAL_COUNT,REG_COUNT) values (160,10,79,to_date('2021/04/23','YYYY/MM/DD'),4,23,'14:00','16:00',10,1);
Insert into BOM.SCHEDULE (IDX,BRANCH_IDX,FCLASS_IDX,SDATE,SMONTH,SDAY,START_TIME,END_TIME,TOTAL_COUNT,REG_COUNT) values (161,10,72,to_date('2021/04/13','YYYY/MM/DD'),4,13,'11:00','12:00',5,2);
Insert into BOM.SCHEDULE (IDX,BRANCH_IDX,FCLASS_IDX,SDATE,SMONTH,SDAY,START_TIME,END_TIME,TOTAL_COUNT,REG_COUNT) values (162,10,72,to_date('2021/04/20','YYYY/MM/DD'),4,20,'10:00','12:00',5,0);
Insert into BOM.SCHEDULE (IDX,BRANCH_IDX,FCLASS_IDX,SDATE,SMONTH,SDAY,START_TIME,END_TIME,TOTAL_COUNT,REG_COUNT) values (163,10,72,to_date('2021/04/20','YYYY/MM/DD'),4,20,'11:00','14:00',5,1);
Insert into BOM.SCHEDULE (IDX,BRANCH_IDX,FCLASS_IDX,SDATE,SMONTH,SDAY,START_TIME,END_TIME,TOTAL_COUNT,REG_COUNT) values (164,10,72,to_date('2021/04/22','YYYY/MM/DD'),4,22,'11:00','14:00',10,0);
Insert into BOM.SCHEDULE (IDX,BRANCH_IDX,FCLASS_IDX,SDATE,SMONTH,SDAY,START_TIME,END_TIME,TOTAL_COUNT,REG_COUNT) values (165,10,72,to_date('2021/04/22','YYYY/MM/DD'),4,22,'13:00','15:00',10,0);
Insert into BOM.SCHEDULE (IDX,BRANCH_IDX,FCLASS_IDX,SDATE,SMONTH,SDAY,START_TIME,END_TIME,TOTAL_COUNT,REG_COUNT) values (166,10,72,to_date('2021/04/27','YYYY/MM/DD'),4,27,'13:00','15:00',10,0);
Insert into BOM.SCHEDULE (IDX,BRANCH_IDX,FCLASS_IDX,SDATE,SMONTH,SDAY,START_TIME,END_TIME,TOTAL_COUNT,REG_COUNT) values (167,10,72,to_date('2021/04/27','YYYY/MM/DD'),4,27,'15:00','17:00',10,0);
Insert into BOM.SCHEDULE (IDX,BRANCH_IDX,FCLASS_IDX,SDATE,SMONTH,SDAY,START_TIME,END_TIME,TOTAL_COUNT,REG_COUNT) values (168,10,72,to_date('2021/04/27','YYYY/MM/DD'),4,27,'17:00','19:00',10,0);
Insert into BOM.SCHEDULE (IDX,BRANCH_IDX,FCLASS_IDX,SDATE,SMONTH,SDAY,START_TIME,END_TIME,TOTAL_COUNT,REG_COUNT) values (169,10,72,to_date('2021/04/29','YYYY/MM/DD'),4,29,'10:00','13:00',10,0);
Insert into BOM.SCHEDULE (IDX,BRANCH_IDX,FCLASS_IDX,SDATE,SMONTH,SDAY,START_TIME,END_TIME,TOTAL_COUNT,REG_COUNT) values (170,10,72,to_date('2021/04/29','YYYY/MM/DD'),4,29,'12:00','15:00',10,0);
Insert into BOM.SCHEDULE (IDX,BRANCH_IDX,FCLASS_IDX,SDATE,SMONTH,SDAY,START_TIME,END_TIME,TOTAL_COUNT,REG_COUNT) values (171,10,72,to_date('2021/04/29','YYYY/MM/DD'),4,29,'14:00','17:00',10,0);
Insert into BOM.SCHEDULE (IDX,BRANCH_IDX,FCLASS_IDX,SDATE,SMONTH,SDAY,START_TIME,END_TIME,TOTAL_COUNT,REG_COUNT) values (172,9,80,to_date('2021/04/14','YYYY/MM/DD'),4,14,'10:00','13:00',10,0);
Insert into BOM.SCHEDULE (IDX,BRANCH_IDX,FCLASS_IDX,SDATE,SMONTH,SDAY,START_TIME,END_TIME,TOTAL_COUNT,REG_COUNT) values (173,9,80,to_date('2021/04/14','YYYY/MM/DD'),4,14,'11:00','14:00',10,0);
Insert into BOM.SCHEDULE (IDX,BRANCH_IDX,FCLASS_IDX,SDATE,SMONTH,SDAY,START_TIME,END_TIME,TOTAL_COUNT,REG_COUNT) values (174,9,80,to_date('2021/04/16','YYYY/MM/DD'),4,16,'11:00','14:00',10,0);
Insert into BOM.SCHEDULE (IDX,BRANCH_IDX,FCLASS_IDX,SDATE,SMONTH,SDAY,START_TIME,END_TIME,TOTAL_COUNT,REG_COUNT) values (175,9,80,to_date('2021/04/16','YYYY/MM/DD'),4,16,'13:00','16:00',10,0);
Insert into BOM.SCHEDULE (IDX,BRANCH_IDX,FCLASS_IDX,SDATE,SMONTH,SDAY,START_TIME,END_TIME,TOTAL_COUNT,REG_COUNT) values (176,9,80,to_date('2021/04/16','YYYY/MM/DD'),4,16,'15:00','18:00',10,0);
Insert into BOM.SCHEDULE (IDX,BRANCH_IDX,FCLASS_IDX,SDATE,SMONTH,SDAY,START_TIME,END_TIME,TOTAL_COUNT,REG_COUNT) values (108,21,69,to_date('2021/04/16','YYYY/MM/DD'),4,16,'11:00','14:00',10,1);
Insert into BOM.SCHEDULE (IDX,BRANCH_IDX,FCLASS_IDX,SDATE,SMONTH,SDAY,START_TIME,END_TIME,TOTAL_COUNT,REG_COUNT) values (141,9,80,to_date('2021/04/13','YYYY/MM/DD'),4,13,'10:00','15:00',10,1);
Insert into BOM.SCHEDULE (IDX,BRANCH_IDX,FCLASS_IDX,SDATE,SMONTH,SDAY,START_TIME,END_TIME,TOTAL_COUNT,REG_COUNT) values (104,21,69,to_date('2021/04/13','YYYY/MM/DD'),4,13,'10:00','12:00',5,3);
Insert into BOM.SCHEDULE (IDX,BRANCH_IDX,FCLASS_IDX,SDATE,SMONTH,SDAY,START_TIME,END_TIME,TOTAL_COUNT,REG_COUNT) values (105,21,69,to_date('2021/04/13','YYYY/MM/DD'),4,13,'10:00','14:00',10,1);
Insert into BOM.SCHEDULE (IDX,BRANCH_IDX,FCLASS_IDX,SDATE,SMONTH,SDAY,START_TIME,END_TIME,TOTAL_COUNT,REG_COUNT) values (270,21,69,to_date('2021/06/01','YYYY/MM/DD'),6,1,'10:00','20:00',10,0);
Insert into BOM.SCHEDULE (IDX,BRANCH_IDX,FCLASS_IDX,SDATE,SMONTH,SDAY,START_TIME,END_TIME,TOTAL_COUNT,REG_COUNT) values (177,10,72,to_date('2021/05/12','YYYY/MM/DD'),5,12,'10:00','20:00',10,0);
Insert into BOM.SCHEDULE (IDX,BRANCH_IDX,FCLASS_IDX,SDATE,SMONTH,SDAY,START_TIME,END_TIME,TOTAL_COUNT,REG_COUNT) values (262,9,69,to_date('2021/04/15','YYYY/MM/DD'),4,15,'10:00','13:00',10,0);
Insert into BOM.SCHEDULE (IDX,BRANCH_IDX,FCLASS_IDX,SDATE,SMONTH,SDAY,START_TIME,END_TIME,TOTAL_COUNT,REG_COUNT) values (263,9,69,to_date('2021/04/15','YYYY/MM/DD'),4,15,'13:00','16:00',5,0);
Insert into BOM.SCHEDULE (IDX,BRANCH_IDX,FCLASS_IDX,SDATE,SMONTH,SDAY,START_TIME,END_TIME,TOTAL_COUNT,REG_COUNT) values (264,9,69,to_date('2021/04/20','YYYY/MM/DD'),4,20,'15:00','17:00',5,0);
Insert into BOM.SCHEDULE (IDX,BRANCH_IDX,FCLASS_IDX,SDATE,SMONTH,SDAY,START_TIME,END_TIME,TOTAL_COUNT,REG_COUNT) values (265,9,69,to_date('2021/04/20','YYYY/MM/DD'),4,20,'17:00','20:00',10,0);
Insert into BOM.SCHEDULE (IDX,BRANCH_IDX,FCLASS_IDX,SDATE,SMONTH,SDAY,START_TIME,END_TIME,TOTAL_COUNT,REG_COUNT) values (266,9,69,to_date('2021/04/23','YYYY/MM/DD'),4,23,'11:00','14:00',10,0);
Insert into BOM.SCHEDULE (IDX,BRANCH_IDX,FCLASS_IDX,SDATE,SMONTH,SDAY,START_TIME,END_TIME,TOTAL_COUNT,REG_COUNT) values (267,9,69,to_date('2021/04/26','YYYY/MM/DD'),4,26,'11:00','14:00',10,0);
Insert into BOM.SCHEDULE (IDX,BRANCH_IDX,FCLASS_IDX,SDATE,SMONTH,SDAY,START_TIME,END_TIME,TOTAL_COUNT,REG_COUNT) values (268,9,69,to_date('2021/04/26','YYYY/MM/DD'),4,26,'14:00','17:00',8,0);
Insert into BOM.SCHEDULE (IDX,BRANCH_IDX,FCLASS_IDX,SDATE,SMONTH,SDAY,START_TIME,END_TIME,TOTAL_COUNT,REG_COUNT) values (269,9,69,to_date('2021/04/28','YYYY/MM/DD'),4,28,'14:00','17:00',8,0);
Insert into BOM.SCHEDULE (IDX,BRANCH_IDX,FCLASS_IDX,SDATE,SMONTH,SDAY,START_TIME,END_TIME,TOTAL_COUNT,REG_COUNT) values (180,10,101,to_date('2021/05/04','YYYY/MM/DD'),5,4,'11:00','16:00',15,0);
Insert into BOM.SCHEDULE (IDX,BRANCH_IDX,FCLASS_IDX,SDATE,SMONTH,SDAY,START_TIME,END_TIME,TOTAL_COUNT,REG_COUNT) values (181,10,101,to_date('2021/05/19','YYYY/MM/DD'),5,19,'14:00','17:00',15,0);
Insert into BOM.SCHEDULE (IDX,BRANCH_IDX,FCLASS_IDX,SDATE,SMONTH,SDAY,START_TIME,END_TIME,TOTAL_COUNT,REG_COUNT) values (178,10,101,to_date('2021/04/27','YYYY/MM/DD'),4,27,'10:00','16:00',15,0);
Insert into BOM.SCHEDULE (IDX,BRANCH_IDX,FCLASS_IDX,SDATE,SMONTH,SDAY,START_TIME,END_TIME,TOTAL_COUNT,REG_COUNT) values (179,10,101,to_date('2021/04/30','YYYY/MM/DD'),4,30,'11:00','17:00',15,1);
Insert into BOM.SCHEDULE (IDX,BRANCH_IDX,FCLASS_IDX,SDATE,SMONTH,SDAY,START_TIME,END_TIME,TOTAL_COUNT,REG_COUNT) values (182,10,101,to_date('2021/05/26','YYYY/MM/DD'),5,26,'14:00','17:00',15,0);
Insert into BOM.SCHEDULE (IDX,BRANCH_IDX,FCLASS_IDX,SDATE,SMONTH,SDAY,START_TIME,END_TIME,TOTAL_COUNT,REG_COUNT) values (183,10,101,to_date('2021/05/28','YYYY/MM/DD'),5,28,'14:00','17:00',10,0);
Insert into BOM.SCHEDULE (IDX,BRANCH_IDX,FCLASS_IDX,SDATE,SMONTH,SDAY,START_TIME,END_TIME,TOTAL_COUNT,REG_COUNT) values (184,21,101,to_date('2021/04/13','YYYY/MM/DD'),4,13,'10:00','13:00',10,0);
Insert into BOM.SCHEDULE (IDX,BRANCH_IDX,FCLASS_IDX,SDATE,SMONTH,SDAY,START_TIME,END_TIME,TOTAL_COUNT,REG_COUNT) values (185,21,101,to_date('2021/04/15','YYYY/MM/DD'),4,15,'10:00','13:00',10,0);
Insert into BOM.SCHEDULE (IDX,BRANCH_IDX,FCLASS_IDX,SDATE,SMONTH,SDAY,START_TIME,END_TIME,TOTAL_COUNT,REG_COUNT) values (186,21,101,to_date('2021/04/15','YYYY/MM/DD'),4,15,'13:00','16:00',10,1);
Insert into BOM.SCHEDULE (IDX,BRANCH_IDX,FCLASS_IDX,SDATE,SMONTH,SDAY,START_TIME,END_TIME,TOTAL_COUNT,REG_COUNT) values (187,21,101,to_date('2021/04/20','YYYY/MM/DD'),4,20,'13:00','16:00',10,0);
Insert into BOM.SCHEDULE (IDX,BRANCH_IDX,FCLASS_IDX,SDATE,SMONTH,SDAY,START_TIME,END_TIME,TOTAL_COUNT,REG_COUNT) values (188,21,101,to_date('2021/04/20','YYYY/MM/DD'),4,20,'16:00','19:00',15,0);
Insert into BOM.SCHEDULE (IDX,BRANCH_IDX,FCLASS_IDX,SDATE,SMONTH,SDAY,START_TIME,END_TIME,TOTAL_COUNT,REG_COUNT) values (189,21,101,to_date('2021/04/22','YYYY/MM/DD'),4,22,'11:00','15:00',15,0);
Insert into BOM.SCHEDULE (IDX,BRANCH_IDX,FCLASS_IDX,SDATE,SMONTH,SDAY,START_TIME,END_TIME,TOTAL_COUNT,REG_COUNT) values (190,21,101,to_date('2021/04/22','YYYY/MM/DD'),4,22,'13:00','16:00',20,1);
Insert into BOM.SCHEDULE (IDX,BRANCH_IDX,FCLASS_IDX,SDATE,SMONTH,SDAY,START_TIME,END_TIME,TOTAL_COUNT,REG_COUNT) values (191,21,101,to_date('2021/04/27','YYYY/MM/DD'),4,27,'12:00','15:00',10,0);
Insert into BOM.SCHEDULE (IDX,BRANCH_IDX,FCLASS_IDX,SDATE,SMONTH,SDAY,START_TIME,END_TIME,TOTAL_COUNT,REG_COUNT) values (192,21,101,to_date('2021/05/04','YYYY/MM/DD'),5,4,'12:00','15:00',10,0);
Insert into BOM.SCHEDULE (IDX,BRANCH_IDX,FCLASS_IDX,SDATE,SMONTH,SDAY,START_TIME,END_TIME,TOTAL_COUNT,REG_COUNT) values (193,21,101,to_date('2021/05/13','YYYY/MM/DD'),5,13,'12:00','15:00',10,0);
Insert into BOM.SCHEDULE (IDX,BRANCH_IDX,FCLASS_IDX,SDATE,SMONTH,SDAY,START_TIME,END_TIME,TOTAL_COUNT,REG_COUNT) values (194,21,101,to_date('2021/05/18','YYYY/MM/DD'),5,18,'12:00','15:00',10,0);
Insert into BOM.SCHEDULE (IDX,BRANCH_IDX,FCLASS_IDX,SDATE,SMONTH,SDAY,START_TIME,END_TIME,TOTAL_COUNT,REG_COUNT) values (195,21,101,to_date('2021/05/27','YYYY/MM/DD'),5,27,'12:00','15:00',10,0);
Insert into BOM.SCHEDULE (IDX,BRANCH_IDX,FCLASS_IDX,SDATE,SMONTH,SDAY,START_TIME,END_TIME,TOTAL_COUNT,REG_COUNT) values (196,10,76,to_date('2021/04/14','YYYY/MM/DD'),4,14,'10:00','14:00',15,0);
Insert into BOM.SCHEDULE (IDX,BRANCH_IDX,FCLASS_IDX,SDATE,SMONTH,SDAY,START_TIME,END_TIME,TOTAL_COUNT,REG_COUNT) values (197,10,76,to_date('2021/04/14','YYYY/MM/DD'),4,14,'13:00','17:00',15,0);
Insert into BOM.SCHEDULE (IDX,BRANCH_IDX,FCLASS_IDX,SDATE,SMONTH,SDAY,START_TIME,END_TIME,TOTAL_COUNT,REG_COUNT) values (198,10,76,to_date('2021/04/21','YYYY/MM/DD'),4,21,'13:00','17:00',10,0);
Insert into BOM.SCHEDULE (IDX,BRANCH_IDX,FCLASS_IDX,SDATE,SMONTH,SDAY,START_TIME,END_TIME,TOTAL_COUNT,REG_COUNT) values (199,10,76,to_date('2021/04/28','YYYY/MM/DD'),4,28,'13:00','17:00',10,0);
Insert into BOM.SCHEDULE (IDX,BRANCH_IDX,FCLASS_IDX,SDATE,SMONTH,SDAY,START_TIME,END_TIME,TOTAL_COUNT,REG_COUNT) values (200,10,76,to_date('2021/04/30','YYYY/MM/DD'),4,30,'13:00','17:00',10,0);
Insert into BOM.SCHEDULE (IDX,BRANCH_IDX,FCLASS_IDX,SDATE,SMONTH,SDAY,START_TIME,END_TIME,TOTAL_COUNT,REG_COUNT) values (201,10,76,to_date('2021/04/23','YYYY/MM/DD'),4,23,'13:00','17:00',10,0);
Insert into BOM.SCHEDULE (IDX,BRANCH_IDX,FCLASS_IDX,SDATE,SMONTH,SDAY,START_TIME,END_TIME,TOTAL_COUNT,REG_COUNT) values (202,10,76,to_date('2021/04/16','YYYY/MM/DD'),4,16,'13:00','17:00',10,0);
Insert into BOM.SCHEDULE (IDX,BRANCH_IDX,FCLASS_IDX,SDATE,SMONTH,SDAY,START_TIME,END_TIME,TOTAL_COUNT,REG_COUNT) values (203,10,76,to_date('2021/04/16','YYYY/MM/DD'),4,16,'15:00','18:00',10,0);
Insert into BOM.SCHEDULE (IDX,BRANCH_IDX,FCLASS_IDX,SDATE,SMONTH,SDAY,START_TIME,END_TIME,TOTAL_COUNT,REG_COUNT) values (204,10,76,to_date('2021/04/23','YYYY/MM/DD'),4,23,'11:00','15:00',15,0);
Insert into BOM.SCHEDULE (IDX,BRANCH_IDX,FCLASS_IDX,SDATE,SMONTH,SDAY,START_TIME,END_TIME,TOTAL_COUNT,REG_COUNT) values (205,10,76,to_date('2021/04/30','YYYY/MM/DD'),4,30,'11:00','15:00',15,0);
Insert into BOM.SCHEDULE (IDX,BRANCH_IDX,FCLASS_IDX,SDATE,SMONTH,SDAY,START_TIME,END_TIME,TOTAL_COUNT,REG_COUNT) values (206,21,76,to_date('2021/04/15','YYYY/MM/DD'),4,15,'10:00','14:00',10,0);
Insert into BOM.SCHEDULE (IDX,BRANCH_IDX,FCLASS_IDX,SDATE,SMONTH,SDAY,START_TIME,END_TIME,TOTAL_COUNT,REG_COUNT) values (207,21,76,to_date('2021/04/15','YYYY/MM/DD'),4,15,'10:00','16:00',10,0);
Insert into BOM.SCHEDULE (IDX,BRANCH_IDX,FCLASS_IDX,SDATE,SMONTH,SDAY,START_TIME,END_TIME,TOTAL_COUNT,REG_COUNT) values (208,21,76,to_date('2021/04/20','YYYY/MM/DD'),4,20,'10:00','14:00',10,0);
Insert into BOM.SCHEDULE (IDX,BRANCH_IDX,FCLASS_IDX,SDATE,SMONTH,SDAY,START_TIME,END_TIME,TOTAL_COUNT,REG_COUNT) values (209,21,76,to_date('2021/04/20','YYYY/MM/DD'),4,20,'10:00','14:00',15,1);
Insert into BOM.SCHEDULE (IDX,BRANCH_IDX,FCLASS_IDX,SDATE,SMONTH,SDAY,START_TIME,END_TIME,TOTAL_COUNT,REG_COUNT) values (210,21,76,to_date('2021/04/22','YYYY/MM/DD'),4,22,'10:00','14:00',15,0);
Insert into BOM.SCHEDULE (IDX,BRANCH_IDX,FCLASS_IDX,SDATE,SMONTH,SDAY,START_TIME,END_TIME,TOTAL_COUNT,REG_COUNT) values (211,21,76,to_date('2021/04/27','YYYY/MM/DD'),4,27,'10:00','14:00',15,0);
Insert into BOM.SCHEDULE (IDX,BRANCH_IDX,FCLASS_IDX,SDATE,SMONTH,SDAY,START_TIME,END_TIME,TOTAL_COUNT,REG_COUNT) values (212,21,76,to_date('2021/04/27','YYYY/MM/DD'),4,27,'14:00','17:00',10,0);
Insert into BOM.SCHEDULE (IDX,BRANCH_IDX,FCLASS_IDX,SDATE,SMONTH,SDAY,START_TIME,END_TIME,TOTAL_COUNT,REG_COUNT) values (213,21,76,to_date('2021/04/29','YYYY/MM/DD'),4,29,'14:00','17:00',10,0);
Insert into BOM.SCHEDULE (IDX,BRANCH_IDX,FCLASS_IDX,SDATE,SMONTH,SDAY,START_TIME,END_TIME,TOTAL_COUNT,REG_COUNT) values (214,21,76,to_date('2021/05/04','YYYY/MM/DD'),5,4,'14:00','17:00',10,0);
Insert into BOM.SCHEDULE (IDX,BRANCH_IDX,FCLASS_IDX,SDATE,SMONTH,SDAY,START_TIME,END_TIME,TOTAL_COUNT,REG_COUNT) values (215,21,76,to_date('2021/05/06','YYYY/MM/DD'),5,6,'14:00','17:00',10,0);
Insert into BOM.SCHEDULE (IDX,BRANCH_IDX,FCLASS_IDX,SDATE,SMONTH,SDAY,START_TIME,END_TIME,TOTAL_COUNT,REG_COUNT) values (216,21,76,to_date('2021/05/11','YYYY/MM/DD'),5,11,'14:00','17:00',10,0);
Insert into BOM.SCHEDULE (IDX,BRANCH_IDX,FCLASS_IDX,SDATE,SMONTH,SDAY,START_TIME,END_TIME,TOTAL_COUNT,REG_COUNT) values (217,21,76,to_date('2021/05/13','YYYY/MM/DD'),5,13,'14:00','17:00',10,0);
Insert into BOM.SCHEDULE (IDX,BRANCH_IDX,FCLASS_IDX,SDATE,SMONTH,SDAY,START_TIME,END_TIME,TOTAL_COUNT,REG_COUNT) values (218,9,76,to_date('2021/04/14','YYYY/MM/DD'),4,14,'11:00','02:00',10,0);
Insert into BOM.SCHEDULE (IDX,BRANCH_IDX,FCLASS_IDX,SDATE,SMONTH,SDAY,START_TIME,END_TIME,TOTAL_COUNT,REG_COUNT) values (219,9,76,to_date('2021/04/16','YYYY/MM/DD'),4,16,'11:00','02:00',10,0);
Insert into BOM.SCHEDULE (IDX,BRANCH_IDX,FCLASS_IDX,SDATE,SMONTH,SDAY,START_TIME,END_TIME,TOTAL_COUNT,REG_COUNT) values (220,9,76,to_date('2021/04/19','YYYY/MM/DD'),4,19,'11:00','02:00',10,0);
Insert into BOM.SCHEDULE (IDX,BRANCH_IDX,FCLASS_IDX,SDATE,SMONTH,SDAY,START_TIME,END_TIME,TOTAL_COUNT,REG_COUNT) values (221,9,76,to_date('2021/04/21','YYYY/MM/DD'),4,21,'11:00','02:00',10,0);
Insert into BOM.SCHEDULE (IDX,BRANCH_IDX,FCLASS_IDX,SDATE,SMONTH,SDAY,START_TIME,END_TIME,TOTAL_COUNT,REG_COUNT) values (222,9,76,to_date('2021/04/23','YYYY/MM/DD'),4,23,'13:00','04:00',10,0);
Insert into BOM.SCHEDULE (IDX,BRANCH_IDX,FCLASS_IDX,SDATE,SMONTH,SDAY,START_TIME,END_TIME,TOTAL_COUNT,REG_COUNT) values (223,9,76,to_date('2021/04/26','YYYY/MM/DD'),4,26,'13:00','04:00',10,0);
Insert into BOM.SCHEDULE (IDX,BRANCH_IDX,FCLASS_IDX,SDATE,SMONTH,SDAY,START_TIME,END_TIME,TOTAL_COUNT,REG_COUNT) values (224,9,76,to_date('2021/04/28','YYYY/MM/DD'),4,28,'13:00','04:00',10,1);
Insert into BOM.SCHEDULE (IDX,BRANCH_IDX,FCLASS_IDX,SDATE,SMONTH,SDAY,START_TIME,END_TIME,TOTAL_COUNT,REG_COUNT) values (225,9,76,to_date('2021/04/30','YYYY/MM/DD'),4,30,'13:00','04:00',10,0);
Insert into BOM.SCHEDULE (IDX,BRANCH_IDX,FCLASS_IDX,SDATE,SMONTH,SDAY,START_TIME,END_TIME,TOTAL_COUNT,REG_COUNT) values (226,9,76,to_date('2021/05/03','YYYY/MM/DD'),5,3,'13:00','04:00',10,0);
Insert into BOM.SCHEDULE (IDX,BRANCH_IDX,FCLASS_IDX,SDATE,SMONTH,SDAY,START_TIME,END_TIME,TOTAL_COUNT,REG_COUNT) values (227,9,76,to_date('2021/05/05','YYYY/MM/DD'),5,5,'13:00','04:00',10,0);
Insert into BOM.SCHEDULE (IDX,BRANCH_IDX,FCLASS_IDX,SDATE,SMONTH,SDAY,START_TIME,END_TIME,TOTAL_COUNT,REG_COUNT) values (228,9,76,to_date('2021/05/07','YYYY/MM/DD'),5,7,'13:00','04:00',10,0);
Insert into BOM.SCHEDULE (IDX,BRANCH_IDX,FCLASS_IDX,SDATE,SMONTH,SDAY,START_TIME,END_TIME,TOTAL_COUNT,REG_COUNT) values (229,9,76,to_date('2021/05/10','YYYY/MM/DD'),5,10,'13:00','04:00',10,0);
Insert into BOM.SCHEDULE (IDX,BRANCH_IDX,FCLASS_IDX,SDATE,SMONTH,SDAY,START_TIME,END_TIME,TOTAL_COUNT,REG_COUNT) values (230,9,76,to_date('2021/05/12','YYYY/MM/DD'),5,12,'13:00','04:00',10,0);
Insert into BOM.SCHEDULE (IDX,BRANCH_IDX,FCLASS_IDX,SDATE,SMONTH,SDAY,START_TIME,END_TIME,TOTAL_COUNT,REG_COUNT) values (231,9,76,to_date('2021/05/14','YYYY/MM/DD'),5,14,'13:00','04:00',10,0);
Insert into BOM.SCHEDULE (IDX,BRANCH_IDX,FCLASS_IDX,SDATE,SMONTH,SDAY,START_TIME,END_TIME,TOTAL_COUNT,REG_COUNT) values (232,9,76,to_date('2021/05/17','YYYY/MM/DD'),5,17,'13:00','04:00',10,0);
Insert into BOM.SCHEDULE (IDX,BRANCH_IDX,FCLASS_IDX,SDATE,SMONTH,SDAY,START_TIME,END_TIME,TOTAL_COUNT,REG_COUNT) values (233,9,80,to_date('2021/04/19','YYYY/MM/DD'),4,19,'10:00','14:00',10,0);
Insert into BOM.SCHEDULE (IDX,BRANCH_IDX,FCLASS_IDX,SDATE,SMONTH,SDAY,START_TIME,END_TIME,TOTAL_COUNT,REG_COUNT) values (234,9,80,to_date('2021/04/21','YYYY/MM/DD'),4,21,'10:00','14:00',10,0);
Insert into BOM.SCHEDULE (IDX,BRANCH_IDX,FCLASS_IDX,SDATE,SMONTH,SDAY,START_TIME,END_TIME,TOTAL_COUNT,REG_COUNT) values (235,9,80,to_date('2021/04/23','YYYY/MM/DD'),4,23,'10:00','14:00',10,0);
Insert into BOM.SCHEDULE (IDX,BRANCH_IDX,FCLASS_IDX,SDATE,SMONTH,SDAY,START_TIME,END_TIME,TOTAL_COUNT,REG_COUNT) values (236,9,80,to_date('2021/04/26','YYYY/MM/DD'),4,26,'10:00','14:00',10,0);
Insert into BOM.SCHEDULE (IDX,BRANCH_IDX,FCLASS_IDX,SDATE,SMONTH,SDAY,START_TIME,END_TIME,TOTAL_COUNT,REG_COUNT) values (237,9,80,to_date('2021/04/28','YYYY/MM/DD'),4,28,'10:00','14:00',10,0);
Insert into BOM.SCHEDULE (IDX,BRANCH_IDX,FCLASS_IDX,SDATE,SMONTH,SDAY,START_TIME,END_TIME,TOTAL_COUNT,REG_COUNT) values (238,9,80,to_date('2021/04/30','YYYY/MM/DD'),4,30,'10:00','14:00',10,1);
Insert into BOM.SCHEDULE (IDX,BRANCH_IDX,FCLASS_IDX,SDATE,SMONTH,SDAY,START_TIME,END_TIME,TOTAL_COUNT,REG_COUNT) values (242,9,80,to_date('2021/04/19','YYYY/MM/DD'),4,19,'14:00','17:00',15,0);
Insert into BOM.SCHEDULE (IDX,BRANCH_IDX,FCLASS_IDX,SDATE,SMONTH,SDAY,START_TIME,END_TIME,TOTAL_COUNT,REG_COUNT) values (240,9,80,to_date('2021/04/14','YYYY/MM/DD'),4,14,'14:00','17:00',15,0);
Insert into BOM.SCHEDULE (IDX,BRANCH_IDX,FCLASS_IDX,SDATE,SMONTH,SDAY,START_TIME,END_TIME,TOTAL_COUNT,REG_COUNT) values (241,9,80,to_date('2021/04/16','YYYY/MM/DD'),4,16,'14:00','17:00',15,0);
Insert into BOM.SCHEDULE (IDX,BRANCH_IDX,FCLASS_IDX,SDATE,SMONTH,SDAY,START_TIME,END_TIME,TOTAL_COUNT,REG_COUNT) values (243,9,80,to_date('2021/04/21','YYYY/MM/DD'),4,21,'14:00','17:00',15,0);
Insert into BOM.SCHEDULE (IDX,BRANCH_IDX,FCLASS_IDX,SDATE,SMONTH,SDAY,START_TIME,END_TIME,TOTAL_COUNT,REG_COUNT) values (244,9,80,to_date('2021/04/23','YYYY/MM/DD'),4,23,'14:00','17:00',15,0);
Insert into BOM.SCHEDULE (IDX,BRANCH_IDX,FCLASS_IDX,SDATE,SMONTH,SDAY,START_TIME,END_TIME,TOTAL_COUNT,REG_COUNT) values (245,9,80,to_date('2021/04/28','YYYY/MM/DD'),4,28,'14:00','17:00',15,0);
Insert into BOM.SCHEDULE (IDX,BRANCH_IDX,FCLASS_IDX,SDATE,SMONTH,SDAY,START_TIME,END_TIME,TOTAL_COUNT,REG_COUNT) values (246,9,80,to_date('2021/04/28','YYYY/MM/DD'),4,28,'16:00','19:00',10,0);
Insert into BOM.SCHEDULE (IDX,BRANCH_IDX,FCLASS_IDX,SDATE,SMONTH,SDAY,START_TIME,END_TIME,TOTAL_COUNT,REG_COUNT) values (247,9,80,to_date('2021/04/14','YYYY/MM/DD'),4,14,'16:00','19:00',10,0);
Insert into BOM.SCHEDULE (IDX,BRANCH_IDX,FCLASS_IDX,SDATE,SMONTH,SDAY,START_TIME,END_TIME,TOTAL_COUNT,REG_COUNT) values (248,21,69,to_date('2021/04/20','YYYY/MM/DD'),4,20,'10:00','13:00',10,10);
Insert into BOM.SCHEDULE (IDX,BRANCH_IDX,FCLASS_IDX,SDATE,SMONTH,SDAY,START_TIME,END_TIME,TOTAL_COUNT,REG_COUNT) values (249,21,69,to_date('2021/04/22','YYYY/MM/DD'),4,22,'10:00','13:00',10,0);
Insert into BOM.SCHEDULE (IDX,BRANCH_IDX,FCLASS_IDX,SDATE,SMONTH,SDAY,START_TIME,END_TIME,TOTAL_COUNT,REG_COUNT) values (250,21,69,to_date('2021/04/27','YYYY/MM/DD'),4,27,'10:00','13:00',10,0);
Insert into BOM.SCHEDULE (IDX,BRANCH_IDX,FCLASS_IDX,SDATE,SMONTH,SDAY,START_TIME,END_TIME,TOTAL_COUNT,REG_COUNT) values (251,21,69,to_date('2021/04/27','YYYY/MM/DD'),4,27,'13:00','16:00',10,2);
Insert into BOM.SCHEDULE (IDX,BRANCH_IDX,FCLASS_IDX,SDATE,SMONTH,SDAY,START_TIME,END_TIME,TOTAL_COUNT,REG_COUNT) values (252,21,69,to_date('2021/04/22','YYYY/MM/DD'),4,20,'14:00','16:00',10,0);
Insert into BOM.SCHEDULE (IDX,BRANCH_IDX,FCLASS_IDX,SDATE,SMONTH,SDAY,START_TIME,END_TIME,TOTAL_COUNT,REG_COUNT) values (253,21,69,to_date('2021/04/22','YYYY/MM/DD'),4,22,'13:00','16:00',10,2);
REM INSERTING into BOM.SUBS
SET DEFINE OFF;
Insert into BOM.SUBS (IDX,NAME,SUBHEADER,SUMMARY,PRICE,IMAGE1,IMAGE2,IMAGE3,FSIZE) values (42,'가득찬 XL 꽃구독','꽃으로 가득차는 일상의 행복','2주에 한 번,  꽃으로 가득차는 일상의 행복<br>
한 아름 안을 수 있는 꽃다발로 <br> 그 계절 가장 예쁜 꽃을 가득 담았어요.<br>
이 꽃다발 하나라면 모두의 행복을 가득 채울 수 있어요.',59900,'https://storage.googleapis.com/download/storage/v1/b/upload.alwaysbom.xyz/o/subs%2FFTOCwliQCZ-0_1_TTLYOgH.jpg?generation=1618135159125310&alt=media','https://storage.googleapis.com/download/storage/v1/b/upload.alwaysbom.xyz/o/subs%2FRTHxSiwnHl-0_2_H0KblG4.jpg?generation=1618135159258966&alt=media','https://storage.googleapis.com/download/storage/v1/b/upload.alwaysbom.xyz/o/subs%2FzFEnRzOhaD-0_4_OikD9OP.jpg?generation=1618135159443104&alt=media','XL');
Insert into BOM.SUBS (IDX,NAME,SUBHEADER,SUMMARY,PRICE,IMAGE1,IMAGE2,IMAGE3,FSIZE) values (44,'풍성한 L 꽃구독','매일이 풍성해지는 일상의 행복','2주에 한 번, 매일이 풍성해지는 일상의 행복<br>
두 손에 꽉 차는 꽃다발로 그 계절 가장 예쁜 꽃을 담았어요.<br>
하루가 더욱 풍성해지는 행복을 느껴보세요.',49900,'https://storage.googleapis.com/download/storage/v1/b/upload.alwaysbom.xyz/o/subs%2FwaAzlZOTpk-0_2_tSUF5tx.jpg?generation=1618133173092256&alt=media','https://storage.googleapis.com/download/storage/v1/b/upload.alwaysbom.xyz/o/subs%2FqQIsZGydSm-0_1_B12angn.jpg?generation=1618133173196178&alt=media','https://storage.googleapis.com/download/storage/v1/b/upload.alwaysbom.xyz/o/subs%2FEtqDCburfc-0_4_klKNQOJ.jpg?generation=1618133173409940&alt=media','L');
Insert into BOM.SUBS (IDX,NAME,SUBHEADER,SUMMARY,PRICE,IMAGE1,IMAGE2,IMAGE3,FSIZE) values (45,'딱좋은 M 꽃구독','내 공간이 꽃이 되는 좋은 시작','2주에 한 번, 내 공간이 꽃이 되는 좋은 시작<br>
한 손에 가득 차는 꽃다발로 그 계절 가장 예쁜 꽃을 담았어요.<br>
책상 위, 침대 옆에 두고 더욱 커지는 일상의 행복을 느껴보세요.',39900,'https://storage.googleapis.com/download/storage/v1/b/upload.alwaysbom.xyz/o/subs%2FXCsiJkEUXt-0_2.jpg?generation=1618132258757991&alt=media','https://storage.googleapis.com/download/storage/v1/b/upload.alwaysbom.xyz/o/subs%2FUysnKRpqQC-0_5.jpg?generation=1618132258947581&alt=media','https://storage.googleapis.com/download/storage/v1/b/upload.alwaysbom.xyz/o/subs%2FqiZQgaRpPM-0_4.jpg?generation=1618132259120474&alt=media','M');
Insert into BOM.SUBS (IDX,NAME,SUBHEADER,SUMMARY,PRICE,IMAGE1,IMAGE2,IMAGE3,FSIZE) values (47,'가벼운 S 꽃구독','꽃이 일상이 되는 가벼운 시작','2주에 한 번, 꽃이 일상이 되는 가벼운 시작 <br>
작지만 그 계절 가장 예쁜 꽃으로 만들었어요. <br>
나에게, 사랑하는 사람에게 작은 꽃다발이 주는 행복을 전해보세요.',29900,'https://storage.googleapis.com/download/storage/v1/b/upload.alwaysbom.xyz/o/subs%2FkYzSUmafAc-0_1_9FJlidF.jpg?generation=1618127881043760&alt=media','https://storage.googleapis.com/download/storage/v1/b/upload.alwaysbom.xyz/o/subs%2FEfRDEZCZBQ-0_2_U5oeJ9a.jpg?generation=1618129303928944&alt=media','https://storage.googleapis.com/download/storage/v1/b/upload.alwaysbom.xyz/o/subs%2FzEollBoaQB-0_4_ah3LxHM.jpg?generation=1618129304152509&alt=media','S');
--------------------------------------------------------
--  DDL for Index ORDERS_PK
--------------------------------------------------------

  CREATE UNIQUE INDEX "BOM"."ORDERS_PK" ON "BOM"."ORDERS" ("IDX") 
  PCTFREE 10 INITRANS 2 MAXTRANS 255 COMPUTE STATISTICS 
  STORAGE(INITIAL 65536 NEXT 1048576 MINEXTENTS 1 MAXEXTENTS 2147483645
  PCTINCREASE 0 FREELISTS 1 FREELIST GROUPS 1 BUFFER_POOL DEFAULT FLASH_CACHE DEFAULT CELL_FLASH_CACHE DEFAULT)
  TABLESPACE "USERS" ;
--------------------------------------------------------
--  DDL for Index COUPON_CDATE_INDEX
--------------------------------------------------------

  CREATE INDEX "BOM"."COUPON_CDATE_INDEX" ON "BOM"."COUPON" ("CDATE") 
  PCTFREE 10 INITRANS 2 MAXTRANS 255 COMPUTE STATISTICS 
  STORAGE(INITIAL 65536 NEXT 1048576 MINEXTENTS 1 MAXEXTENTS 2147483645
  PCTINCREASE 0 FREELISTS 1 FREELIST GROUPS 1 BUFFER_POOL DEFAULT FLASH_CACHE DEFAULT CELL_FLASH_CACHE DEFAULT)
  TABLESPACE "USERS" ;
--------------------------------------------------------
--  DDL for Index OITEM_PK
--------------------------------------------------------

  CREATE UNIQUE INDEX "BOM"."OITEM_PK" ON "BOM"."OITEM" ("IDX") 
  PCTFREE 10 INITRANS 2 MAXTRANS 255 COMPUTE STATISTICS 
  STORAGE(INITIAL 65536 NEXT 1048576 MINEXTENTS 1 MAXEXTENTS 2147483645
  PCTINCREASE 0 FREELISTS 1 FREELIST GROUPS 1 BUFFER_POOL DEFAULT FLASH_CACHE DEFAULT CELL_FLASH_CACHE DEFAULT)
  TABLESPACE "USERS" ;
--------------------------------------------------------
--  DDL for Index SCHEDULE_PK
--------------------------------------------------------

  CREATE UNIQUE INDEX "BOM"."SCHEDULE_PK" ON "BOM"."SCHEDULE" ("IDX") 
  PCTFREE 10 INITRANS 2 MAXTRANS 255 COMPUTE STATISTICS 
  STORAGE(INITIAL 65536 NEXT 1048576 MINEXTENTS 1 MAXEXTENTS 2147483645
  PCTINCREASE 0 FREELISTS 1 FREELIST GROUPS 1 BUFFER_POOL DEFAULT FLASH_CACHE DEFAULT CELL_FLASH_CACHE DEFAULT)
  TABLESPACE "USERS" ;
--------------------------------------------------------
--  DDL for Index CART_PK
--------------------------------------------------------

  CREATE UNIQUE INDEX "BOM"."CART_PK" ON "BOM"."CART" ("IDX") 
  PCTFREE 10 INITRANS 2 MAXTRANS 255 COMPUTE STATISTICS 
  STORAGE(INITIAL 65536 NEXT 1048576 MINEXTENTS 1 MAXEXTENTS 2147483645
  PCTINCREASE 0 FREELISTS 1 FREELIST GROUPS 1 BUFFER_POOL DEFAULT FLASH_CACHE DEFAULT CELL_FLASH_CACHE DEFAULT)
  TABLESPACE "USERS" ;
--------------------------------------------------------
--  DDL for Index BANNER_PK
--------------------------------------------------------

  CREATE UNIQUE INDEX "BOM"."BANNER_PK" ON "BOM"."BANNER" ("CATEGORY") 
  PCTFREE 10 INITRANS 2 MAXTRANS 255 COMPUTE STATISTICS 
  STORAGE(INITIAL 65536 NEXT 1048576 MINEXTENTS 1 MAXEXTENTS 2147483645
  PCTINCREASE 0 FREELISTS 1 FREELIST GROUPS 1 BUFFER_POOL DEFAULT FLASH_CACHE DEFAULT CELL_FLASH_CACHE DEFAULT)
  TABLESPACE "USERS" ;
--------------------------------------------------------
--  DDL for Index BRANCH_PK
--------------------------------------------------------

  CREATE UNIQUE INDEX "BOM"."BRANCH_PK" ON "BOM"."BRANCH" ("IDX") 
  PCTFREE 10 INITRANS 2 MAXTRANS 255 COMPUTE STATISTICS 
  STORAGE(INITIAL 65536 NEXT 1048576 MINEXTENTS 1 MAXEXTENTS 2147483645
  PCTINCREASE 0 FREELISTS 1 FREELIST GROUPS 1 BUFFER_POOL DEFAULT FLASH_CACHE DEFAULT CELL_FLASH_CACHE DEFAULT)
  TABLESPACE "USERS" ;
--------------------------------------------------------
--  DDL for Index REVIEW_INDEX_2
--------------------------------------------------------

  CREATE INDEX "BOM"."REVIEW_INDEX_2" ON "BOM"."REVIEW" ("LIKE_COUNT") 
  PCTFREE 10 INITRANS 2 MAXTRANS 255 COMPUTE STATISTICS 
  STORAGE(INITIAL 65536 NEXT 1048576 MINEXTENTS 1 MAXEXTENTS 2147483645
  PCTINCREASE 0 FREELISTS 1 FREELIST GROUPS 1 BUFFER_POOL DEFAULT FLASH_CACHE DEFAULT CELL_FLASH_CACHE DEFAULT)
  TABLESPACE "USERS" ;
--------------------------------------------------------
--  DDL for Index REVIEW_INDEX_1
--------------------------------------------------------

  CREATE INDEX "BOM"."REVIEW_INDEX_1" ON "BOM"."REVIEW" ("REG_DATE") 
  PCTFREE 10 INITRANS 2 MAXTRANS 255 COMPUTE STATISTICS 
  STORAGE(INITIAL 65536 NEXT 1048576 MINEXTENTS 1 MAXEXTENTS 2147483645
  PCTINCREASE 0 FREELISTS 1 FREELIST GROUPS 1 BUFFER_POOL DEFAULT FLASH_CACHE DEFAULT CELL_FLASH_CACHE DEFAULT)
  TABLESPACE "USERS" ;
--------------------------------------------------------
--  DDL for Index OCLASS_PK
--------------------------------------------------------

  CREATE UNIQUE INDEX "BOM"."OCLASS_PK" ON "BOM"."OCLASS" ("IDX") 
  PCTFREE 10 INITRANS 2 MAXTRANS 255 COMPUTE STATISTICS 
  STORAGE(INITIAL 65536 NEXT 1048576 MINEXTENTS 1 MAXEXTENTS 2147483645
  PCTINCREASE 0 FREELISTS 1 FREELIST GROUPS 1 BUFFER_POOL DEFAULT FLASH_CACHE DEFAULT CELL_FLASH_CACHE DEFAULT)
  TABLESPACE "USERS" ;
--------------------------------------------------------
--  DDL for Index REVIEW_PK
--------------------------------------------------------

  CREATE UNIQUE INDEX "BOM"."REVIEW_PK" ON "BOM"."REVIEW" ("IDX") 
  PCTFREE 10 INITRANS 2 MAXTRANS 255 COMPUTE STATISTICS 
  STORAGE(INITIAL 65536 NEXT 1048576 MINEXTENTS 1 MAXEXTENTS 2147483645
  PCTINCREASE 0 FREELISTS 1 FREELIST GROUPS 1 BUFFER_POOL DEFAULT FLASH_CACHE DEFAULT CELL_FLASH_CACHE DEFAULT)
  TABLESPACE "USERS" ;
--------------------------------------------------------
--  DDL for Index OSUBS_INDEX_1
--------------------------------------------------------

  CREATE INDEX "BOM"."OSUBS_INDEX_1" ON "BOM"."OSUBS" ("DELIVERY_DATE") 
  PCTFREE 10 INITRANS 2 MAXTRANS 255 COMPUTE STATISTICS 
  STORAGE(INITIAL 65536 NEXT 1048576 MINEXTENTS 1 MAXEXTENTS 2147483645
  PCTINCREASE 0 FREELISTS 1 FREELIST GROUPS 1 BUFFER_POOL DEFAULT FLASH_CACHE DEFAULT CELL_FLASH_CACHE DEFAULT)
  TABLESPACE "USERS" ;
--------------------------------------------------------
--  DDL for Index ECOMMENT_INDEX_1
--------------------------------------------------------

  CREATE INDEX "BOM"."ECOMMENT_INDEX_1" ON "BOM"."ECOMMENT" ("MEMBER_ID") 
  PCTFREE 10 INITRANS 2 MAXTRANS 255 COMPUTE STATISTICS 
  STORAGE(INITIAL 65536 NEXT 1048576 MINEXTENTS 1 MAXEXTENTS 2147483645
  PCTINCREASE 0 FREELISTS 1 FREELIST GROUPS 1 BUFFER_POOL DEFAULT FLASH_CACHE DEFAULT CELL_FLASH_CACHE DEFAULT)
  TABLESPACE "USERS" ;
--------------------------------------------------------
--  DDL for Index COUPON_PK
--------------------------------------------------------

  CREATE UNIQUE INDEX "BOM"."COUPON_PK" ON "BOM"."COUPON" ("IDX") 
  PCTFREE 10 INITRANS 2 MAXTRANS 255 COMPUTE STATISTICS 
  STORAGE(INITIAL 65536 NEXT 1048576 MINEXTENTS 1 MAXEXTENTS 2147483645
  PCTINCREASE 0 FREELISTS 1 FREELIST GROUPS 1 BUFFER_POOL DEFAULT FLASH_CACHE DEFAULT CELL_FLASH_CACHE DEFAULT)
  TABLESPACE "USERS" ;
--------------------------------------------------------
--  DDL for Index PRODUCT_PK
--------------------------------------------------------

  CREATE UNIQUE INDEX "BOM"."PRODUCT_PK" ON "BOM"."PRODUCT" ("IDX") 
  PCTFREE 10 INITRANS 2 MAXTRANS 255 COMPUTE STATISTICS 
  STORAGE(INITIAL 65536 NEXT 1048576 MINEXTENTS 1 MAXEXTENTS 2147483645
  PCTINCREASE 0 FREELISTS 1 FREELIST GROUPS 1 BUFFER_POOL DEFAULT FLASH_CACHE DEFAULT CELL_FLASH_CACHE DEFAULT)
  TABLESPACE "USERS" ;
--------------------------------------------------------
--  DDL for Index ECOMMENT_PK
--------------------------------------------------------

  CREATE UNIQUE INDEX "BOM"."ECOMMENT_PK" ON "BOM"."ECOMMENT" ("IDX") 
  PCTFREE 10 INITRANS 2 MAXTRANS 255 COMPUTE STATISTICS 
  STORAGE(INITIAL 65536 NEXT 1048576 MINEXTENTS 1 MAXEXTENTS 2147483645
  PCTINCREASE 0 FREELISTS 1 FREELIST GROUPS 1 BUFFER_POOL DEFAULT FLASH_CACHE DEFAULT CELL_FLASH_CACHE DEFAULT)
  TABLESPACE "USERS" ;
--------------------------------------------------------
--  DDL for Index MEMBER_INDEX_3
--------------------------------------------------------

  CREATE INDEX "BOM"."MEMBER_INDEX_3" ON "BOM"."MEMBER" ("GRADE") 
  PCTFREE 10 INITRANS 2 MAXTRANS 255 COMPUTE STATISTICS 
  STORAGE(INITIAL 65536 NEXT 1048576 MINEXTENTS 1 MAXEXTENTS 2147483645
  PCTINCREASE 0 FREELISTS 1 FREELIST GROUPS 1 BUFFER_POOL DEFAULT FLASH_CACHE DEFAULT CELL_FLASH_CACHE DEFAULT)
  TABLESPACE "USERS" ;
--------------------------------------------------------
--  DDL for Index DELIVERY_INFO_INDEX_1
--------------------------------------------------------

  CREATE INDEX "BOM"."DELIVERY_INFO_INDEX_1" ON "BOM"."DELIVERY_INFO" ("MEMBER_ID") 
  PCTFREE 10 INITRANS 2 MAXTRANS 255 COMPUTE STATISTICS 
  STORAGE(INITIAL 65536 NEXT 1048576 MINEXTENTS 1 MAXEXTENTS 2147483645
  PCTINCREASE 0 FREELISTS 1 FREELIST GROUPS 1 BUFFER_POOL DEFAULT FLASH_CACHE DEFAULT CELL_FLASH_CACHE DEFAULT)
  TABLESPACE "USERS" ;
--------------------------------------------------------
--  DDL for Index MYQ_PK
--------------------------------------------------------

  CREATE UNIQUE INDEX "BOM"."MYQ_PK" ON "BOM"."MYQ" ("IDX") 
  PCTFREE 10 INITRANS 2 MAXTRANS 255 COMPUTE STATISTICS 
  STORAGE(INITIAL 65536 NEXT 1048576 MINEXTENTS 1 MAXEXTENTS 2147483645
  PCTINCREASE 0 FREELISTS 1 FREELIST GROUPS 1 BUFFER_POOL DEFAULT FLASH_CACHE DEFAULT CELL_FLASH_CACHE DEFAULT)
  TABLESPACE "USERS" ;
--------------------------------------------------------
--  DDL for Index DELIVERY_INFO_PK
--------------------------------------------------------

  CREATE UNIQUE INDEX "BOM"."DELIVERY_INFO_PK" ON "BOM"."DELIVERY_INFO" ("IDX") 
  PCTFREE 10 INITRANS 2 MAXTRANS 255 COMPUTE STATISTICS 
  STORAGE(INITIAL 65536 NEXT 1048576 MINEXTENTS 1 MAXEXTENTS 2147483645
  PCTINCREASE 0 FREELISTS 1 FREELIST GROUPS 1 BUFFER_POOL DEFAULT FLASH_CACHE DEFAULT CELL_FLASH_CACHE DEFAULT)
  TABLESPACE "USERS" ;
--------------------------------------------------------
--  DDL for Index ORDERS_STATUS_INDEX
--------------------------------------------------------

  CREATE INDEX "BOM"."ORDERS_STATUS_INDEX" ON "BOM"."ORDERS" ("STATUS") 
  PCTFREE 10 INITRANS 2 MAXTRANS 255 COMPUTE STATISTICS 
  STORAGE(INITIAL 65536 NEXT 1048576 MINEXTENTS 1 MAXEXTENTS 2147483645
  PCTINCREASE 0 FREELISTS 1 FREELIST GROUPS 1 BUFFER_POOL DEFAULT FLASH_CACHE DEFAULT CELL_FLASH_CACHE DEFAULT)
  TABLESPACE "USERS" ;
--------------------------------------------------------
--  DDL for Index OSUBS_PK
--------------------------------------------------------

  CREATE UNIQUE INDEX "BOM"."OSUBS_PK" ON "BOM"."OSUBS" ("IDX") 
  PCTFREE 10 INITRANS 2 MAXTRANS 255 COMPUTE STATISTICS 
  STORAGE(INITIAL 65536 NEXT 1048576 MINEXTENTS 1 MAXEXTENTS 2147483645
  PCTINCREASE 0 FREELISTS 1 FREELIST GROUPS 1 BUFFER_POOL DEFAULT FLASH_CACHE DEFAULT CELL_FLASH_CACHE DEFAULT)
  TABLESPACE "USERS" ;
--------------------------------------------------------
--  DDL for Index ECOMMENT_INDEX_2
--------------------------------------------------------

  CREATE INDEX "BOM"."ECOMMENT_INDEX_2" ON "BOM"."ECOMMENT" ("EVENT_IDX") 
  PCTFREE 10 INITRANS 2 MAXTRANS 255 COMPUTE STATISTICS 
  STORAGE(INITIAL 65536 NEXT 1048576 MINEXTENTS 1 MAXEXTENTS 2147483645
  PCTINCREASE 0 FREELISTS 1 FREELIST GROUPS 1 BUFFER_POOL DEFAULT FLASH_CACHE DEFAULT CELL_FLASH_CACHE DEFAULT)
  TABLESPACE "USERS" ;
--------------------------------------------------------
--  DDL for Index SUBS_PK
--------------------------------------------------------

  CREATE UNIQUE INDEX "BOM"."SUBS_PK" ON "BOM"."SUBS" ("IDX") 
  PCTFREE 10 INITRANS 2 MAXTRANS 255 COMPUTE STATISTICS 
  STORAGE(INITIAL 65536 NEXT 1048576 MINEXTENTS 1 MAXEXTENTS 2147483645
  PCTINCREASE 0 FREELISTS 1 FREELIST GROUPS 1 BUFFER_POOL DEFAULT FLASH_CACHE DEFAULT CELL_FLASH_CACHE DEFAULT)
  TABLESPACE "USERS" ;
--------------------------------------------------------
--  DDL for Index OCLASS_INDEX_2
--------------------------------------------------------

  CREATE INDEX "BOM"."OCLASS_INDEX_2" ON "BOM"."OCLASS" ("STATUS") 
  PCTFREE 10 INITRANS 2 MAXTRANS 255 COMPUTE STATISTICS 
  STORAGE(INITIAL 65536 NEXT 1048576 MINEXTENTS 1 MAXEXTENTS 2147483645
  PCTINCREASE 0 FREELISTS 1 FREELIST GROUPS 1 BUFFER_POOL DEFAULT FLASH_CACHE DEFAULT CELL_FLASH_CACHE DEFAULT)
  TABLESPACE "USERS" ;
--------------------------------------------------------
--  DDL for Index UC_COLOR
--------------------------------------------------------

  CREATE UNIQUE INDEX "BOM"."UC_COLOR" ON "BOM"."BRANCH" ("COLOR") 
  PCTFREE 10 INITRANS 2 MAXTRANS 255 COMPUTE STATISTICS 
  STORAGE(INITIAL 65536 NEXT 1048576 MINEXTENTS 1 MAXEXTENTS 2147483645
  PCTINCREASE 0 FREELISTS 1 FREELIST GROUPS 1 BUFFER_POOL DEFAULT FLASH_CACHE DEFAULT CELL_FLASH_CACHE DEFAULT)
  TABLESPACE "USERS" ;
--------------------------------------------------------
--  DDL for Index FLOWER_PK
--------------------------------------------------------

  CREATE UNIQUE INDEX "BOM"."FLOWER_PK" ON "BOM"."FLOWER" ("IDX") 
  PCTFREE 10 INITRANS 2 MAXTRANS 255 COMPUTE STATISTICS 
  STORAGE(INITIAL 65536 NEXT 1048576 MINEXTENTS 1 MAXEXTENTS 2147483645
  PCTINCREASE 0 FREELISTS 1 FREELIST GROUPS 1 BUFFER_POOL DEFAULT FLASH_CACHE DEFAULT CELL_FLASH_CACHE DEFAULT)
  TABLESPACE "USERS" ;
--------------------------------------------------------
--  DDL for Index SCHEDULE_INDEX_1
--------------------------------------------------------

  CREATE INDEX "BOM"."SCHEDULE_INDEX_1" ON "BOM"."SCHEDULE" ("SMONTH") 
  PCTFREE 10 INITRANS 2 MAXTRANS 255 COMPUTE STATISTICS 
  STORAGE(INITIAL 65536 NEXT 1048576 MINEXTENTS 1 MAXEXTENTS 2147483645
  PCTINCREASE 0 FREELISTS 1 FREELIST GROUPS 1 BUFFER_POOL DEFAULT FLASH_CACHE DEFAULT CELL_FLASH_CACHE DEFAULT)
  TABLESPACE "USERS" ;
--------------------------------------------------------
--  DDL for Index EVENT_PK
--------------------------------------------------------

  CREATE UNIQUE INDEX "BOM"."EVENT_PK" ON "BOM"."EVENT" ("IDX") 
  PCTFREE 10 INITRANS 2 MAXTRANS 255 COMPUTE STATISTICS 
  STORAGE(INITIAL 65536 NEXT 1048576 MINEXTENTS 1 MAXEXTENTS 2147483645
  PCTINCREASE 0 FREELISTS 1 FREELIST GROUPS 1 BUFFER_POOL DEFAULT FLASH_CACHE DEFAULT CELL_FLASH_CACHE DEFAULT)
  TABLESPACE "USERS" ;
--------------------------------------------------------
--  DDL for Index OCLASS_INDEX_1
--------------------------------------------------------

  CREATE INDEX "BOM"."OCLASS_INDEX_1" ON "BOM"."OCLASS" ("MEMBER_ID") 
  PCTFREE 10 INITRANS 2 MAXTRANS 255 COMPUTE STATISTICS 
  STORAGE(INITIAL 65536 NEXT 1048576 MINEXTENTS 1 MAXEXTENTS 2147483645
  PCTINCREASE 0 FREELISTS 1 FREELIST GROUPS 1 BUFFER_POOL DEFAULT FLASH_CACHE DEFAULT CELL_FLASH_CACHE DEFAULT)
  TABLESPACE "USERS" ;
--------------------------------------------------------
--  DDL for Index OCLASS_INDEX_3
--------------------------------------------------------

  CREATE INDEX "BOM"."OCLASS_INDEX_3" ON "BOM"."OCLASS" ("REVIEW_CHECK") 
  PCTFREE 10 INITRANS 2 MAXTRANS 255 COMPUTE STATISTICS 
  STORAGE(INITIAL 65536 NEXT 1048576 MINEXTENTS 1 MAXEXTENTS 2147483645
  PCTINCREASE 0 FREELISTS 1 FREELIST GROUPS 1 BUFFER_POOL DEFAULT FLASH_CACHE DEFAULT CELL_FLASH_CACHE DEFAULT)
  TABLESPACE "USERS" ;
--------------------------------------------------------
--  DDL for Index OITEM_INDEX_1
--------------------------------------------------------

  CREATE INDEX "BOM"."OITEM_INDEX_1" ON "BOM"."OITEM" ("ORDERS_IDX") 
  PCTFREE 10 INITRANS 2 MAXTRANS 255 COMPUTE STATISTICS 
  STORAGE(INITIAL 65536 NEXT 1048576 MINEXTENTS 1 MAXEXTENTS 2147483645
  PCTINCREASE 0 FREELISTS 1 FREELIST GROUPS 1 BUFFER_POOL DEFAULT FLASH_CACHE DEFAULT CELL_FLASH_CACHE DEFAULT)
  TABLESPACE "USERS" ;
--------------------------------------------------------
--  DDL for Index FCLASS_PK
--------------------------------------------------------

  CREATE UNIQUE INDEX "BOM"."FCLASS_PK" ON "BOM"."FCLASS" ("IDX") 
  PCTFREE 10 INITRANS 2 MAXTRANS 255 COMPUTE STATISTICS 
  STORAGE(INITIAL 65536 NEXT 1048576 MINEXTENTS 1 MAXEXTENTS 2147483645
  PCTINCREASE 0 FREELISTS 1 FREELIST GROUPS 1 BUFFER_POOL DEFAULT FLASH_CACHE DEFAULT CELL_FLASH_CACHE DEFAULT)
  TABLESPACE "USERS" ;
--------------------------------------------------------
--  DDL for Index ORDERS_INDEX_1
--------------------------------------------------------

  CREATE INDEX "BOM"."ORDERS_INDEX_1" ON "BOM"."ORDERS" ("ODATE") 
  PCTFREE 10 INITRANS 2 MAXTRANS 255 COMPUTE STATISTICS 
  STORAGE(INITIAL 65536 NEXT 1048576 MINEXTENTS 1 MAXEXTENTS 2147483645
  PCTINCREASE 0 FREELISTS 1 FREELIST GROUPS 1 BUFFER_POOL DEFAULT FLASH_CACHE DEFAULT CELL_FLASH_CACHE DEFAULT)
  TABLESPACE "USERS" ;
--------------------------------------------------------
--  DDL for Index ORDERS_INDEX_2
--------------------------------------------------------

  CREATE INDEX "BOM"."ORDERS_INDEX_2" ON "BOM"."ORDERS" ("PAY_TYPE") 
  PCTFREE 10 INITRANS 2 MAXTRANS 255 COMPUTE STATISTICS 
  STORAGE(INITIAL 65536 NEXT 1048576 MINEXTENTS 1 MAXEXTENTS 2147483645
  PCTINCREASE 0 FREELISTS 1 FREELIST GROUPS 1 BUFFER_POOL DEFAULT FLASH_CACHE DEFAULT CELL_FLASH_CACHE DEFAULT)
  TABLESPACE "USERS" ;
--------------------------------------------------------
--  DDL for Index MEMBER_INDEX_2
--------------------------------------------------------

  CREATE INDEX "BOM"."MEMBER_INDEX_2" ON "BOM"."MEMBER" ("GENDER") 
  PCTFREE 10 INITRANS 2 MAXTRANS 255 COMPUTE STATISTICS 
  STORAGE(INITIAL 65536 NEXT 1048576 MINEXTENTS 1 MAXEXTENTS 2147483645
  PCTINCREASE 0 FREELISTS 1 FREELIST GROUPS 1 BUFFER_POOL DEFAULT FLASH_CACHE DEFAULT CELL_FLASH_CACHE DEFAULT)
  TABLESPACE "USERS" ;
--------------------------------------------------------
--  DDL for Index FAQ_PK
--------------------------------------------------------

  CREATE UNIQUE INDEX "BOM"."FAQ_PK" ON "BOM"."FAQ" ("IDX") 
  PCTFREE 10 INITRANS 2 MAXTRANS 255 COMPUTE STATISTICS 
  STORAGE(INITIAL 65536 NEXT 1048576 MINEXTENTS 1 MAXEXTENTS 2147483645
  PCTINCREASE 0 FREELISTS 1 FREELIST GROUPS 1 BUFFER_POOL DEFAULT FLASH_CACHE DEFAULT CELL_FLASH_CACHE DEFAULT)
  TABLESPACE "USERS" ;
--------------------------------------------------------
--  DDL for Index CART_INDEX_1
--------------------------------------------------------

  CREATE INDEX "BOM"."CART_INDEX_1" ON "BOM"."CART" ("MEMBER_ID") 
  PCTFREE 10 INITRANS 2 MAXTRANS 255 COMPUTE STATISTICS 
  STORAGE(INITIAL 65536 NEXT 1048576 MINEXTENTS 1 MAXEXTENTS 2147483645
  PCTINCREASE 0 FREELISTS 1 FREELIST GROUPS 1 BUFFER_POOL DEFAULT FLASH_CACHE DEFAULT CELL_FLASH_CACHE DEFAULT)
  TABLESPACE "USERS" ;
--------------------------------------------------------
--  DDL for Index MEMBER_INDEX_4
--------------------------------------------------------

  CREATE INDEX "BOM"."MEMBER_INDEX_4" ON "BOM"."MEMBER" ("QUIT_STATUS") 
  PCTFREE 10 INITRANS 2 MAXTRANS 255 COMPUTE STATISTICS 
  STORAGE(INITIAL 65536 NEXT 1048576 MINEXTENTS 1 MAXEXTENTS 2147483645
  PCTINCREASE 0 FREELISTS 1 FREELIST GROUPS 1 BUFFER_POOL DEFAULT FLASH_CACHE DEFAULT CELL_FLASH_CACHE DEFAULT)
  TABLESPACE "USERS" ;
--------------------------------------------------------
--  DDL for Index UC_NAME
--------------------------------------------------------

  CREATE UNIQUE INDEX "BOM"."UC_NAME" ON "BOM"."BRANCH" ("NAME") 
  PCTFREE 10 INITRANS 2 MAXTRANS 255 COMPUTE STATISTICS 
  STORAGE(INITIAL 65536 NEXT 1048576 MINEXTENTS 1 MAXEXTENTS 2147483645
  PCTINCREASE 0 FREELISTS 1 FREELIST GROUPS 1 BUFFER_POOL DEFAULT FLASH_CACHE DEFAULT CELL_FLASH_CACHE DEFAULT)
  TABLESPACE "USERS" ;
--------------------------------------------------------
--  DDL for Index MEMBER_PK
--------------------------------------------------------

  CREATE UNIQUE INDEX "BOM"."MEMBER_PK" ON "BOM"."MEMBER" ("ID") 
  PCTFREE 10 INITRANS 2 MAXTRANS 255 COMPUTE STATISTICS 
  STORAGE(INITIAL 65536 NEXT 1048576 MINEXTENTS 1 MAXEXTENTS 2147483645
  PCTINCREASE 0 FREELISTS 1 FREELIST GROUPS 1 BUFFER_POOL DEFAULT FLASH_CACHE DEFAULT CELL_FLASH_CACHE DEFAULT)
  TABLESPACE "USERS" ;
--------------------------------------------------------
--  DDL for Index CHOICE_PK
--------------------------------------------------------

  CREATE UNIQUE INDEX "BOM"."CHOICE_PK" ON "BOM"."CHOICE" ("IDX") 
  PCTFREE 10 INITRANS 2 MAXTRANS 255 COMPUTE STATISTICS 
  STORAGE(INITIAL 65536 NEXT 1048576 MINEXTENTS 1 MAXEXTENTS 2147483645
  PCTINCREASE 0 FREELISTS 1 FREELIST GROUPS 1 BUFFER_POOL DEFAULT FLASH_CACHE DEFAULT CELL_FLASH_CACHE DEFAULT)
  TABLESPACE "USERS" ;
--------------------------------------------------------
--  DDL for Index ORDERS_INDEX_3
--------------------------------------------------------

  CREATE INDEX "BOM"."ORDERS_INDEX_3" ON "BOM"."ORDERS" ("PAY_DATE") 
  PCTFREE 10 INITRANS 2 MAXTRANS 255 COMPUTE STATISTICS 
  STORAGE(INITIAL 65536 NEXT 1048576 MINEXTENTS 1 MAXEXTENTS 2147483645
  PCTINCREASE 0 FREELISTS 1 FREELIST GROUPS 1 BUFFER_POOL DEFAULT FLASH_CACHE DEFAULT CELL_FLASH_CACHE DEFAULT)
  TABLESPACE "USERS" ;
--------------------------------------------------------
--  DDL for Index MEMBER_INDEX_1
--------------------------------------------------------

  CREATE INDEX "BOM"."MEMBER_INDEX_1" ON "BOM"."MEMBER" ("BIRTH") 
  PCTFREE 10 INITRANS 2 MAXTRANS 255 COMPUTE STATISTICS 
  STORAGE(INITIAL 65536 NEXT 1048576 MINEXTENTS 1 MAXEXTENTS 2147483645
  PCTINCREASE 0 FREELISTS 1 FREELIST GROUPS 1 BUFFER_POOL DEFAULT FLASH_CACHE DEFAULT CELL_FLASH_CACHE DEFAULT)
  TABLESPACE "USERS" ;
--------------------------------------------------------
--  DDL for Trigger BRANCH_AI_TRG
--------------------------------------------------------

  CREATE OR REPLACE TRIGGER "BOM"."BRANCH_AI_TRG" 
BEFORE INSERT ON BOM.BRANCH 
REFERENCING NEW AS NEW FOR EACH ROW 
BEGIN 
    SELECT BRANCH_SEQ.NEXTVAL
    INTO :NEW.IDX
    FROM DUAL;
END;


/
ALTER TRIGGER "BOM"."BRANCH_AI_TRG" ENABLE;
--------------------------------------------------------
--  DDL for Trigger CART_AI_TRG
--------------------------------------------------------

  CREATE OR REPLACE TRIGGER "BOM"."CART_AI_TRG" 
BEFORE INSERT ON BOM.CART 
REFERENCING NEW AS NEW FOR EACH ROW 
BEGIN 
    SELECT CART_SEQ.NEXTVAL
    INTO :NEW.IDX
    FROM DUAL;
END;


/
ALTER TRIGGER "BOM"."CART_AI_TRG" ENABLE;
--------------------------------------------------------
--  DDL for Trigger CHOICE_AI_TRG
--------------------------------------------------------

  CREATE OR REPLACE TRIGGER "BOM"."CHOICE_AI_TRG" 
BEFORE INSERT ON BOM.CHOICE
REFERENCING NEW AS NEW FOR EACH ROW 
BEGIN 
    SELECT CHOICE_SEQ.NEXTVAL
    INTO :NEW.IDX
    FROM DUAL;
END;


/
ALTER TRIGGER "BOM"."CHOICE_AI_TRG" ENABLE;
--------------------------------------------------------
--  DDL for Trigger COUPON_AI_TRG
--------------------------------------------------------

  CREATE OR REPLACE TRIGGER "BOM"."COUPON_AI_TRG" 
BEFORE INSERT ON BOM.COUPON 
REFERENCING NEW AS NEW FOR EACH ROW 
BEGIN 
    SELECT COUPON_SEQ.NEXTVAL
    INTO :NEW.IDX
    FROM DUAL;
END;


/
ALTER TRIGGER "BOM"."COUPON_AI_TRG" ENABLE;
--------------------------------------------------------
--  DDL for Trigger DELIVERY_INFO_AI_TRG
--------------------------------------------------------

  CREATE OR REPLACE TRIGGER "BOM"."DELIVERY_INFO_AI_TRG" 
BEFORE INSERT ON BOM.DELIVERY_INFO 
REFERENCING NEW AS NEW FOR EACH ROW 
BEGIN 
    SELECT DELIVERY_INFO_SEQ.NEXTVAL
    INTO :NEW.IDX
    FROM DUAL;
END;


/
ALTER TRIGGER "BOM"."DELIVERY_INFO_AI_TRG" ENABLE;
--------------------------------------------------------
--  DDL for Trigger ECOMMENT_AI_TRG
--------------------------------------------------------

  CREATE OR REPLACE TRIGGER "BOM"."ECOMMENT_AI_TRG" 
BEFORE INSERT ON BOM.ECOMMENT 
REFERENCING NEW AS NEW FOR EACH ROW 
BEGIN 
    SELECT ECOMMENT_SEQ.NEXTVAL
    INTO :NEW.IDX
    FROM DUAL;
END;


/
ALTER TRIGGER "BOM"."ECOMMENT_AI_TRG" ENABLE;
--------------------------------------------------------
--  DDL for Trigger EVENT_AI_TRG
--------------------------------------------------------

  CREATE OR REPLACE TRIGGER "BOM"."EVENT_AI_TRG" 
BEFORE INSERT ON BOM.EVENT 
REFERENCING NEW AS NEW FOR EACH ROW 
BEGIN 
    SELECT EVENT_SEQ.NEXTVAL
    INTO :NEW.IDX
    FROM DUAL;
END;


/
ALTER TRIGGER "BOM"."EVENT_AI_TRG" ENABLE;
--------------------------------------------------------
--  DDL for Trigger FAQ_AI_TRG
--------------------------------------------------------

  CREATE OR REPLACE TRIGGER "BOM"."FAQ_AI_TRG" 
BEFORE INSERT ON BOM.FAQ 
REFERENCING NEW AS NEW FOR EACH ROW 
BEGIN 
    SELECT FAQ_SEQ.NEXTVAL
    INTO :NEW.IDX
    FROM DUAL;
END;


/
ALTER TRIGGER "BOM"."FAQ_AI_TRG" ENABLE;
--------------------------------------------------------
--  DDL for Trigger FCLASS_AI_TRG
--------------------------------------------------------

  CREATE OR REPLACE TRIGGER "BOM"."FCLASS_AI_TRG" 
BEFORE INSERT ON BOM.FCLASS 
REFERENCING NEW AS NEW FOR EACH ROW 
BEGIN 
    SELECT FCLASS_SEQ.NEXTVAL
    INTO :NEW.IDX
    FROM DUAL;
END;


/
ALTER TRIGGER "BOM"."FCLASS_AI_TRG" ENABLE;
--------------------------------------------------------
--  DDL for Trigger FLOWER_AI_TRG
--------------------------------------------------------

  CREATE OR REPLACE TRIGGER "BOM"."FLOWER_AI_TRG" 
BEFORE INSERT ON BOM.FLOWER 
REFERENCING NEW AS NEW FOR EACH ROW 
BEGIN 
    SELECT FLOWER_SEQ.NEXTVAL
    INTO :NEW.IDX
    FROM DUAL;
END;


/
ALTER TRIGGER "BOM"."FLOWER_AI_TRG" ENABLE;
--------------------------------------------------------
--  DDL for Trigger MYQ_AI_TRG
--------------------------------------------------------

  CREATE OR REPLACE TRIGGER "BOM"."MYQ_AI_TRG" 
BEFORE INSERT ON BOM.MYQ 
REFERENCING NEW AS NEW FOR EACH ROW 
BEGIN 
    SELECT MYQ_SEQ.NEXTVAL
    INTO :NEW.IDX
    FROM DUAL;
END;


/
ALTER TRIGGER "BOM"."MYQ_AI_TRG" ENABLE;
--------------------------------------------------------
--  DDL for Trigger OCLASS_AI_TRG
--------------------------------------------------------

  CREATE OR REPLACE TRIGGER "BOM"."OCLASS_AI_TRG" 
BEFORE INSERT ON BOM.OCLASS 
REFERENCING NEW AS NEW FOR EACH ROW 
BEGIN 
    SELECT OCLASS_SEQ.NEXTVAL
    INTO :NEW.IDX
    FROM DUAL;
END;


/
ALTER TRIGGER "BOM"."OCLASS_AI_TRG" ENABLE;
--------------------------------------------------------
--  DDL for Trigger OITEM_AI_TRG
--------------------------------------------------------

  CREATE OR REPLACE TRIGGER "BOM"."OITEM_AI_TRG" 
BEFORE INSERT ON BOM.OITEM 
REFERENCING NEW AS NEW FOR EACH ROW 
BEGIN 
    SELECT OITEM_SEQ.NEXTVAL
    INTO :NEW.IDX
    FROM DUAL;
END;


/
ALTER TRIGGER "BOM"."OITEM_AI_TRG" ENABLE;
--------------------------------------------------------
--  DDL for Trigger ORDERS_AI_TRG
--------------------------------------------------------

  CREATE OR REPLACE TRIGGER "BOM"."ORDERS_AI_TRG" 
BEFORE INSERT ON BOM.ORDERS 
REFERENCING NEW AS NEW FOR EACH ROW 
BEGIN 
    SELECT ORDERS_SEQ.NEXTVAL
    INTO :NEW.IDX
    FROM DUAL;
END;


/
ALTER TRIGGER "BOM"."ORDERS_AI_TRG" ENABLE;
--------------------------------------------------------
--  DDL for Trigger OSUBS_AI_TRG
--------------------------------------------------------

  CREATE OR REPLACE TRIGGER "BOM"."OSUBS_AI_TRG" 
BEFORE INSERT ON BOM.OSUBS 
REFERENCING NEW AS NEW FOR EACH ROW 
BEGIN 
    SELECT OSUBS_SEQ.NEXTVAL
    INTO :NEW.IDX
    FROM DUAL;
END;


/
ALTER TRIGGER "BOM"."OSUBS_AI_TRG" ENABLE;
--------------------------------------------------------
--  DDL for Trigger PRODUCT_AI_TRG
--------------------------------------------------------

  CREATE OR REPLACE TRIGGER "BOM"."PRODUCT_AI_TRG" 
BEFORE INSERT ON BOM.PRODUCT 
REFERENCING NEW AS NEW FOR EACH ROW 
BEGIN 
    SELECT PRODUCT_SEQ.NEXTVAL
    INTO :NEW.IDX
    FROM DUAL;
END;


/
ALTER TRIGGER "BOM"."PRODUCT_AI_TRG" ENABLE;
--------------------------------------------------------
--  DDL for Trigger REVIEW_AI_TRG
--------------------------------------------------------

  CREATE OR REPLACE TRIGGER "BOM"."REVIEW_AI_TRG" 
BEFORE INSERT ON BOM.REVIEW 
REFERENCING NEW AS NEW FOR EACH ROW 
BEGIN 
    SELECT REVIEW_SEQ.NEXTVAL
    INTO :NEW.IDX
    FROM DUAL;
END;


/
ALTER TRIGGER "BOM"."REVIEW_AI_TRG" ENABLE;
--------------------------------------------------------
--  DDL for Trigger REVIEW_LIKE_AI_TRG
--------------------------------------------------------

  CREATE OR REPLACE TRIGGER "BOM"."REVIEW_LIKE_AI_TRG" 
before INSERT ON BOM.REVIEW_LIKE
for each row
begin
  select REVIEW_LIKE_SEQ.nextval into :new.idx from dual;
end;
/
ALTER TRIGGER "BOM"."REVIEW_LIKE_AI_TRG" ENABLE;
--------------------------------------------------------
--  DDL for Trigger SCHEDULE_AI_TRG
--------------------------------------------------------

  CREATE OR REPLACE TRIGGER "BOM"."SCHEDULE_AI_TRG" 
BEFORE INSERT ON BOM.SCHEDULE 
REFERENCING NEW AS NEW FOR EACH ROW 
BEGIN 
    SELECT SCHEDULE_SEQ.NEXTVAL
    INTO :NEW.IDX
    FROM DUAL;
END;


/
ALTER TRIGGER "BOM"."SCHEDULE_AI_TRG" ENABLE;
--------------------------------------------------------
--  DDL for Trigger SUBS_AI_TRG
--------------------------------------------------------

  CREATE OR REPLACE TRIGGER "BOM"."SUBS_AI_TRG" 
BEFORE INSERT ON BOM.SUBS 
REFERENCING NEW AS NEW FOR EACH ROW 
BEGIN 
    SELECT SUBS_SEQ.NEXTVAL
    INTO :NEW.IDX
    FROM DUAL;
END;


/
ALTER TRIGGER "BOM"."SUBS_AI_TRG" ENABLE;
--------------------------------------------------------
--  Constraints for Table OSUBS
--------------------------------------------------------

  ALTER TABLE "BOM"."OSUBS" MODIFY ("IDX" NOT NULL ENABLE);
  ALTER TABLE "BOM"."OSUBS" MODIFY ("OITEM_IDX" NOT NULL ENABLE);
  ALTER TABLE "BOM"."OSUBS" MODIFY ("MONTH" NOT NULL ENABLE);
  ALTER TABLE "BOM"."OSUBS" MODIFY ("DELIVERY_DATE" NOT NULL ENABLE);
  ALTER TABLE "BOM"."OSUBS" ADD CONSTRAINT "OSUBS_PK" PRIMARY KEY ("IDX")
  USING INDEX PCTFREE 10 INITRANS 2 MAXTRANS 255 COMPUTE STATISTICS 
  STORAGE(INITIAL 65536 NEXT 1048576 MINEXTENTS 1 MAXEXTENTS 2147483645
  PCTINCREASE 0 FREELISTS 1 FREELIST GROUPS 1 BUFFER_POOL DEFAULT FLASH_CACHE DEFAULT CELL_FLASH_CACHE DEFAULT)
  TABLESPACE "USERS"  ENABLE;
--------------------------------------------------------
--  Constraints for Table MEMBER
--------------------------------------------------------

  ALTER TABLE "BOM"."MEMBER" MODIFY ("ID" NOT NULL ENABLE);
  ALTER TABLE "BOM"."MEMBER" MODIFY ("PW" NOT NULL ENABLE);
  ALTER TABLE "BOM"."MEMBER" MODIFY ("NAME" NOT NULL ENABLE);
  ALTER TABLE "BOM"."MEMBER" MODIFY ("BIRTH" NOT NULL ENABLE);
  ALTER TABLE "BOM"."MEMBER" MODIFY ("GENDER" NOT NULL ENABLE);
  ALTER TABLE "BOM"."MEMBER" MODIFY ("PHONE" NOT NULL ENABLE);
  ALTER TABLE "BOM"."MEMBER" MODIFY ("GRADE" NOT NULL ENABLE);
  ALTER TABLE "BOM"."MEMBER" MODIFY ("POINT" NOT NULL ENABLE);
  ALTER TABLE "BOM"."MEMBER" MODIFY ("QUIT_STATUS" NOT NULL ENABLE);
  ALTER TABLE "BOM"."MEMBER" ADD CONSTRAINT "MEMBER_PK" PRIMARY KEY ("ID")
  USING INDEX PCTFREE 10 INITRANS 2 MAXTRANS 255 COMPUTE STATISTICS 
  STORAGE(INITIAL 65536 NEXT 1048576 MINEXTENTS 1 MAXEXTENTS 2147483645
  PCTINCREASE 0 FREELISTS 1 FREELIST GROUPS 1 BUFFER_POOL DEFAULT FLASH_CACHE DEFAULT CELL_FLASH_CACHE DEFAULT)
  TABLESPACE "USERS"  ENABLE;
--------------------------------------------------------
--  Constraints for Table REVIEW_LIKE
--------------------------------------------------------

  ALTER TABLE "BOM"."REVIEW_LIKE" ADD PRIMARY KEY ("IDX")
  USING INDEX PCTFREE 10 INITRANS 2 MAXTRANS 255 COMPUTE STATISTICS 
  STORAGE(INITIAL 65536 NEXT 1048576 MINEXTENTS 1 MAXEXTENTS 2147483645
  PCTINCREASE 0 FREELISTS 1 FREELIST GROUPS 1 BUFFER_POOL DEFAULT FLASH_CACHE DEFAULT CELL_FLASH_CACHE DEFAULT)
  TABLESPACE "USERS"  ENABLE;
--------------------------------------------------------
--  Constraints for Table BANNER
--------------------------------------------------------

  ALTER TABLE "BOM"."BANNER" ADD CONSTRAINT "BANNER_PK" PRIMARY KEY ("CATEGORY")
  USING INDEX PCTFREE 10 INITRANS 2 MAXTRANS 255 COMPUTE STATISTICS 
  STORAGE(INITIAL 65536 NEXT 1048576 MINEXTENTS 1 MAXEXTENTS 2147483645
  PCTINCREASE 0 FREELISTS 1 FREELIST GROUPS 1 BUFFER_POOL DEFAULT FLASH_CACHE DEFAULT CELL_FLASH_CACHE DEFAULT)
  TABLESPACE "USERS"  ENABLE;
  ALTER TABLE "BOM"."BANNER" MODIFY ("CATEGORY" NOT NULL ENABLE);
--------------------------------------------------------
--  Constraints for Table OITEM
--------------------------------------------------------

  ALTER TABLE "BOM"."OITEM" MODIFY ("IDX" NOT NULL ENABLE);
  ALTER TABLE "BOM"."OITEM" MODIFY ("ORDERS_IDX" NOT NULL ENABLE);
  ALTER TABLE "BOM"."OITEM" MODIFY ("NAME" NOT NULL ENABLE);
  ALTER TABLE "BOM"."OITEM" MODIFY ("PRICE" NOT NULL ENABLE);
  ALTER TABLE "BOM"."OITEM" MODIFY ("IMAGE" NOT NULL ENABLE);
  ALTER TABLE "BOM"."OITEM" MODIFY ("REVIEW_CHECK" NOT NULL ENABLE);
  ALTER TABLE "BOM"."OITEM" ADD CONSTRAINT "OITEM_PK" PRIMARY KEY ("IDX")
  USING INDEX PCTFREE 10 INITRANS 2 MAXTRANS 255 COMPUTE STATISTICS 
  STORAGE(INITIAL 65536 NEXT 1048576 MINEXTENTS 1 MAXEXTENTS 2147483645
  PCTINCREASE 0 FREELISTS 1 FREELIST GROUPS 1 BUFFER_POOL DEFAULT FLASH_CACHE DEFAULT CELL_FLASH_CACHE DEFAULT)
  TABLESPACE "USERS"  ENABLE;
--------------------------------------------------------
--  Constraints for Table FAQ
--------------------------------------------------------

  ALTER TABLE "BOM"."FAQ" MODIFY ("IDX" NOT NULL ENABLE);
  ALTER TABLE "BOM"."FAQ" MODIFY ("CATEGORY" NOT NULL ENABLE);
  ALTER TABLE "BOM"."FAQ" MODIFY ("QUESTION" NOT NULL ENABLE);
  ALTER TABLE "BOM"."FAQ" ADD CONSTRAINT "FAQ_PK" PRIMARY KEY ("IDX")
  USING INDEX PCTFREE 10 INITRANS 2 MAXTRANS 255 COMPUTE STATISTICS 
  STORAGE(INITIAL 65536 NEXT 1048576 MINEXTENTS 1 MAXEXTENTS 2147483645
  PCTINCREASE 0 FREELISTS 1 FREELIST GROUPS 1 BUFFER_POOL DEFAULT FLASH_CACHE DEFAULT CELL_FLASH_CACHE DEFAULT)
  TABLESPACE "USERS"  ENABLE;
--------------------------------------------------------
--  Constraints for Table CART
--------------------------------------------------------

  ALTER TABLE "BOM"."CART" MODIFY ("IDX" NOT NULL ENABLE);
  ALTER TABLE "BOM"."CART" MODIFY ("MEMBER_ID" NOT NULL ENABLE);
  ALTER TABLE "BOM"."CART" MODIFY ("CATEGORY" NOT NULL ENABLE);
  ALTER TABLE "BOM"."CART" MODIFY ("QUANTITY" NOT NULL ENABLE);
  ALTER TABLE "BOM"."CART" ADD CONSTRAINT "CART_PK" PRIMARY KEY ("IDX")
  USING INDEX PCTFREE 10 INITRANS 2 MAXTRANS 255 COMPUTE STATISTICS 
  STORAGE(INITIAL 65536 NEXT 1048576 MINEXTENTS 1 MAXEXTENTS 2147483645
  PCTINCREASE 0 FREELISTS 1 FREELIST GROUPS 1 BUFFER_POOL DEFAULT FLASH_CACHE DEFAULT CELL_FLASH_CACHE DEFAULT)
  TABLESPACE "USERS"  ENABLE;
  ALTER TABLE "BOM"."CART" MODIFY ("LETTER" NOT NULL ENABLE);
--------------------------------------------------------
--  Constraints for Table OCLASS
--------------------------------------------------------

  ALTER TABLE "BOM"."OCLASS" MODIFY ("DISCOUNT_TOTAL_PRICE" NOT NULL ENABLE);
  ALTER TABLE "BOM"."OCLASS" MODIFY ("IDX" NOT NULL ENABLE);
  ALTER TABLE "BOM"."OCLASS" MODIFY ("MEMBER_ID" NOT NULL ENABLE);
  ALTER TABLE "BOM"."OCLASS" MODIFY ("REG_COUNT" NOT NULL ENABLE);
  ALTER TABLE "BOM"."OCLASS" MODIFY ("PAY_TYPE" NOT NULL ENABLE);
  ALTER TABLE "BOM"."OCLASS" MODIFY ("PAY_TOTAL" NOT NULL ENABLE);
  ALTER TABLE "BOM"."OCLASS" MODIFY ("DISCOUNT_GRADE" NOT NULL ENABLE);
  ALTER TABLE "BOM"."OCLASS" MODIFY ("DISCOUNT_POINT" NOT NULL ENABLE);
  ALTER TABLE "BOM"."OCLASS" MODIFY ("FCLASS_NAME" NOT NULL ENABLE);
  ALTER TABLE "BOM"."OCLASS" MODIFY ("BRANCH_NAME" NOT NULL ENABLE);
  ALTER TABLE "BOM"."OCLASS" MODIFY ("BRANCH_ADDR" NOT NULL ENABLE);
  ALTER TABLE "BOM"."OCLASS" MODIFY ("FCLASS_IMAGE" NOT NULL ENABLE);
  ALTER TABLE "BOM"."OCLASS" MODIFY ("SCHEDULE_DATE" NOT NULL ENABLE);
  ALTER TABLE "BOM"."OCLASS" MODIFY ("SCHEDULE_START_TIME" NOT NULL ENABLE);
  ALTER TABLE "BOM"."OCLASS" MODIFY ("SCHEDULE_END_TIME" NOT NULL ENABLE);
  ALTER TABLE "BOM"."OCLASS" MODIFY ("FCLASS_COUNT" NOT NULL ENABLE);
  ALTER TABLE "BOM"."OCLASS" MODIFY ("REVIEW_CHECK" NOT NULL ENABLE);
  ALTER TABLE "BOM"."OCLASS" ADD CONSTRAINT "OCLASS_PK" PRIMARY KEY ("IDX")
  USING INDEX PCTFREE 10 INITRANS 2 MAXTRANS 255 COMPUTE STATISTICS 
  STORAGE(INITIAL 65536 NEXT 1048576 MINEXTENTS 1 MAXEXTENTS 2147483645
  PCTINCREASE 0 FREELISTS 1 FREELIST GROUPS 1 BUFFER_POOL DEFAULT FLASH_CACHE DEFAULT CELL_FLASH_CACHE DEFAULT)
  TABLESPACE "USERS"  ENABLE;
--------------------------------------------------------
--  Constraints for Table SCHEDULE
--------------------------------------------------------

  ALTER TABLE "BOM"."SCHEDULE" MODIFY ("IDX" NOT NULL ENABLE);
  ALTER TABLE "BOM"."SCHEDULE" MODIFY ("BRANCH_IDX" NOT NULL ENABLE);
  ALTER TABLE "BOM"."SCHEDULE" MODIFY ("FCLASS_IDX" NOT NULL ENABLE);
  ALTER TABLE "BOM"."SCHEDULE" MODIFY ("SDATE" NOT NULL ENABLE);
  ALTER TABLE "BOM"."SCHEDULE" MODIFY ("SMONTH" NOT NULL ENABLE);
  ALTER TABLE "BOM"."SCHEDULE" MODIFY ("SDAY" NOT NULL ENABLE);
  ALTER TABLE "BOM"."SCHEDULE" MODIFY ("START_TIME" NOT NULL ENABLE);
  ALTER TABLE "BOM"."SCHEDULE" MODIFY ("END_TIME" NOT NULL ENABLE);
  ALTER TABLE "BOM"."SCHEDULE" MODIFY ("TOTAL_COUNT" NOT NULL ENABLE);
  ALTER TABLE "BOM"."SCHEDULE" MODIFY ("REG_COUNT" NOT NULL ENABLE);
  ALTER TABLE "BOM"."SCHEDULE" ADD CONSTRAINT "SCHEDULE_PK" PRIMARY KEY ("IDX")
  USING INDEX PCTFREE 10 INITRANS 2 MAXTRANS 255 COMPUTE STATISTICS 
  STORAGE(INITIAL 65536 NEXT 1048576 MINEXTENTS 1 MAXEXTENTS 2147483645
  PCTINCREASE 0 FREELISTS 1 FREELIST GROUPS 1 BUFFER_POOL DEFAULT FLASH_CACHE DEFAULT CELL_FLASH_CACHE DEFAULT)
  TABLESPACE "USERS"  ENABLE;
--------------------------------------------------------
--  Constraints for Table PRODUCT
--------------------------------------------------------

  ALTER TABLE "BOM"."PRODUCT" MODIFY ("IDX" NOT NULL ENABLE);
  ALTER TABLE "BOM"."PRODUCT" MODIFY ("CATEGORY" NOT NULL ENABLE);
  ALTER TABLE "BOM"."PRODUCT" MODIFY ("NAME" NOT NULL ENABLE);
  ALTER TABLE "BOM"."PRODUCT" MODIFY ("SUBHEADER" NOT NULL ENABLE);
  ALTER TABLE "BOM"."PRODUCT" MODIFY ("PRICE" NOT NULL ENABLE);
  ALTER TABLE "BOM"."PRODUCT" MODIFY ("IMAGE1" NOT NULL ENABLE);
  ALTER TABLE "BOM"."PRODUCT" ADD CONSTRAINT "PRODUCT_PK" PRIMARY KEY ("IDX")
  USING INDEX PCTFREE 10 INITRANS 2 MAXTRANS 255 COMPUTE STATISTICS 
  STORAGE(INITIAL 65536 NEXT 1048576 MINEXTENTS 1 MAXEXTENTS 2147483645
  PCTINCREASE 0 FREELISTS 1 FREELIST GROUPS 1 BUFFER_POOL DEFAULT FLASH_CACHE DEFAULT CELL_FLASH_CACHE DEFAULT)
  TABLESPACE "USERS"  ENABLE;
--------------------------------------------------------
--  Constraints for Table REVIEW
--------------------------------------------------------

  ALTER TABLE "BOM"."REVIEW" MODIFY ("IDX" NOT NULL ENABLE);
  ALTER TABLE "BOM"."REVIEW" MODIFY ("CATEGORY" NOT NULL ENABLE);
  ALTER TABLE "BOM"."REVIEW" MODIFY ("NAME" NOT NULL ENABLE);
  ALTER TABLE "BOM"."REVIEW" MODIFY ("MEMBER_ID" NOT NULL ENABLE);
  ALTER TABLE "BOM"."REVIEW" MODIFY ("REG_DATE" NOT NULL ENABLE);
  ALTER TABLE "BOM"."REVIEW" MODIFY ("STAR" NOT NULL ENABLE);
  ALTER TABLE "BOM"."REVIEW" MODIFY ("LIKE_COUNT" NOT NULL ENABLE);
  ALTER TABLE "BOM"."REVIEW" ADD CONSTRAINT "REVIEW_PK" PRIMARY KEY ("IDX")
  USING INDEX PCTFREE 10 INITRANS 2 MAXTRANS 255 COMPUTE STATISTICS 
  STORAGE(INITIAL 65536 NEXT 1048576 MINEXTENTS 1 MAXEXTENTS 2147483645
  PCTINCREASE 0 FREELISTS 1 FREELIST GROUPS 1 BUFFER_POOL DEFAULT FLASH_CACHE DEFAULT CELL_FLASH_CACHE DEFAULT)
  TABLESPACE "USERS"  ENABLE;
--------------------------------------------------------
--  Constraints for Table MYQ
--------------------------------------------------------

  ALTER TABLE "BOM"."MYQ" MODIFY ("IDX" NOT NULL ENABLE);
  ALTER TABLE "BOM"."MYQ" MODIFY ("NAME" NOT NULL ENABLE);
  ALTER TABLE "BOM"."MYQ" MODIFY ("MEMBER_ID" NOT NULL ENABLE);
  ALTER TABLE "BOM"."MYQ" MODIFY ("EMAIL_SEND" NOT NULL ENABLE);
  ALTER TABLE "BOM"."MYQ" ADD CONSTRAINT "MYQ_PK" PRIMARY KEY ("IDX")
  USING INDEX PCTFREE 10 INITRANS 2 MAXTRANS 255 COMPUTE STATISTICS 
  STORAGE(INITIAL 65536 NEXT 1048576 MINEXTENTS 1 MAXEXTENTS 2147483645
  PCTINCREASE 0 FREELISTS 1 FREELIST GROUPS 1 BUFFER_POOL DEFAULT FLASH_CACHE DEFAULT CELL_FLASH_CACHE DEFAULT)
  TABLESPACE "USERS"  ENABLE;
--------------------------------------------------------
--  Constraints for Table FCLASS
--------------------------------------------------------

  ALTER TABLE "BOM"."FCLASS" MODIFY ("IDX" NOT NULL ENABLE);
  ALTER TABLE "BOM"."FCLASS" MODIFY ("CATEGORY" NOT NULL ENABLE);
  ALTER TABLE "BOM"."FCLASS" MODIFY ("NAME" NOT NULL ENABLE);
  ALTER TABLE "BOM"."FCLASS" MODIFY ("SUBHEADER" NOT NULL ENABLE);
  ALTER TABLE "BOM"."FCLASS" MODIFY ("PRICE" NOT NULL ENABLE);
  ALTER TABLE "BOM"."FCLASS" MODIFY ("IMAGE1" NOT NULL ENABLE);
  ALTER TABLE "BOM"."FCLASS" MODIFY ("COUNT" NOT NULL ENABLE);
  ALTER TABLE "BOM"."FCLASS" ADD CONSTRAINT "FCLASS_PK" PRIMARY KEY ("IDX")
  USING INDEX PCTFREE 10 INITRANS 2 MAXTRANS 255 COMPUTE STATISTICS 
  STORAGE(INITIAL 65536 NEXT 1048576 MINEXTENTS 1 MAXEXTENTS 2147483645
  PCTINCREASE 0 FREELISTS 1 FREELIST GROUPS 1 BUFFER_POOL DEFAULT FLASH_CACHE DEFAULT CELL_FLASH_CACHE DEFAULT)
  TABLESPACE "USERS"  ENABLE;
--------------------------------------------------------
--  Constraints for Table BRANCH
--------------------------------------------------------

  ALTER TABLE "BOM"."BRANCH" MODIFY ("IDX" NOT NULL ENABLE);
  ALTER TABLE "BOM"."BRANCH" MODIFY ("NAME" NOT NULL ENABLE);
  ALTER TABLE "BOM"."BRANCH" MODIFY ("COLOR" NOT NULL ENABLE);
  ALTER TABLE "BOM"."BRANCH" MODIFY ("ADDR" NOT NULL ENABLE);
  ALTER TABLE "BOM"."BRANCH" MODIFY ("MAP_IMAGE" NOT NULL ENABLE);
  ALTER TABLE "BOM"."BRANCH" ADD CONSTRAINT "BRANCH_PK" PRIMARY KEY ("IDX")
  USING INDEX PCTFREE 10 INITRANS 2 MAXTRANS 255 COMPUTE STATISTICS 
  STORAGE(INITIAL 65536 NEXT 1048576 MINEXTENTS 1 MAXEXTENTS 2147483645
  PCTINCREASE 0 FREELISTS 1 FREELIST GROUPS 1 BUFFER_POOL DEFAULT FLASH_CACHE DEFAULT CELL_FLASH_CACHE DEFAULT)
  TABLESPACE "USERS"  ENABLE;
  ALTER TABLE "BOM"."BRANCH" ADD CONSTRAINT "UC_NAME" UNIQUE ("NAME")
  USING INDEX PCTFREE 10 INITRANS 2 MAXTRANS 255 COMPUTE STATISTICS 
  STORAGE(INITIAL 65536 NEXT 1048576 MINEXTENTS 1 MAXEXTENTS 2147483645
  PCTINCREASE 0 FREELISTS 1 FREELIST GROUPS 1 BUFFER_POOL DEFAULT FLASH_CACHE DEFAULT CELL_FLASH_CACHE DEFAULT)
  TABLESPACE "USERS"  ENABLE;
--------------------------------------------------------
--  Constraints for Table FLOWER
--------------------------------------------------------

  ALTER TABLE "BOM"."FLOWER" MODIFY ("IDX" NOT NULL ENABLE);
  ALTER TABLE "BOM"."FLOWER" MODIFY ("NAME" NOT NULL ENABLE);
  ALTER TABLE "BOM"."FLOWER" MODIFY ("SUBHEADER" NOT NULL ENABLE);
  ALTER TABLE "BOM"."FLOWER" MODIFY ("PRICE" NOT NULL ENABLE);
  ALTER TABLE "BOM"."FLOWER" MODIFY ("FSIZE" NOT NULL ENABLE);
  ALTER TABLE "BOM"."FLOWER" MODIFY ("IMAGE1" NOT NULL ENABLE);
  ALTER TABLE "BOM"."FLOWER" MODIFY ("FREE_DELIVERY" NOT NULL ENABLE);
  ALTER TABLE "BOM"."FLOWER" ADD CONSTRAINT "FLOWER_PK" PRIMARY KEY ("IDX")
  USING INDEX PCTFREE 10 INITRANS 2 MAXTRANS 255 COMPUTE STATISTICS 
  STORAGE(INITIAL 65536 NEXT 1048576 MINEXTENTS 1 MAXEXTENTS 2147483645
  PCTINCREASE 0 FREELISTS 1 FREELIST GROUPS 1 BUFFER_POOL DEFAULT FLASH_CACHE DEFAULT CELL_FLASH_CACHE DEFAULT)
  TABLESPACE "USERS"  ENABLE;
--------------------------------------------------------
--  Constraints for Table ECOMMENT
--------------------------------------------------------

  ALTER TABLE "BOM"."ECOMMENT" MODIFY ("IDX" NOT NULL ENABLE);
  ALTER TABLE "BOM"."ECOMMENT" MODIFY ("MEMBER_ID" NOT NULL ENABLE);
  ALTER TABLE "BOM"."ECOMMENT" MODIFY ("CONTENT" NOT NULL ENABLE);
  ALTER TABLE "BOM"."ECOMMENT" MODIFY ("REG_DATE" NOT NULL ENABLE);
  ALTER TABLE "BOM"."ECOMMENT" MODIFY ("REPORT" NOT NULL ENABLE);
  ALTER TABLE "BOM"."ECOMMENT" MODIFY ("EVENT_IDX" NOT NULL ENABLE);
  ALTER TABLE "BOM"."ECOMMENT" ADD CONSTRAINT "ECOMMENT_PK" PRIMARY KEY ("IDX")
  USING INDEX PCTFREE 10 INITRANS 2 MAXTRANS 255 COMPUTE STATISTICS 
  STORAGE(INITIAL 65536 NEXT 1048576 MINEXTENTS 1 MAXEXTENTS 2147483645
  PCTINCREASE 0 FREELISTS 1 FREELIST GROUPS 1 BUFFER_POOL DEFAULT FLASH_CACHE DEFAULT CELL_FLASH_CACHE DEFAULT)
  TABLESPACE "USERS"  ENABLE;
--------------------------------------------------------
--  Constraints for Table CHOICE
--------------------------------------------------------

  ALTER TABLE "BOM"."CHOICE" MODIFY ("IDX" NOT NULL ENABLE);
  ALTER TABLE "BOM"."CHOICE" MODIFY ("QUANTITY" NOT NULL ENABLE);
  ALTER TABLE "BOM"."CHOICE" MODIFY ("PRODUCT_IDX" NOT NULL ENABLE);
  ALTER TABLE "BOM"."CHOICE" MODIFY ("CART_IDX" NOT NULL ENABLE);
  ALTER TABLE "BOM"."CHOICE" ADD CONSTRAINT "CHOICE_PK" PRIMARY KEY ("IDX")
  USING INDEX PCTFREE 10 INITRANS 2 MAXTRANS 255 COMPUTE STATISTICS 
  STORAGE(INITIAL 65536 NEXT 1048576 MINEXTENTS 1 MAXEXTENTS 2147483645
  PCTINCREASE 0 FREELISTS 1 FREELIST GROUPS 1 BUFFER_POOL DEFAULT FLASH_CACHE DEFAULT CELL_FLASH_CACHE DEFAULT)
  TABLESPACE "USERS"  ENABLE;
--------------------------------------------------------
--  Constraints for Table COUPON
--------------------------------------------------------

  ALTER TABLE "BOM"."COUPON" MODIFY ("IDX" NOT NULL ENABLE);
  ALTER TABLE "BOM"."COUPON" MODIFY ("NAME" NOT NULL ENABLE);
  ALTER TABLE "BOM"."COUPON" MODIFY ("MEMBER_ID" NOT NULL ENABLE);
  ALTER TABLE "BOM"."COUPON" MODIFY ("STATUS" NOT NULL ENABLE);
  ALTER TABLE "BOM"."COUPON" MODIFY ("POINT" NOT NULL ENABLE);
  ALTER TABLE "BOM"."COUPON" MODIFY ("CDATE" NOT NULL ENABLE);
  ALTER TABLE "BOM"."COUPON" ADD CONSTRAINT "COUPON_PK" PRIMARY KEY ("IDX")
  USING INDEX PCTFREE 10 INITRANS 2 MAXTRANS 255 COMPUTE STATISTICS 
  STORAGE(INITIAL 65536 NEXT 1048576 MINEXTENTS 1 MAXEXTENTS 2147483645
  PCTINCREASE 0 FREELISTS 1 FREELIST GROUPS 1 BUFFER_POOL DEFAULT FLASH_CACHE DEFAULT CELL_FLASH_CACHE DEFAULT)
  TABLESPACE "USERS"  ENABLE;
--------------------------------------------------------
--  Constraints for Table ORDERS
--------------------------------------------------------

  ALTER TABLE "BOM"."ORDERS" MODIFY ("IDX" NOT NULL ENABLE);
  ALTER TABLE "BOM"."ORDERS" MODIFY ("MEMBER_ID" NOT NULL ENABLE);
  ALTER TABLE "BOM"."ORDERS" MODIFY ("ODATE" NOT NULL ENABLE);
  ALTER TABLE "BOM"."ORDERS" MODIFY ("RECEIVER_NAME" NOT NULL ENABLE);
  ALTER TABLE "BOM"."ORDERS" MODIFY ("RECEIVER_PHONE" NOT NULL ENABLE);
  ALTER TABLE "BOM"."ORDERS" MODIFY ("RECEIVER_ZIPCODE" NOT NULL ENABLE);
  ALTER TABLE "BOM"."ORDERS" MODIFY ("RECEIVER_ADDR_BASE" NOT NULL ENABLE);
  ALTER TABLE "BOM"."ORDERS" MODIFY ("PAY_TYPE" NOT NULL ENABLE);
  ALTER TABLE "BOM"."ORDERS" MODIFY ("PAY_TOTAL" NOT NULL ENABLE);
  ALTER TABLE "BOM"."ORDERS" MODIFY ("PAY_DELIVERY" NOT NULL ENABLE);
  ALTER TABLE "BOM"."ORDERS" MODIFY ("DISCOUNT_GRADE" NOT NULL ENABLE);
  ALTER TABLE "BOM"."ORDERS" MODIFY ("DISCOUNT_POINT" NOT NULL ENABLE);
  ALTER TABLE "BOM"."ORDERS" ADD CONSTRAINT "ORDERS_PK" PRIMARY KEY ("IDX")
  USING INDEX PCTFREE 10 INITRANS 2 MAXTRANS 255 COMPUTE STATISTICS 
  STORAGE(INITIAL 65536 NEXT 1048576 MINEXTENTS 1 MAXEXTENTS 2147483645
  PCTINCREASE 0 FREELISTS 1 FREELIST GROUPS 1 BUFFER_POOL DEFAULT FLASH_CACHE DEFAULT CELL_FLASH_CACHE DEFAULT)
  TABLESPACE "USERS"  ENABLE;
--------------------------------------------------------
--  Constraints for Table DELIVERY_INFO
--------------------------------------------------------

  ALTER TABLE "BOM"."DELIVERY_INFO" MODIFY ("IDX" NOT NULL ENABLE);
  ALTER TABLE "BOM"."DELIVERY_INFO" MODIFY ("MEMBER_ID" NOT NULL ENABLE);
  ALTER TABLE "BOM"."DELIVERY_INFO" MODIFY ("RECEIVER_NAME" NOT NULL ENABLE);
  ALTER TABLE "BOM"."DELIVERY_INFO" MODIFY ("RECEIVER_PHONE" NOT NULL ENABLE);
  ALTER TABLE "BOM"."DELIVERY_INFO" MODIFY ("RECEIVER_ZIPCODE" NOT NULL ENABLE);
  ALTER TABLE "BOM"."DELIVERY_INFO" MODIFY ("RECEIVER_ADDR_BASE" NOT NULL ENABLE);
  ALTER TABLE "BOM"."DELIVERY_INFO" ADD CONSTRAINT "DELIVERY_INFO_PK" PRIMARY KEY ("IDX")
  USING INDEX PCTFREE 10 INITRANS 2 MAXTRANS 255 COMPUTE STATISTICS 
  STORAGE(INITIAL 65536 NEXT 1048576 MINEXTENTS 1 MAXEXTENTS 2147483645
  PCTINCREASE 0 FREELISTS 1 FREELIST GROUPS 1 BUFFER_POOL DEFAULT FLASH_CACHE DEFAULT CELL_FLASH_CACHE DEFAULT)
  TABLESPACE "USERS"  ENABLE;
--------------------------------------------------------
--  Constraints for Table EVENT
--------------------------------------------------------

  ALTER TABLE "BOM"."EVENT" MODIFY ("IDX" NOT NULL ENABLE);
  ALTER TABLE "BOM"."EVENT" MODIFY ("THUMB" NOT NULL ENABLE);
  ALTER TABLE "BOM"."EVENT" MODIFY ("NAME" NOT NULL ENABLE);
  ALTER TABLE "BOM"."EVENT" MODIFY ("IMAGE1" NOT NULL ENABLE);
  ALTER TABLE "BOM"."EVENT" MODIFY ("START_DATE" NOT NULL ENABLE);
  ALTER TABLE "BOM"."EVENT" MODIFY ("END_DATE" NOT NULL ENABLE);
  ALTER TABLE "BOM"."EVENT" ADD CONSTRAINT "EVENT_PK" PRIMARY KEY ("IDX")
  USING INDEX PCTFREE 10 INITRANS 2 MAXTRANS 255 COMPUTE STATISTICS 
  STORAGE(INITIAL 65536 NEXT 1048576 MINEXTENTS 1 MAXEXTENTS 2147483645
  PCTINCREASE 0 FREELISTS 1 FREELIST GROUPS 1 BUFFER_POOL DEFAULT FLASH_CACHE DEFAULT CELL_FLASH_CACHE DEFAULT)
  TABLESPACE "USERS"  ENABLE;
--------------------------------------------------------
--  Constraints for Table SUBS
--------------------------------------------------------

  ALTER TABLE "BOM"."SUBS" MODIFY ("IDX" NOT NULL ENABLE);
  ALTER TABLE "BOM"."SUBS" MODIFY ("NAME" NOT NULL ENABLE);
  ALTER TABLE "BOM"."SUBS" MODIFY ("SUBHEADER" NOT NULL ENABLE);
  ALTER TABLE "BOM"."SUBS" MODIFY ("SUMMARY" NOT NULL ENABLE);
  ALTER TABLE "BOM"."SUBS" MODIFY ("PRICE" NOT NULL ENABLE);
  ALTER TABLE "BOM"."SUBS" MODIFY ("IMAGE1" NOT NULL ENABLE);
  ALTER TABLE "BOM"."SUBS" ADD CONSTRAINT "SUBS_PK" PRIMARY KEY ("IDX")
  USING INDEX PCTFREE 10 INITRANS 2 MAXTRANS 255 COMPUTE STATISTICS 
  STORAGE(INITIAL 65536 NEXT 1048576 MINEXTENTS 1 MAXEXTENTS 2147483645
  PCTINCREASE 0 FREELISTS 1 FREELIST GROUPS 1 BUFFER_POOL DEFAULT FLASH_CACHE DEFAULT CELL_FLASH_CACHE DEFAULT)
  TABLESPACE "USERS"  ENABLE;
--------------------------------------------------------
--  Ref Constraints for Table CART
--------------------------------------------------------

  ALTER TABLE "BOM"."CART" ADD CONSTRAINT "FK_CART_FLOWER_IDX_FLOWER_IDX" FOREIGN KEY ("FLOWER_IDX")
	  REFERENCES "BOM"."FLOWER" ("IDX") ON DELETE CASCADE ENABLE;
  ALTER TABLE "BOM"."CART" ADD CONSTRAINT "FK_CART_MEMBER_ID_MEMBER_ID" FOREIGN KEY ("MEMBER_ID")
	  REFERENCES "BOM"."MEMBER" ("ID") ON DELETE CASCADE ENABLE;
  ALTER TABLE "BOM"."CART" ADD CONSTRAINT "FK_CART_PRODUCT_IDX_PRODUCT_ID" FOREIGN KEY ("PRODUCT_IDX")
	  REFERENCES "BOM"."PRODUCT" ("IDX") ON DELETE CASCADE ENABLE;
  ALTER TABLE "BOM"."CART" ADD CONSTRAINT "FK_CART_SUBS_IDX_SUBS_IDX" FOREIGN KEY ("SUBS_IDX")
	  REFERENCES "BOM"."SUBS" ("IDX") ON DELETE CASCADE ENABLE;
--------------------------------------------------------
--  Ref Constraints for Table CHOICE
--------------------------------------------------------

  ALTER TABLE "BOM"."CHOICE" ADD CONSTRAINT "FK_CHOICE_CART_IDX_CART_IDX" FOREIGN KEY ("CART_IDX")
	  REFERENCES "BOM"."CART" ("IDX") ON DELETE CASCADE ENABLE;
  ALTER TABLE "BOM"."CHOICE" ADD CONSTRAINT "FK_CHOICE_PRODUCT_IDX_PRODUCT_" FOREIGN KEY ("PRODUCT_IDX")
	  REFERENCES "BOM"."PRODUCT" ("IDX") ON DELETE CASCADE ENABLE;
--------------------------------------------------------
--  Ref Constraints for Table COUPON
--------------------------------------------------------

  ALTER TABLE "BOM"."COUPON" ADD CONSTRAINT "FK_COUPON_MEMBER_ID_MEMBER_ID" FOREIGN KEY ("MEMBER_ID")
	  REFERENCES "BOM"."MEMBER" ("ID") ON DELETE CASCADE ENABLE;
--------------------------------------------------------
--  Ref Constraints for Table DELIVERY_INFO
--------------------------------------------------------

  ALTER TABLE "BOM"."DELIVERY_INFO" ADD CONSTRAINT "FK_DELIVERY_INFO_MEMBER_ID_MEM" FOREIGN KEY ("MEMBER_ID")
	  REFERENCES "BOM"."MEMBER" ("ID") ON DELETE CASCADE ENABLE;
--------------------------------------------------------
--  Ref Constraints for Table ECOMMENT
--------------------------------------------------------

  ALTER TABLE "BOM"."ECOMMENT" ADD CONSTRAINT "FK_ECOMMENT_EVENT_IDX_EVENT_ID" FOREIGN KEY ("EVENT_IDX")
	  REFERENCES "BOM"."EVENT" ("IDX") ON DELETE CASCADE ENABLE;
  ALTER TABLE "BOM"."ECOMMENT" ADD CONSTRAINT "FK_ECOMMENT_MEMBER_ID_MEMBER_I" FOREIGN KEY ("MEMBER_ID")
	  REFERENCES "BOM"."MEMBER" ("ID") ON DELETE CASCADE ENABLE;
--------------------------------------------------------
--  Ref Constraints for Table FCB
--------------------------------------------------------

  ALTER TABLE "BOM"."FCB" ADD CONSTRAINT "FCB_BRANCH_FK" FOREIGN KEY ("BRANCH_IDX")
	  REFERENCES "BOM"."BRANCH" ("IDX") ON DELETE CASCADE ENABLE;
  ALTER TABLE "BOM"."FCB" ADD CONSTRAINT "FCB_FCLASS_FK" FOREIGN KEY ("FCLASS_IDX")
	  REFERENCES "BOM"."FCLASS" ("IDX") ON DELETE CASCADE ENABLE;
--------------------------------------------------------
--  Ref Constraints for Table MAIN
--------------------------------------------------------

  ALTER TABLE "BOM"."MAIN" ADD CONSTRAINT "MAIN_FCLASS_IDX_BIG_FK" FOREIGN KEY ("FCLASS_IDX_BIG")
	  REFERENCES "BOM"."FCLASS" ("IDX") ENABLE;
  ALTER TABLE "BOM"."MAIN" ADD CONSTRAINT "MAIN_FCLASS_IDX_SMALL_FK" FOREIGN KEY ("FCLASS_IDX_SMALL")
	  REFERENCES "BOM"."FCLASS" ("IDX") ENABLE;
--------------------------------------------------------
--  Ref Constraints for Table MYQ
--------------------------------------------------------

  ALTER TABLE "BOM"."MYQ" ADD CONSTRAINT "FK_MYQ_MEMBER_ID_MEMBER_ID" FOREIGN KEY ("MEMBER_ID")
	  REFERENCES "BOM"."MEMBER" ("ID") ON DELETE CASCADE ENABLE;
--------------------------------------------------------
--  Ref Constraints for Table OCLASS
--------------------------------------------------------

  ALTER TABLE "BOM"."OCLASS" ADD CONSTRAINT "FK_OCLASS_MEMBER_ID_MEMBER_ID" FOREIGN KEY ("MEMBER_ID")
	  REFERENCES "BOM"."MEMBER" ("ID") ON DELETE CASCADE ENABLE;
  ALTER TABLE "BOM"."OCLASS" ADD CONSTRAINT "OCLASS_FK1" FOREIGN KEY ("SCHEDULE_IDX")
	  REFERENCES "BOM"."SCHEDULE" ("IDX") ON DELETE SET NULL ENABLE;
--------------------------------------------------------
--  Ref Constraints for Table OITEM
--------------------------------------------------------

  ALTER TABLE "BOM"."OITEM" ADD CONSTRAINT "FK_OITEM_ORDERS_IDX_ORDERS_IDX" FOREIGN KEY ("ORDERS_IDX")
	  REFERENCES "BOM"."ORDERS" ("IDX") ON DELETE CASCADE ENABLE;
--------------------------------------------------------
--  Ref Constraints for Table ORDERS
--------------------------------------------------------

  ALTER TABLE "BOM"."ORDERS" ADD CONSTRAINT "FK_ORDERS_MEMBER_ID_MEMBER_ID" FOREIGN KEY ("MEMBER_ID")
	  REFERENCES "BOM"."MEMBER" ("ID") ON DELETE CASCADE ENABLE;
--------------------------------------------------------
--  Ref Constraints for Table OSUBS
--------------------------------------------------------

  ALTER TABLE "BOM"."OSUBS" ADD CONSTRAINT "FK_OSUBS_OITEM_IDX_OITEM_IDX" FOREIGN KEY ("OITEM_IDX")
	  REFERENCES "BOM"."OITEM" ("IDX") ON DELETE CASCADE ENABLE;
--------------------------------------------------------
--  Ref Constraints for Table REVIEW
--------------------------------------------------------

  ALTER TABLE "BOM"."REVIEW" ADD CONSTRAINT "FK_REVIEW_MEMBER_ID_MEMBER_ID" FOREIGN KEY ("MEMBER_ID")
	  REFERENCES "BOM"."MEMBER" ("ID") ON DELETE CASCADE ENABLE;
--------------------------------------------------------
--  Ref Constraints for Table REVIEW_LIKE
--------------------------------------------------------

  ALTER TABLE "BOM"."REVIEW_LIKE" ADD CONSTRAINT "REVIEW_LIKE_MEMBER_FK" FOREIGN KEY ("MEMBER_ID")
	  REFERENCES "BOM"."MEMBER" ("ID") ENABLE;
  ALTER TABLE "BOM"."REVIEW_LIKE" ADD CONSTRAINT "REVIEW_LIKE_REVIEW_FK" FOREIGN KEY ("REVIEW_IDX")
	  REFERENCES "BOM"."REVIEW" ("IDX") ON DELETE CASCADE ENABLE;
--------------------------------------------------------
--  Ref Constraints for Table SCHEDULE
--------------------------------------------------------

  ALTER TABLE "BOM"."SCHEDULE" ADD CONSTRAINT "FK_SCHEDULE_BRANCH_IDX_BRANCH_" FOREIGN KEY ("BRANCH_IDX")
	  REFERENCES "BOM"."BRANCH" ("IDX") ON DELETE CASCADE ENABLE;
  ALTER TABLE "BOM"."SCHEDULE" ADD CONSTRAINT "FK_SCHEDULE_FCLASS_IDX_FCLASS_" FOREIGN KEY ("FCLASS_IDX")
	  REFERENCES "BOM"."FCLASS" ("IDX") ON DELETE CASCADE ENABLE;
